[2026-08-10 15:40:47.797366] [openram.globals/init_openram]: Initializing OpenRAM...
[2026-08-10 15:40:47.797569] [openram.globals/setup_paths]: Setting up paths...
[2026-08-10 15:40:47.797746] [openram.globals/setup_paths]: OpenRAM source code found in /scratch/prashanth/openram/OpenRAM/compiler
[2026-08-10 15:40:47.797937] [openram.globals/setup_paths]: Temporary files saved in /scratch/prashanth/openram/OpenRAM/runs/analytical_physical_remaining_20260810_154047/sram_512x64_analytical_physical/temp/
[2026-08-10 15:40:47.798225] [openram.globals/read_config]: Configuration file is /scratch/prashanth/openram/OpenRAM/configs/sram_64_512_1r1w_l0_typical_analytical_physical.py
[2026-08-10 15:40:47.799126] [openram.globals/read_config]: Output saved in /scratch/prashanth/openram/OpenRAM/./output_sram/sram_512x64_1r1w_l0_typical_analytical_physical/
[2026-08-10 15:40:47.799476] [openram.globals/import_tech]: Importing technology: sky130
[2026-08-10 15:40:47.799727] [openram.globals/import_tech]: Tech directory found in /scratch/prashanth/openram/OpenRAM/technology:/scratch/prashanth/openram/OpenRAM/technology
[2026-08-10 15:40:47.799993] [openram.globals/import_tech]: Adding technology path: /scratch/prashanth/openram/OpenRAM/technology
[2026-08-10 15:40:47.800240] [openram.globals/import_tech]: Adding technology path: /scratch/prashanth/openram/OpenRAM/technology
[2026-08-10 15:40:47.803497] [openram.globals/purge_temp]: Purging temp directory: /scratch/prashanth/openram/OpenRAM/runs/analytical_physical_remaining_20260810_154047/sram_512x64_analytical_physical/temp/
[2026-08-10 15:40:47.898729] [openram.globals/setup_bitcell]: Using bitcell: bitcell_2port
[2026-08-10 15:40:49.128021] [openram.characterizer/<module>]: Initializing characterizer...
[2026-08-10 15:40:49.144400] [openram.characterizer/<module>]: Analytical model enabled.
[2026-08-10 15:40:49.160720] [openram.verify/<module>]: Initializing verify...
[2026-08-10 15:40:49.176052] [openram.verify/<module>]: LVS/DRC/PEX disabled.
[2026-08-10 15:40:49.176778] [openram.globals/setup_bitcell]: Using bitcell: bitcell_2port
[2026-08-10 15:40:49.176875] |==============================================================================|
[2026-08-10 15:40:49.176931] |=========                      OpenRAM v1.2.49                       =========|
[2026-08-10 15:40:49.176975] |=========                                                            =========|
[2026-08-10 15:40:49.177016] |=========               VLSI Design and Automation Lab               =========|
[2026-08-10 15:40:49.177055] |=========        Computer Science and Engineering Department         =========|
[2026-08-10 15:40:49.177096] |=========            University of California Santa Cruz             =========|
[2026-08-10 15:40:49.177136] |=========                                                            =========|
[2026-08-10 15:40:49.177175] |=========          Usage help: openram-user-group@ucsc.edu           =========|
[2026-08-10 15:40:49.177214] |=========        Development help: openram-dev-group@ucsc.edu        =========|
[2026-08-10 15:40:49.177255] |=========                See LICENSE for license info                =========|
[2026-08-10 15:40:49.177294] |==============================================================================|
[2026-08-10 15:40:49.177347] ** Start: 08/10/2026 15:40:49
[2026-08-10 15:40:49.177393] Technology: sky130
[2026-08-10 15:40:49.177441] Total size: 32768 bits
[2026-08-10 15:40:49.177483] Word size: 512
Words: 64
Banks: 1
[2026-08-10 15:40:49.177525] RW ports: 0
R-only ports: 1
W-only ports: 1
[2026-08-10 15:40:49.177566] DRC/LVS/PEX is only run on the top-level design to save run-time (inline_lvsdrc=True to do inline checking).
[2026-08-10 15:40:49.177605] DRC/LVS/PEX is disabled (check_lvsdrc=True to enable).
[2026-08-10 15:40:49.177651] Characterization is disabled (using analytical delay models) (analytical_delay=False to simulate).
[2026-08-10 15:40:49.177695] Words per row: 1
[2026-08-10 15:40:49.177753] Output files are: 
[2026-08-10 15:40:49.177796] /scratch/prashanth/openram/OpenRAM/./output_sram/sram_512x64_1r1w_l0_typical_analytical_physical/sky130_sram_512x64.lvs
[2026-08-10 15:40:49.177847] /scratch/prashanth/openram/OpenRAM/./output_sram/sram_512x64_1r1w_l0_typical_analytical_physical/sky130_sram_512x64.sp
[2026-08-10 15:40:49.177888] /scratch/prashanth/openram/OpenRAM/./output_sram/sram_512x64_1r1w_l0_typical_analytical_physical/sky130_sram_512x64.v
[2026-08-10 15:40:49.177928] /scratch/prashanth/openram/OpenRAM/./output_sram/sram_512x64_1r1w_l0_typical_analytical_physical/sky130_sram_512x64.lib
[2026-08-10 15:40:49.177967] /scratch/prashanth/openram/OpenRAM/./output_sram/sram_512x64_1r1w_l0_typical_analytical_physical/sky130_sram_512x64.py
[2026-08-10 15:40:49.178006] /scratch/prashanth/openram/OpenRAM/./output_sram/sram_512x64_1r1w_l0_typical_analytical_physical/sky130_sram_512x64.html
[2026-08-10 15:40:49.178043] /scratch/prashanth/openram/OpenRAM/./output_sram/sram_512x64_1r1w_l0_typical_analytical_physical/sky130_sram_512x64.log
[2026-08-10 15:40:49.178080] /scratch/prashanth/openram/OpenRAM/./output_sram/sram_512x64_1r1w_l0_typical_analytical_physical/sky130_sram_512x64.lef
[2026-08-10 15:40:49.178118] /scratch/prashanth/openram/OpenRAM/./output_sram/sram_512x64_1r1w_l0_typical_analytical_physical/sky130_sram_512x64.gds
[2026-08-10 15:40:49.256558] [openram.modules.bitcell_2port/__init__]: Create bitcell with 2 ports
[2026-08-10 15:40:49.257042] [openram.sram_config/recompute_sizes]: Recomputing with words per row: 1
[2026-08-10 15:40:49.257490] [openram.sram_config/recompute_sizes]: Rows: 64 Cols: 512
[2026-08-10 15:40:49.257987] [openram.sram_config/recompute_sizes]: Row addr size: 6 Col addr size: 0 Bank addr size: 6
[2026-08-10 15:40:49.258371] [openram.sram_config/compute_sizes]: Set SRAM Words Per Row=1
[2026-08-10 15:40:49.258708] [openram.sram/__init__]: create sram of size 512 with 64 num of words 1 banks
[2026-08-10 15:40:49.277188] [openram.modules.bank/__init__]: create sram of size 512 with 64 words
[2026-08-10 15:40:49.280739] [openram.modules.bitcell_base_array/__init__]: Creating sky130_sram_512x64_capped_replica_bitcell_array 64 x 512
[2026-08-10 15:40:49.281439] [openram.modules.capped_replica_bitcell_array/__init__]: Creating sky130_sram_512x64_capped_replica_bitcell_array 64 x 512 rbls: [1, 1] left_rbl: [0] right_rbl: [1]
[2026-08-10 15:40:49.282727] [openram.modules.bitcell_base_array/__init__]: Creating sky130_sram_512x64_replica_bitcell_array 64 x 512
[2026-08-10 15:40:49.283592] [openram.modules.replica_bitcell_array/__init__]: Creating sky130_sram_512x64_replica_bitcell_array 64 x 512 rbls: [1, 1] left_rbl: [0] right_rbl: [1]
[2026-08-10 15:40:49.285004] [openram.modules.bitcell_base_array/__init__]: Creating sky130_sram_512x64_bitcell_array 64 x 512
[2026-08-10 15:40:49.286060] [openram.modules.bitcell_array/__init__]: Creating sky130_sram_512x64_bitcell_array 64 x 512
[2026-08-10 15:48:38.700955] [openram.modules.bitcell_base_array/__init__]: Creating sky130_sram_512x64_replica_column 66 x 1
[2026-08-10 15:48:38.719259] [openram.modules.replica_bitcell_2port/__init__]: Create replica bitcell 2 port object
[2026-08-10 15:48:38.734785] [openram.modules.dummy_bitcell_2port/__init__]: Create dummy bitcell 2 port object
[2026-08-10 15:48:38.768812] [openram.modules.bitcell_base_array/__init__]: Creating sky130_sram_512x64_replica_column_0 66 x 1
[2026-08-10 15:48:38.802280] [openram.modules.bitcell_base_array/__init__]: Creating sky130_sram_512x64_dummy_array 1 x 512
[2026-08-10 15:48:45.678652] [openram.modules.bitcell_base_array/__init__]: Creating sky130_sram_512x64_col_cap_array 1 x 514
[2026-08-10 15:48:45.681869] [openram.modules.col_cap_bitcell_2port/__init__]: Create col_cap bitcell 2 port object
[2026-08-10 15:48:45.937743] [openram.modules.bitcell_base_array/__init__]: Creating sky130_sram_512x64_col_cap_array_0 1 x 514
[2026-08-10 15:48:46.195686] [openram.modules.bitcell_base_array/__init__]: Creating sky130_sram_512x64_row_cap_array 66 x 1
[2026-08-10 15:48:46.199469] [openram.modules.row_cap_bitcell_2port/__init__]: Create row_cap bitcell 2 port object
[2026-08-10 15:48:46.220590] [openram.modules.bitcell_base_array/__init__]: Creating sky130_sram_512x64_row_cap_array_0 66 x 1
[2026-08-10 15:48:47.447807] [openram.modules.port_address/__init__]: create data port of cols 512 rows 64
[2026-08-10 15:48:47.449085] [openram.modules.and2_dec/__init__]: Creating and2_dec and2_dec
[2026-08-10 15:48:47.458705] [openram.modules.pinv_dec/__init__]: creating pinv_dec structure pinv_dec with size of 1
[2026-08-10 15:48:47.459568] [openram.modules.pinv/__init__]: creating pinv structure pinv_dec with size of 1
[2026-08-10 15:48:47.472399] [openram.modules.and3_dec/__init__]: Creating and3_dec and3_dec
[2026-08-10 15:48:47.499237] [openram.modules.and4_dec/__init__]: Creating and4_dec and4_dec
[2026-08-10 15:48:47.670893] [openram.modules.wordline_driver_array/__init__]: Creating sky130_sram_512x64_wordline_driver_array
[2026-08-10 15:48:47.671640] [openram.modules.wordline_driver/__init__]: Creating wordline_driver wordline_driver
[2026-08-10 15:48:47.672556] [openram.modules.pinv_dec/__init__]: creating pinv_dec structure pinv_dec_0 with size of 128
[2026-08-10 15:48:47.673300] [openram.modules.pinv/__init__]: creating pinv structure pinv_dec_0 with size of 128
[2026-08-10 15:48:47.767787] [openram.modules.and2_dec/__init__]: Creating and2_dec and2_dec_0
[2026-08-10 15:48:47.797276] [openram.modules.port_address/__init__]: create data port of cols 512 rows 64
[2026-08-10 15:48:47.827487] [openram.modules.port_data/__init__]: create data port of size 512 with 1 words per row
[2026-08-10 15:48:47.828238] [openram.modules.precharge/__init__]: creating precharge cell precharge
[2026-08-10 15:48:47.834558] [openram.modules.precharge_array/__init__]: Creating sky130_sram_512x64_precharge_array
[2026-08-10 15:48:47.835303] [openram.modules.precharge/__init__]: creating precharge cell precharge_0
[2026-08-10 15:48:48.256614] [openram.modules.write_driver_array/__init__]: Creating sky130_sram_512x64_write_driver_array
[2026-08-10 15:48:48.263531] [openram.modules.write_driver/__init__]: Create write_driver
[2026-08-10 15:48:49.265126] [openram.modules.port_data/__init__]: create data port of size 512 with 1 words per row
[2026-08-10 15:48:49.268302] [openram.modules.precharge_array/__init__]: Creating sky130_sram_512x64_precharge_array_0
[2026-08-10 15:48:49.269059] [openram.modules.precharge/__init__]: creating precharge cell precharge_1
[2026-08-10 15:48:49.690156] [openram.modules.sense_amp_array/__init__]: Creating sky130_sram_512x64_sense_amp_array
[2026-08-10 15:48:49.697697] [openram.modules.sense_amp/__init__]: Create sense_amp
[2026-08-10 15:48:52.039941] [openram.modules.dff_array/__init__]: Creating sky130_sram_512x64_row_addr_dff rows=6 cols=1
[2026-08-10 15:48:52.049383] [openram.modules.dff_array/__init__]: Creating sky130_sram_512x64_data_dff rows=1 cols=512
[2026-08-10 15:48:52.411582] [openram.modules.control_logic_base/__init__]: Creating control_logic_w
[2026-08-10 15:48:52.412367] [openram.modules.dff_buf/__init__]: Creating sky130_sram_512x64_dff_buf
[2026-08-10 15:48:52.412933] [openram.modules.pinv/__init__]: creating pinv structure pinv with size of 2
[2026-08-10 15:48:52.415139] [openram.modules.pinv/determine_tx_mults]: Height avail 6.0800 PMOS 2.9350 NMOS 2.9350
[2026-08-10 15:48:52.416647] [openram.modules.pinv/determine_tx_mults]: prebinning pmos tx, target: 2.16, found 1.26 x 2 = 2.52
[2026-08-10 15:48:52.417417] [openram.modules.pinv/determine_tx_mults]: prebinning nmos tx, target: 0.72, found 0.74 x 1 = 0.74
[2026-08-10 15:48:52.418209] [openram.modules.pinv/determine_tx_mults]: pinv bin count: 2 pinv bin error: 0.19444444444444442 percent error 0.09722222222222221
[2026-08-10 15:48:52.422351] [openram.modules.pinv/__init__]: creating pinv structure pinv_0 with size of 4
[2026-08-10 15:48:52.423305] [openram.modules.pinv/determine_tx_mults]: Height avail 6.0800 PMOS 2.9350 NMOS 2.9350
[2026-08-10 15:48:52.424119] [openram.modules.pinv/determine_tx_mults]: prebinning pmos tx, target: 4.32, found 1.68 x 3 = 5.04
[2026-08-10 15:48:52.424861] [openram.modules.pinv/determine_tx_mults]: prebinning nmos tx, target: 1.44, found 1.68 x 1 = 1.68
[2026-08-10 15:48:52.425648] [openram.modules.pinv/determine_tx_mults]: pinv bin count: 4 pinv bin error: 0.5277777777777777 percent error 0.13194444444444442
[2026-08-10 15:48:52.431874] [openram.modules.dff_buf_array/__init__]: Creating sky130_sram_512x64_dff_buf_array
[2026-08-10 15:48:52.432601] [openram.modules.dff_buf/__init__]: Creating sky130_sram_512x64_dff_buf_0
[2026-08-10 15:48:52.436337] [openram.modules.pand2/__init__]: Creating pand2 pand2
[2026-08-10 15:48:52.437199] [openram.modules.pnand2/__init__]: creating pnand2 structure pnand2 with size of 1
[2026-08-10 15:48:52.441894] [openram.modules.pdriver/__init__]: creating pdriver pdriver
[2026-08-10 15:48:52.442927] [openram.modules.pinv/__init__]: creating pinv structure pinv_1 with size of 12
[2026-08-10 15:48:52.443970] [openram.modules.pinv/determine_tx_mults]: Height avail 6.0800 PMOS 2.9350 NMOS 2.9350
[2026-08-10 15:48:52.444940] [openram.modules.pinv/determine_tx_mults]: prebinning pmos tx, target: 12.959999999999999, found 2.0 x 7 = 14.0
[2026-08-10 15:48:52.445857] [openram.modules.pinv/determine_tx_mults]: prebinning nmos tx, target: 4.32, found 1.68 x 3 = 5.04
[2026-08-10 15:48:52.446806] [openram.modules.pinv/determine_tx_mults]: pinv bin count: 6 pinv bin error: 0.7746913580246914 percent error 0.12911522633744857
[2026-08-10 15:48:52.453689] [openram.modules.pbuf/__init__]: creating pbuf with size of 512
[2026-08-10 15:48:52.454468] [openram.modules.pinv/__init__]: creating pinv structure pinv_2 with size of 128
[2026-08-10 15:48:52.455354] [openram.modules.pinv/determine_tx_mults]: Height avail 6.0800 PMOS 2.9350 NMOS 2.9350
[2026-08-10 15:48:52.456192] [openram.modules.pinv/determine_tx_mults]: prebinning pmos tx, target: 138.24, found 2.0 x 70 = 140.0
[2026-08-10 15:48:52.456967] [openram.modules.pinv/determine_tx_mults]: prebinning nmos tx, target: 46.08, found 2.0 x 24 = 48.0
[2026-08-10 15:48:52.457785] [openram.modules.pinv/determine_tx_mults]: pinv bin count: 8 pinv bin error: 0.8290895061728395 percent error 0.10363618827160494
[2026-08-10 15:48:52.485001] [openram.modules.pinv/__init__]: creating pinv structure pinv_3 with size of 512
[2026-08-10 15:48:52.486029] [openram.modules.pinv/determine_tx_mults]: Height avail 6.0800 PMOS 2.9350 NMOS 2.9350
[2026-08-10 15:48:52.486889] [openram.modules.pinv/determine_tx_mults]: prebinning pmos tx, target: 552.96, found 2.0 x 277 = 554.0
[2026-08-10 15:48:52.487682] [openram.modules.pinv/determine_tx_mults]: prebinning nmos tx, target: 184.32, found 2.0 x 93 = 186.0
[2026-08-10 15:48:52.488504] [openram.modules.pinv/determine_tx_mults]: pinv bin count: 10 pinv bin error: 0.8400848765432098 percent error 0.08400848765432098
[2026-08-10 15:48:52.588907] [openram.modules.pdriver/__init__]: creating pdriver pdriver_0
[2026-08-10 15:48:52.589820] [openram.modules.pinv/__init__]: creating pinv structure pinv_4 with size of 1
[2026-08-10 15:48:52.590715] [openram.modules.pinv/determine_tx_mults]: Height avail 6.0800 PMOS 2.9350 NMOS 2.9350
[2026-08-10 15:48:52.591523] [openram.modules.pinv/determine_tx_mults]: prebinning pmos tx, target: 1.08, found 1.12 x 1 = 1.12
[2026-08-10 15:48:52.592305] [openram.modules.pinv/determine_tx_mults]: prebinning nmos tx, target: 0.36, found 0.36 x 1 = 0.36
[2026-08-10 15:48:52.593113] [openram.modules.pinv/determine_tx_mults]: pinv bin count: 12 pinv bin error: 0.8771219135802469 percent error 0.0730934927983539
[2026-08-10 15:48:52.595197] [openram.modules.pinv/__init__]: creating pinv structure pinv_5 with size of 4
[2026-08-10 15:48:52.596117] [openram.modules.pinv/determine_tx_mults]: Height avail 6.0800 PMOS 2.9350 NMOS 2.9350
[2026-08-10 15:48:52.596954] [openram.modules.pinv/determine_tx_mults]: prebinning pmos tx, target: 4.32, found 1.68 x 3 = 5.04
[2026-08-10 15:48:52.597742] [openram.modules.pinv/determine_tx_mults]: prebinning nmos tx, target: 1.44, found 1.68 x 1 = 1.68
[2026-08-10 15:48:52.598567] [openram.modules.pinv/determine_tx_mults]: pinv bin count: 14 pinv bin error: 1.2104552469135803 percent error 0.08646108906525574
[2026-08-10 15:48:52.600640] [openram.modules.pinv/__init__]: creating pinv structure pinv_6 with size of 11
[2026-08-10 15:48:52.601505] [openram.modules.pinv/determine_tx_mults]: Height avail 6.0800 PMOS 2.9350 NMOS 2.9350
[2026-08-10 15:48:52.602306] [openram.modules.pinv/determine_tx_mults]: prebinning pmos tx, target: 11.879999999999999, found 2.0 x 6 = 12.0
[2026-08-10 15:48:52.603046] [openram.modules.pinv/determine_tx_mults]: prebinning nmos tx, target: 3.96, found 2.0 x 2 = 4.0
[2026-08-10 15:48:52.603811] [openram.modules.pinv/determine_tx_mults]: pinv bin count: 16 pinv bin error: 1.2306572671156006 percent error 0.07691607919472504
[2026-08-10 15:48:52.608709] [openram.modules.pinv/__init__]: creating pinv structure pinv_7 with size of 32
[2026-08-10 15:48:52.609613] [openram.modules.pinv/determine_tx_mults]: Height avail 6.0800 PMOS 2.9350 NMOS 2.9350
[2026-08-10 15:48:52.610473] [openram.modules.pinv/determine_tx_mults]: prebinning pmos tx, target: 34.56, found 2.0 x 18 = 36.0
[2026-08-10 15:48:52.611255] [openram.modules.pinv/determine_tx_mults]: prebinning nmos tx, target: 11.52, found 2.0 x 6 = 12.0
[2026-08-10 15:48:52.612060] [openram.modules.pinv/determine_tx_mults]: pinv bin count: 18 pinv bin error: 1.313990600448934 percent error 0.07299947780271855
[2026-08-10 15:48:52.621331] [openram.modules.pinv/__init__]: creating pinv structure pinv_8 with size of 96
[2026-08-10 15:48:52.622361] [openram.modules.pinv/determine_tx_mults]: Height avail 6.0800 PMOS 2.9350 NMOS 2.9350
[2026-08-10 15:48:52.623215] [openram.modules.pinv/determine_tx_mults]: prebinning pmos tx, target: 103.67999999999999, found 2.0 x 52 = 104.0
[2026-08-10 15:48:52.624000] [openram.modules.pinv/determine_tx_mults]: prebinning nmos tx, target: 34.56, found 2.0 x 18 = 36.0
[2026-08-10 15:48:52.624810] [openram.modules.pinv/determine_tx_mults]: pinv bin count: 20 pinv bin error: 1.3587436868686869 percent error 0.06793718434343435
[2026-08-10 15:48:52.644156] [openram.modules.pinv/__init__]: creating pinv structure pinv_9 with size of 289
[2026-08-10 15:48:52.645155] [openram.modules.pinv/determine_tx_mults]: Height avail 6.0800 PMOS 2.9350 NMOS 2.9350
[2026-08-10 15:48:52.646016] [openram.modules.pinv/determine_tx_mults]: prebinning pmos tx, target: 312.12, found 2.0 x 157 = 314.0
[2026-08-10 15:48:52.646816] [openram.modules.pinv/determine_tx_mults]: prebinning nmos tx, target: 104.03999999999999, found 2.0 x 53 = 106.0
[2026-08-10 15:48:52.647658] [openram.modules.pinv/determine_tx_mults]: pinv bin count: 22 pinv bin error: 1.383605919343376 percent error 0.06289117815197164
[2026-08-10 15:48:52.703714] [openram.modules.pinv/__init__]: creating pinv structure pinv_10 with size of 867
[2026-08-10 15:48:52.704773] [openram.modules.pinv/determine_tx_mults]: Height avail 6.0800 PMOS 2.9350 NMOS 2.9350
[2026-08-10 15:48:52.705665] [openram.modules.pinv/determine_tx_mults]: prebinning pmos tx, target: 936.36, found 2.0 x 469 = 938.0
[2026-08-10 15:48:52.706486] [openram.modules.pinv/determine_tx_mults]: prebinning nmos tx, target: 312.12, found 2.0 x 157 = 314.0
[2026-08-10 15:48:52.707331] [openram.modules.pinv/determine_tx_mults]: pinv bin count: 24 pinv bin error: 1.3913807068182789 percent error 0.05797419611742829
[2026-08-10 15:48:52.877427] [openram.modules.pdriver/__init__]: creating pdriver pdriver_1
[2026-08-10 15:48:52.878338] [openram.modules.pinv/__init__]: creating pinv structure pinv_11 with size of 7
[2026-08-10 15:48:52.879247] [openram.modules.pinv/determine_tx_mults]: Height avail 6.0800 PMOS 2.9350 NMOS 2.9350
[2026-08-10 15:48:52.880096] [openram.modules.pinv/determine_tx_mults]: prebinning pmos tx, target: 7.56, found 2.0 x 4 = 8.0
[2026-08-10 15:48:52.880892] [openram.modules.pinv/determine_tx_mults]: prebinning nmos tx, target: 2.52, found 1.26 x 2 = 2.52
[2026-08-10 15:48:52.881678] [openram.modules.pinv/determine_tx_mults]: pinv bin count: 26 pinv bin error: 1.449581765019337 percent error 0.05575314480843604
[2026-08-10 15:48:52.886274] [openram.modules.pinv/__init__]: creating pinv structure pinv_12 with size of 21
[2026-08-10 15:48:52.887224] [openram.modules.pinv/determine_tx_mults]: Height avail 6.0800 PMOS 2.9350 NMOS 2.9350
[2026-08-10 15:48:52.888073] [openram.modules.pinv/determine_tx_mults]: prebinning pmos tx, target: 22.68, found 2.0 x 12 = 24.0
[2026-08-10 15:48:52.888889] [openram.modules.pinv/determine_tx_mults]: prebinning nmos tx, target: 7.56, found 2.0 x 4 = 8.0
[2026-08-10 15:48:52.889744] [openram.modules.pinv/determine_tx_mults]: pinv bin count: 28 pinv bin error: 1.5659838814214533 percent error 0.055927995765051905
[2026-08-10 15:48:52.898562] [openram.modules.pand3/__init__]: Creating pand3 pand3
[2026-08-10 15:48:52.899470] [openram.modules.pnand3/__init__]: creating pnand3 structure pnand3 with size of 1
[2026-08-10 15:48:52.903432] [openram.modules.pdriver/__init__]: creating pdriver pdriver_2
[2026-08-10 15:48:52.904380] [openram.modules.pinv/__init__]: creating pinv structure pinv_13 with size of 520
[2026-08-10 15:48:52.905420] [openram.modules.pinv/determine_tx_mults]: Height avail 6.0800 PMOS 2.9350 NMOS 2.9350
[2026-08-10 15:48:52.906442] [openram.modules.pinv/determine_tx_mults]: prebinning pmos tx, target: 561.6, found 2.0 x 281 = 562.0
[2026-08-10 15:48:52.907398] [openram.modules.pinv/determine_tx_mults]: prebinning nmos tx, target: 187.2, found 2.0 x 94 = 188.0
[2026-08-10 15:48:52.908379] [openram.modules.pinv/determine_tx_mults]: pinv bin count: 30 pinv bin error: 1.570969636407208 percent error 0.052365654546906934
[2026-08-10 15:48:53.009704] [openram.modules.pand3/__init__]: Creating pand3 pand3_0
[2026-08-10 15:48:53.010588] [openram.modules.pdriver/__init__]: creating pdriver pdriver_3
[2026-08-10 15:48:53.011504] [openram.modules.pinv/__init__]: creating pinv structure pinv_14 with size of 512
[2026-08-10 15:48:53.012562] [openram.modules.pinv/determine_tx_mults]: Height avail 6.0800 PMOS 2.9350 NMOS 2.9350
[2026-08-10 15:48:53.013578] [openram.modules.pinv/determine_tx_mults]: prebinning pmos tx, target: 552.96, found 2.0 x 277 = 554.0
[2026-08-10 15:48:53.014537] [openram.modules.pinv/determine_tx_mults]: prebinning nmos tx, target: 184.32, found 2.0 x 93 = 186.0
[2026-08-10 15:48:53.015515] [openram.modules.pinv/determine_tx_mults]: pinv bin count: 32 pinv bin error: 1.5819650067775783 percent error 0.04943640646179932
[2026-08-10 15:48:53.038011] [openram.modules.pinv/__init__]: creating pinv structure pinv_15 with size of 1
[2026-08-10 15:48:53.038920] [openram.modules.pinv/determine_tx_mults]: Height avail 6.0800 PMOS 2.9350 NMOS 2.9350
[2026-08-10 15:48:53.039636] [openram.modules.pinv/determine_tx_mults]: prebinning pmos tx, target: 1.08, found 1.12 x 1 = 1.12
[2026-08-10 15:48:53.040314] [openram.modules.pinv/determine_tx_mults]: prebinning nmos tx, target: 0.36, found 0.36 x 1 = 0.36
[2026-08-10 15:48:53.041016] [openram.modules.pinv/determine_tx_mults]: pinv bin count: 34 pinv bin error: 1.6190020438146153 percent error 0.0476177071710181
[2026-08-10 15:48:53.043004] [openram.modules.pdriver/__init__]: creating pdriver pdriver_4
[2026-08-10 15:48:53.043868] [openram.modules.pinv/__init__]: creating pinv structure pinv_16 with size of 2
[2026-08-10 15:48:53.044810] [openram.modules.pinv/determine_tx_mults]: Height avail 6.0800 PMOS 2.9350 NMOS 2.9350
[2026-08-10 15:48:53.045712] [openram.modules.pinv/determine_tx_mults]: prebinning pmos tx, target: 2.16, found 1.26 x 2 = 2.52
[2026-08-10 15:48:53.046544] [openram.modules.pinv/determine_tx_mults]: prebinning nmos tx, target: 0.72, found 0.74 x 1 = 0.74
[2026-08-10 15:48:53.047402] [openram.modules.pinv/determine_tx_mults]: pinv bin count: 36 pinv bin error: 1.8134464882590597 percent error 0.05037351356275166
[2026-08-10 15:48:53.049668] [openram.modules.pinv/__init__]: creating pinv structure pinv_17 with size of 6
[2026-08-10 15:48:53.050772] [openram.modules.pinv/determine_tx_mults]: Height avail 6.0800 PMOS 2.9350 NMOS 2.9350
[2026-08-10 15:48:53.051668] [openram.modules.pinv/determine_tx_mults]: prebinning pmos tx, target: 6.4799999999999995, found 2.0 x 4 = 8.0
[2026-08-10 15:48:53.052507] [openram.modules.pinv/determine_tx_mults]: prebinning nmos tx, target: 2.16, found 1.26 x 2 = 2.52
[2026-08-10 15:48:53.053364] [openram.modules.pinv/determine_tx_mults]: pinv bin count: 38 pinv bin error: 2.2146810561602943 percent error 0.0582810804252709
[2026-08-10 15:48:53.055813] [openram.modules.pinv/__init__]: creating pinv structure pinv_18 with size of 19
[2026-08-10 15:48:53.056807] [openram.modules.pinv/determine_tx_mults]: Height avail 6.0800 PMOS 2.9350 NMOS 2.9350
[2026-08-10 15:48:53.057705] [openram.modules.pinv/determine_tx_mults]: prebinning pmos tx, target: 20.52, found 2.0 x 11 = 22.0
[2026-08-10 15:48:53.058540] [openram.modules.pinv/determine_tx_mults]: prebinning nmos tx, target: 6.84, found 2.0 x 4 = 8.0
[2026-08-10 15:48:53.059394] [openram.modules.pinv/determine_tx_mults]: pinv bin count: 40 pinv bin error: 2.4563964557704305 percent error 0.06140991139426076
[2026-08-10 15:48:53.066500] [openram.modules.pinv/__init__]: creating pinv structure pinv_19 with size of 57
[2026-08-10 15:48:53.067474] [openram.modules.pinv/determine_tx_mults]: Height avail 6.0800 PMOS 2.9350 NMOS 2.9350
[2026-08-10 15:48:53.068363] [openram.modules.pinv/determine_tx_mults]: prebinning pmos tx, target: 61.559999999999995, found 2.0 x 31 = 62.0
[2026-08-10 15:48:53.069187] [openram.modules.pinv/determine_tx_mults]: prebinning nmos tx, target: 20.52, found 2.0 x 11 = 22.0
[2026-08-10 15:48:53.070039] [openram.modules.pinv/determine_tx_mults]: pinv bin count: 42 pinv bin error: 2.5356687104812816 percent error 0.06037306453526861
[2026-08-10 15:48:53.084560] [openram.modules.pinv/__init__]: creating pinv structure pinv_20 with size of 171
[2026-08-10 15:48:53.085608] [openram.modules.pinv/determine_tx_mults]: Height avail 6.0800 PMOS 2.9350 NMOS 2.9350
[2026-08-10 15:48:53.086624] [openram.modules.pinv/determine_tx_mults]: prebinning pmos tx, target: 184.68, found 2.0 x 93 = 186.0
[2026-08-10 15:48:53.087478] [openram.modules.pinv/determine_tx_mults]: prebinning nmos tx, target: 61.559999999999995, found 2.0 x 31 = 62.0
[2026-08-10 15:48:53.088350] [openram.modules.pinv/determine_tx_mults]: pinv bin count: 44 pinv bin error: 2.549963707232419 percent error 0.05795372061891861
[2026-08-10 15:48:53.126314] [openram.modules.pnand2/__init__]: creating pnand2 structure pnand2_0 with size of 1
[2026-08-10 15:48:53.129556] [openram.modules.delay_chain/__init__]: creating delay chain [4, 4, 4, 4, 4, 4, 4, 4, 4]
[2026-08-10 15:48:53.130188] [openram.modules.pinv/__init__]: creating pinv structure pinv_21 with size of 1
[2026-08-10 15:48:53.131065] [openram.modules.pinv/determine_tx_mults]: Height avail 6.0800 PMOS 2.9350 NMOS 2.9350
[2026-08-10 15:48:53.131853] [openram.modules.pinv/determine_tx_mults]: prebinning pmos tx, target: 1.08, found 1.12 x 1 = 1.12
[2026-08-10 15:48:53.132601] [openram.modules.pinv/determine_tx_mults]: prebinning nmos tx, target: 0.36, found 0.36 x 1 = 0.36
[2026-08-10 15:48:53.133387] [openram.modules.pinv/determine_tx_mults]: pinv bin count: 46 pinv bin error: 2.587000744269456 percent error 0.05623914661455339
[2026-08-10 15:48:53.176619] [openram.modules.control_logic_base/__init__]: Creating control_logic_r
[2026-08-10 15:48:53.208050] ** Submodules: 483.9 seconds
[2026-08-10 15:48:55.291494] ** Placement: 2.1 seconds
[2026-08-10 15:56:53.663513] [openram.base.hierarchy_layout/get_bbox]: Size: 3426.6000000000004 x 577.79 with perimeter margin 0
[2026-08-10 15:56:53.889154] [openram.router.router_tech/__init__]: Minimum track width: 0.680
[2026-08-10 15:56:53.889653] [openram.router.router_tech/__init__]: Minimum track space: 0.300
[2026-08-10 15:56:53.890099] [openram.router.router_tech/__init__]: Minimum track wire width: 0.380
[2026-08-10 15:56:53.890552] [openram.router.router_tech/__init__]: Track factor: v[1.4705882352941178,1.4705882352941178]
[2026-08-10 15:56:53.890918] [openram.router.signal_escape_router/route]: Running signal escape router...
[2026-08-10 16:06:38.349725] [openram.router.signal_escape_router/route]: Routed 1 of 1040 signal pins
[2026-08-10 16:06:48.398520] [openram.router.signal_escape_router/route]: Routed 2 of 1040 signal pins
[2026-08-10 16:07:00.261248] [openram.router.signal_escape_router/route]: Routed 3 of 1040 signal pins
[2026-08-10 16:07:11.056564] [openram.router.signal_escape_router/route]: Routed 4 of 1040 signal pins
[2026-08-10 16:07:22.903046] [openram.router.signal_escape_router/route]: Routed 5 of 1040 signal pins
[2026-08-10 16:07:33.948032] [openram.router.signal_escape_router/route]: Routed 6 of 1040 signal pins
[2026-08-10 16:07:41.678306] [openram.router.signal_escape_router/route]: Routed 7 of 1040 signal pins
[2026-08-10 16:07:53.000479] [openram.router.signal_escape_router/route]: Routed 8 of 1040 signal pins
[2026-08-10 16:08:04.349752] [openram.router.signal_escape_router/route]: Routed 9 of 1040 signal pins
[2026-08-10 16:08:15.882042] [openram.router.signal_escape_router/route]: Routed 10 of 1040 signal pins
[2026-08-10 16:08:27.423855] [openram.router.signal_escape_router/route]: Routed 11 of 1040 signal pins
[2026-08-10 16:08:38.953245] [openram.router.signal_escape_router/route]: Routed 12 of 1040 signal pins
[2026-08-10 16:08:50.549757] [openram.router.signal_escape_router/route]: Routed 13 of 1040 signal pins
[2026-08-10 16:09:02.278379] [openram.router.signal_escape_router/route]: Routed 14 of 1040 signal pins
[2026-08-10 16:09:13.195192] [openram.router.signal_escape_router/route]: Routed 15 of 1040 signal pins
[2026-08-10 16:09:25.166482] [openram.router.signal_escape_router/route]: Routed 16 of 1040 signal pins
[2026-08-10 16:09:36.190389] [openram.router.signal_escape_router/route]: Routed 17 of 1040 signal pins
[2026-08-10 16:09:47.371020] [openram.router.signal_escape_router/route]: Routed 18 of 1040 signal pins
[2026-08-10 16:09:58.741155] [openram.router.signal_escape_router/route]: Routed 19 of 1040 signal pins
[2026-08-10 16:10:10.092321] [openram.router.signal_escape_router/route]: Routed 20 of 1040 signal pins
[2026-08-10 16:10:20.911544] [openram.router.signal_escape_router/route]: Routed 21 of 1040 signal pins
[2026-08-10 16:10:33.252322] [openram.router.signal_escape_router/route]: Routed 22 of 1040 signal pins
[2026-08-10 16:10:44.299151] [openram.router.signal_escape_router/route]: Routed 23 of 1040 signal pins
[2026-08-10 16:10:55.194390] [openram.router.signal_escape_router/route]: Routed 24 of 1040 signal pins
[2026-08-10 16:11:06.171329] [openram.router.signal_escape_router/route]: Routed 25 of 1040 signal pins
[2026-08-10 16:11:17.345280] [openram.router.signal_escape_router/route]: Routed 26 of 1040 signal pins
[2026-08-10 16:11:28.559840] [openram.router.signal_escape_router/route]: Routed 27 of 1040 signal pins
[2026-08-10 16:11:39.628014] [openram.router.signal_escape_router/route]: Routed 28 of 1040 signal pins
[2026-08-10 16:11:51.120727] [openram.router.signal_escape_router/route]: Routed 29 of 1040 signal pins
[2026-08-10 16:12:02.288942] [openram.router.signal_escape_router/route]: Routed 30 of 1040 signal pins
[2026-08-10 16:12:13.858463] [openram.router.signal_escape_router/route]: Routed 31 of 1040 signal pins
[2026-08-10 16:12:25.232281] [openram.router.signal_escape_router/route]: Routed 32 of 1040 signal pins
[2026-08-10 16:12:37.083674] [openram.router.signal_escape_router/route]: Routed 33 of 1040 signal pins
[2026-08-10 16:12:48.734492] [openram.router.signal_escape_router/route]: Routed 34 of 1040 signal pins
[2026-08-10 16:13:00.411451] [openram.router.signal_escape_router/route]: Routed 35 of 1040 signal pins
[2026-08-10 16:13:11.740599] [openram.router.signal_escape_router/route]: Routed 36 of 1040 signal pins
[2026-08-10 16:13:23.155461] [openram.router.signal_escape_router/route]: Routed 37 of 1040 signal pins
[2026-08-10 16:13:34.956668] [openram.router.signal_escape_router/route]: Routed 38 of 1040 signal pins
[2026-08-10 16:13:46.133202] [openram.router.signal_escape_router/route]: Routed 39 of 1040 signal pins
[2026-08-10 16:13:59.690034] [openram.router.signal_escape_router/route]: Routed 40 of 1040 signal pins
[2026-08-10 16:14:12.301285] [openram.router.signal_escape_router/route]: Routed 41 of 1040 signal pins
[2026-08-10 16:14:25.404073] [openram.router.signal_escape_router/route]: Routed 42 of 1040 signal pins
[2026-08-10 16:14:37.748614] [openram.router.signal_escape_router/route]: Routed 43 of 1040 signal pins
[2026-08-10 16:14:50.835374] [openram.router.signal_escape_router/route]: Routed 44 of 1040 signal pins
[2026-08-10 16:15:03.464839] [openram.router.signal_escape_router/route]: Routed 45 of 1040 signal pins
[2026-08-10 16:15:16.761842] [openram.router.signal_escape_router/route]: Routed 46 of 1040 signal pins
[2026-08-10 16:15:28.974238] [openram.router.signal_escape_router/route]: Routed 47 of 1040 signal pins
[2026-08-10 16:15:42.162109] [openram.router.signal_escape_router/route]: Routed 48 of 1040 signal pins
[2026-08-10 16:15:54.523361] [openram.router.signal_escape_router/route]: Routed 49 of 1040 signal pins
[2026-08-10 16:16:07.876012] [openram.router.signal_escape_router/route]: Routed 50 of 1040 signal pins
[2026-08-10 16:16:21.027709] [openram.router.signal_escape_router/route]: Routed 51 of 1040 signal pins
[2026-08-10 16:16:34.478269] [openram.router.signal_escape_router/route]: Routed 52 of 1040 signal pins
[2026-08-10 16:16:51.002641] [openram.router.signal_escape_router/route]: Routed 53 of 1040 signal pins
[2026-08-10 16:17:04.524751] [openram.router.signal_escape_router/route]: Routed 54 of 1040 signal pins
[2026-08-10 16:17:18.137193] [openram.router.signal_escape_router/route]: Routed 55 of 1040 signal pins
[2026-08-10 16:17:30.639389] [openram.router.signal_escape_router/route]: Routed 56 of 1040 signal pins
[2026-08-10 16:17:44.481609] [openram.router.signal_escape_router/route]: Routed 57 of 1040 signal pins
[2026-08-10 16:17:57.444502] [openram.router.signal_escape_router/route]: Routed 58 of 1040 signal pins
[2026-08-10 16:18:10.994504] [openram.router.signal_escape_router/route]: Routed 59 of 1040 signal pins
[2026-08-10 16:18:24.749134] [openram.router.signal_escape_router/route]: Routed 60 of 1040 signal pins
[2026-08-10 16:18:38.335152] [openram.router.signal_escape_router/route]: Routed 61 of 1040 signal pins
[2026-08-10 16:18:51.360476] [openram.router.signal_escape_router/route]: Routed 62 of 1040 signal pins
[2026-08-10 16:19:05.184729] [openram.router.signal_escape_router/route]: Routed 63 of 1040 signal pins
[2026-08-10 16:19:17.799469] [openram.router.signal_escape_router/route]: Routed 64 of 1040 signal pins
[2026-08-10 16:19:31.658485] [openram.router.signal_escape_router/route]: Routed 65 of 1040 signal pins
[2026-08-10 16:19:44.816047] [openram.router.signal_escape_router/route]: Routed 66 of 1040 signal pins
[2026-08-10 16:19:57.221269] [openram.router.signal_escape_router/route]: Routed 67 of 1040 signal pins
[2026-08-10 16:20:11.099577] [openram.router.signal_escape_router/route]: Routed 68 of 1040 signal pins
[2026-08-10 16:20:24.360155] [openram.router.signal_escape_router/route]: Routed 69 of 1040 signal pins
[2026-08-10 16:20:38.282765] [openram.router.signal_escape_router/route]: Routed 70 of 1040 signal pins
[2026-08-10 16:20:50.634339] [openram.router.signal_escape_router/route]: Routed 71 of 1040 signal pins
[2026-08-10 16:21:04.670452] [openram.router.signal_escape_router/route]: Routed 72 of 1040 signal pins
[2026-08-10 16:21:17.882973] [openram.router.signal_escape_router/route]: Routed 73 of 1040 signal pins
[2026-08-10 16:21:32.023865] [openram.router.signal_escape_router/route]: Routed 74 of 1040 signal pins
[2026-08-10 16:21:44.786568] [openram.router.signal_escape_router/route]: Routed 75 of 1040 signal pins
[2026-08-10 16:21:59.241768] [openram.router.signal_escape_router/route]: Routed 76 of 1040 signal pins
[2026-08-10 16:22:11.278002] [openram.router.signal_escape_router/route]: Routed 77 of 1040 signal pins
[2026-08-10 16:22:25.649780] [openram.router.signal_escape_router/route]: Routed 78 of 1040 signal pins
[2026-08-10 16:22:39.447678] [openram.router.signal_escape_router/route]: Routed 79 of 1040 signal pins
[2026-08-10 16:22:54.107994] [openram.router.signal_escape_router/route]: Routed 80 of 1040 signal pins
[2026-08-10 16:23:07.246445] [openram.router.signal_escape_router/route]: Routed 81 of 1040 signal pins
[2026-08-10 16:23:21.120514] [openram.router.signal_escape_router/route]: Routed 82 of 1040 signal pins
[2026-08-10 16:23:35.801205] [openram.router.signal_escape_router/route]: Routed 83 of 1040 signal pins
[2026-08-10 16:23:48.615675] [openram.router.signal_escape_router/route]: Routed 84 of 1040 signal pins
[2026-08-10 16:24:03.510078] [openram.router.signal_escape_router/route]: Routed 85 of 1040 signal pins
[2026-08-10 16:24:17.502548] [openram.router.signal_escape_router/route]: Routed 86 of 1040 signal pins
[2026-08-10 16:24:32.451243] [openram.router.signal_escape_router/route]: Routed 87 of 1040 signal pins
[2026-08-10 16:24:45.434438] [openram.router.signal_escape_router/route]: Routed 88 of 1040 signal pins
[2026-08-10 16:25:00.255746] [openram.router.signal_escape_router/route]: Routed 89 of 1040 signal pins
[2026-08-10 16:25:13.912096] [openram.router.signal_escape_router/route]: Routed 90 of 1040 signal pins
[2026-08-10 16:25:28.775451] [openram.router.signal_escape_router/route]: Routed 91 of 1040 signal pins
[2026-08-10 16:25:41.053063] [openram.router.signal_escape_router/route]: Routed 92 of 1040 signal pins
[2026-08-10 16:25:57.840644] [openram.router.signal_escape_router/route]: Routed 93 of 1040 signal pins
[2026-08-10 16:26:11.877332] [openram.router.signal_escape_router/route]: Routed 94 of 1040 signal pins
[2026-08-10 16:26:25.115424] [openram.router.signal_escape_router/route]: Routed 95 of 1040 signal pins
[2026-08-10 16:26:40.455602] [openram.router.signal_escape_router/route]: Routed 96 of 1040 signal pins
[2026-08-10 16:26:54.644459] [openram.router.signal_escape_router/route]: Routed 97 of 1040 signal pins
[2026-08-10 16:27:10.082508] [openram.router.signal_escape_router/route]: Routed 98 of 1040 signal pins
[2026-08-10 16:27:22.770861] [openram.router.signal_escape_router/route]: Routed 99 of 1040 signal pins
[2026-08-10 16:27:37.915736] [openram.router.signal_escape_router/route]: Routed 100 of 1040 signal pins
[2026-08-10 16:27:51.766566] [openram.router.signal_escape_router/route]: Routed 101 of 1040 signal pins
[2026-08-10 16:28:08.885887] [openram.router.signal_escape_router/route]: Routed 102 of 1040 signal pins
[2026-08-10 16:28:35.064534] [openram.router.signal_escape_router/route]: Routed 103 of 1040 signal pins
[2026-08-10 16:29:03.644204] [openram.router.signal_escape_router/route]: Routed 104 of 1040 signal pins
[2026-08-10 16:29:23.701454] [openram.router.signal_escape_router/route]: Routed 105 of 1040 signal pins
[2026-08-10 16:29:39.114434] [openram.router.signal_escape_router/route]: Routed 106 of 1040 signal pins
[2026-08-10 16:29:53.113987] [openram.router.signal_escape_router/route]: Routed 107 of 1040 signal pins
[2026-08-10 16:30:08.535940] [openram.router.signal_escape_router/route]: Routed 108 of 1040 signal pins
[2026-08-10 16:30:21.797560] [openram.router.signal_escape_router/route]: Routed 109 of 1040 signal pins
[2026-08-10 16:30:36.159714] [openram.router.signal_escape_router/route]: Routed 110 of 1040 signal pins
[2026-08-10 16:30:51.679251] [openram.router.signal_escape_router/route]: Routed 111 of 1040 signal pins
[2026-08-10 16:31:04.270034] [openram.router.signal_escape_router/route]: Routed 112 of 1040 signal pins
[2026-08-10 16:31:19.909658] [openram.router.signal_escape_router/route]: Routed 113 of 1040 signal pins
[2026-08-10 16:31:34.375848] [openram.router.signal_escape_router/route]: Routed 114 of 1040 signal pins
[2026-08-10 16:31:49.933930] [openram.router.signal_escape_router/route]: Routed 115 of 1040 signal pins
[2026-08-10 16:32:03.398632] [openram.router.signal_escape_router/route]: Routed 116 of 1040 signal pins
[2026-08-10 16:32:19.036345] [openram.router.signal_escape_router/route]: Routed 117 of 1040 signal pins
[2026-08-10 16:32:33.668345] [openram.router.signal_escape_router/route]: Routed 118 of 1040 signal pins
[2026-08-10 16:32:49.531851] [openram.router.signal_escape_router/route]: Routed 119 of 1040 signal pins
[2026-08-10 16:33:02.470817] [openram.router.signal_escape_router/route]: Routed 120 of 1040 signal pins
[2026-08-10 16:33:18.281721] [openram.router.signal_escape_router/route]: Routed 121 of 1040 signal pins
[2026-08-10 16:33:32.757844] [openram.router.signal_escape_router/route]: Routed 122 of 1040 signal pins
[2026-08-10 16:33:48.556734] [openram.router.signal_escape_router/route]: Routed 123 of 1040 signal pins
[2026-08-10 16:34:00.795834] [openram.router.signal_escape_router/route]: Routed 124 of 1040 signal pins
[2026-08-10 16:34:24.969818] [openram.router.signal_escape_router/route]: Routed 125 of 1040 signal pins
[2026-08-10 16:34:40.925094] [openram.router.signal_escape_router/route]: Routed 126 of 1040 signal pins
[2026-08-10 16:34:54.643448] [openram.router.signal_escape_router/route]: Routed 127 of 1040 signal pins
[2026-08-10 16:35:10.700934] [openram.router.signal_escape_router/route]: Routed 128 of 1040 signal pins
[2026-08-10 16:35:25.244043] [openram.router.signal_escape_router/route]: Routed 129 of 1040 signal pins
[2026-08-10 16:35:40.987340] [openram.router.signal_escape_router/route]: Routed 130 of 1040 signal pins
[2026-08-10 16:35:53.953671] [openram.router.signal_escape_router/route]: Routed 131 of 1040 signal pins
[2026-08-10 16:36:09.939763] [openram.router.signal_escape_router/route]: Routed 132 of 1040 signal pins
[2026-08-10 16:36:23.814309] [openram.router.signal_escape_router/route]: Routed 133 of 1040 signal pins
[2026-08-10 16:36:39.880188] [openram.router.signal_escape_router/route]: Routed 134 of 1040 signal pins
[2026-08-10 16:36:54.500150] [openram.router.signal_escape_router/route]: Routed 135 of 1040 signal pins
[2026-08-10 16:37:10.373318] [openram.router.signal_escape_router/route]: Routed 136 of 1040 signal pins
[2026-08-10 16:37:19.218348] [openram.router.signal_escape_router/route]: Routed 137 of 1040 signal pins
[2026-08-10 16:37:35.222598] [openram.router.signal_escape_router/route]: Routed 138 of 1040 signal pins
[2026-08-10 16:37:50.048217] [openram.router.signal_escape_router/route]: Routed 139 of 1040 signal pins
[2026-08-10 16:38:03.802441] [openram.router.signal_escape_router/route]: Routed 140 of 1040 signal pins
[2026-08-10 16:38:19.706139] [openram.router.signal_escape_router/route]: Routed 141 of 1040 signal pins
[2026-08-10 16:38:34.429262] [openram.router.signal_escape_router/route]: Routed 142 of 1040 signal pins
[2026-08-10 16:38:50.443875] [openram.router.signal_escape_router/route]: Routed 143 of 1040 signal pins
[2026-08-10 16:39:03.539068] [openram.router.signal_escape_router/route]: Routed 144 of 1040 signal pins
[2026-08-10 16:39:19.559234] [openram.router.signal_escape_router/route]: Routed 145 of 1040 signal pins
[2026-08-10 16:39:34.349810] [openram.router.signal_escape_router/route]: Routed 146 of 1040 signal pins
[2026-08-10 16:39:50.481316] [openram.router.signal_escape_router/route]: Routed 147 of 1040 signal pins
[2026-08-10 16:40:04.364219] [openram.router.signal_escape_router/route]: Routed 148 of 1040 signal pins
[2026-08-10 16:40:20.711291] [openram.router.signal_escape_router/route]: Routed 149 of 1040 signal pins
[2026-08-10 16:40:35.745444] [openram.router.signal_escape_router/route]: Routed 150 of 1040 signal pins
[2026-08-10 16:40:52.050016] [openram.router.signal_escape_router/route]: Routed 151 of 1040 signal pins
[2026-08-10 16:41:04.626851] [openram.router.signal_escape_router/route]: Routed 152 of 1040 signal pins
[2026-08-10 16:41:20.959191] [openram.router.signal_escape_router/route]: Routed 153 of 1040 signal pins
[2026-08-10 16:41:37.483757] [openram.router.signal_escape_router/route]: Routed 154 of 1040 signal pins
[2026-08-10 16:41:51.460049] [openram.router.signal_escape_router/route]: Routed 155 of 1040 signal pins
[2026-08-10 16:42:07.643794] [openram.router.signal_escape_router/route]: Routed 156 of 1040 signal pins
[2026-08-10 16:42:20.817623] [openram.router.signal_escape_router/route]: Routed 157 of 1040 signal pins
[2026-08-10 16:42:37.121328] [openram.router.signal_escape_router/route]: Routed 158 of 1040 signal pins
[2026-08-10 16:42:52.063102] [openram.router.signal_escape_router/route]: Routed 159 of 1040 signal pins
[2026-08-10 16:43:08.387523] [openram.router.signal_escape_router/route]: Routed 160 of 1040 signal pins
[2026-08-10 16:43:22.614952] [openram.router.signal_escape_router/route]: Routed 161 of 1040 signal pins
[2026-08-10 16:43:39.168947] [openram.router.signal_escape_router/route]: Routed 162 of 1040 signal pins
[2026-08-10 16:43:54.458489] [openram.router.signal_escape_router/route]: Routed 163 of 1040 signal pins
[2026-08-10 16:44:11.185417] [openram.router.signal_escape_router/route]: Routed 164 of 1040 signal pins
[2026-08-10 16:44:24.078919] [openram.router.signal_escape_router/route]: Routed 165 of 1040 signal pins
[2026-08-10 16:44:40.726038] [openram.router.signal_escape_router/route]: Routed 166 of 1040 signal pins
[2026-08-10 16:44:56.057492] [openram.router.signal_escape_router/route]: Routed 167 of 1040 signal pins
[2026-08-10 16:45:10.508556] [openram.router.signal_escape_router/route]: Routed 168 of 1040 signal pins
[2026-08-10 16:45:27.556425] [openram.router.signal_escape_router/route]: Routed 169 of 1040 signal pins
[2026-08-10 16:45:39.222421] [openram.router.signal_escape_router/route]: Routed 170 of 1040 signal pins
[2026-08-10 16:46:32.537541] [openram.router.signal_escape_router/route]: Routed 171 of 1040 signal pins
[2026-08-10 16:47:15.280405] [openram.router.signal_escape_router/route]: Routed 172 of 1040 signal pins
[2026-08-10 16:48:09.337475] [openram.router.signal_escape_router/route]: Routed 173 of 1040 signal pins
[2026-08-10 16:48:57.529016] [openram.router.signal_escape_router/route]: Routed 174 of 1040 signal pins
[2026-08-10 16:49:49.247626] [openram.router.signal_escape_router/route]: Routed 175 of 1040 signal pins
[2026-08-10 16:50:21.684677] [openram.router.signal_escape_router/route]: Routed 176 of 1040 signal pins
[2026-08-10 16:51:08.331569] [openram.router.signal_escape_router/route]: Routed 177 of 1040 signal pins
[2026-08-10 16:51:43.946407] [openram.router.signal_escape_router/route]: Routed 178 of 1040 signal pins
[2026-08-10 16:52:02.995100] [openram.router.signal_escape_router/route]: Routed 179 of 1040 signal pins
[2026-08-10 16:52:17.909789] [openram.router.signal_escape_router/route]: Routed 180 of 1040 signal pins
[2026-08-10 16:52:35.658165] [openram.router.signal_escape_router/route]: Routed 181 of 1040 signal pins
[2026-08-10 16:52:51.314778] [openram.router.signal_escape_router/route]: Routed 182 of 1040 signal pins
[2026-08-10 16:53:04.954180] [openram.router.signal_escape_router/route]: Routed 183 of 1040 signal pins
[2026-08-10 16:53:23.966843] [openram.router.signal_escape_router/route]: Routed 184 of 1040 signal pins
[2026-08-10 16:53:39.044619] [openram.router.signal_escape_router/route]: Routed 185 of 1040 signal pins
[2026-08-10 16:53:56.576963] [openram.router.signal_escape_router/route]: Routed 186 of 1040 signal pins
[2026-08-10 16:54:12.619407] [openram.router.signal_escape_router/route]: Routed 187 of 1040 signal pins
[2026-08-10 16:54:30.404826] [openram.router.signal_escape_router/route]: Routed 188 of 1040 signal pins
[2026-08-10 16:54:43.601324] [openram.router.signal_escape_router/route]: Routed 189 of 1040 signal pins
[2026-08-10 16:55:01.423689] [openram.router.signal_escape_router/route]: Routed 190 of 1040 signal pins
[2026-08-10 16:55:17.415395] [openram.router.signal_escape_router/route]: Routed 191 of 1040 signal pins
[2026-08-10 16:55:34.830599] [openram.router.signal_escape_router/route]: Routed 192 of 1040 signal pins
[2026-08-10 16:55:49.495199] [openram.router.signal_escape_router/route]: Routed 193 of 1040 signal pins
[2026-08-10 16:56:06.967858] [openram.router.signal_escape_router/route]: Routed 194 of 1040 signal pins
[2026-08-10 16:56:18.571594] [openram.router.signal_escape_router/route]: Routed 195 of 1040 signal pins
[2026-08-10 16:56:35.720204] [openram.router.signal_escape_router/route]: Routed 196 of 1040 signal pins
[2026-08-10 16:56:49.278717] [openram.router.signal_escape_router/route]: Routed 197 of 1040 signal pins
[2026-08-10 16:57:04.686699] [openram.router.signal_escape_router/route]: Routed 198 of 1040 signal pins
[2026-08-10 16:57:21.723019] [openram.router.signal_escape_router/route]: Routed 199 of 1040 signal pins
[2026-08-10 16:57:36.485747] [openram.router.signal_escape_router/route]: Routed 200 of 1040 signal pins
[2026-08-10 16:57:53.622413] [openram.router.signal_escape_router/route]: Routed 201 of 1040 signal pins
[2026-08-10 16:58:09.088258] [openram.router.signal_escape_router/route]: Routed 202 of 1040 signal pins
[2026-08-10 16:58:26.128933] [openram.router.signal_escape_router/route]: Routed 203 of 1040 signal pins
[2026-08-10 16:58:39.290400] [openram.router.signal_escape_router/route]: Routed 204 of 1040 signal pins
[2026-08-10 16:58:56.447258] [openram.router.signal_escape_router/route]: Routed 205 of 1040 signal pins
[2026-08-10 16:59:12.057419] [openram.router.signal_escape_router/route]: Routed 206 of 1040 signal pins
[2026-08-10 16:59:29.501372] [openram.router.signal_escape_router/route]: Routed 207 of 1040 signal pins
[2026-08-10 16:59:44.194182] [openram.router.signal_escape_router/route]: Routed 208 of 1040 signal pins
[2026-08-10 17:00:01.494607] [openram.router.signal_escape_router/route]: Routed 209 of 1040 signal pins
[2026-08-10 17:00:17.315978] [openram.router.signal_escape_router/route]: Routed 210 of 1040 signal pins
[2026-08-10 17:00:36.273384] [openram.router.signal_escape_router/route]: Routed 211 of 1040 signal pins
[2026-08-10 17:00:48.880109] [openram.router.signal_escape_router/route]: Routed 212 of 1040 signal pins
[2026-08-10 17:01:03.708274] [openram.router.signal_escape_router/route]: Routed 213 of 1040 signal pins
[2026-08-10 17:01:21.040814] [openram.router.signal_escape_router/route]: Routed 214 of 1040 signal pins
[2026-08-10 17:01:36.785395] [openram.router.signal_escape_router/route]: Routed 215 of 1040 signal pins
[2026-08-10 17:01:54.254539] [openram.router.signal_escape_router/route]: Routed 216 of 1040 signal pins
[2026-08-10 17:02:08.313211] [openram.router.signal_escape_router/route]: Routed 217 of 1040 signal pins
[2026-08-10 17:02:25.606345] [openram.router.signal_escape_router/route]: Routed 218 of 1040 signal pins
[2026-08-10 17:02:41.413485] [openram.router.signal_escape_router/route]: Routed 219 of 1040 signal pins
[2026-08-10 17:02:58.863259] [openram.router.signal_escape_router/route]: Routed 220 of 1040 signal pins
[2026-08-10 17:03:13.789527] [openram.router.signal_escape_router/route]: Routed 221 of 1040 signal pins
[2026-08-10 17:03:31.434847] [openram.router.signal_escape_router/route]: Routed 222 of 1040 signal pins
[2026-08-10 17:03:47.857819] [openram.router.signal_escape_router/route]: Routed 223 of 1040 signal pins
[2026-08-10 17:04:05.259585] [openram.router.signal_escape_router/route]: Routed 224 of 1040 signal pins
[2026-08-10 17:04:18.530865] [openram.router.signal_escape_router/route]: Routed 225 of 1040 signal pins
[2026-08-10 17:04:36.020548] [openram.router.signal_escape_router/route]: Routed 226 of 1040 signal pins
[2026-08-10 17:04:51.916463] [openram.router.signal_escape_router/route]: Routed 227 of 1040 signal pins
[2026-08-10 17:05:05.925725] [openram.router.signal_escape_router/route]: Routed 228 of 1040 signal pins
[2026-08-10 17:05:23.581725] [openram.router.signal_escape_router/route]: Routed 229 of 1040 signal pins
[2026-08-10 17:05:39.615406] [openram.router.signal_escape_router/route]: Routed 230 of 1040 signal pins
[2026-08-10 17:05:57.361061] [openram.router.signal_escape_router/route]: Routed 231 of 1040 signal pins
[2026-08-10 17:06:12.443917] [openram.router.signal_escape_router/route]: Routed 232 of 1040 signal pins
[2026-08-10 17:06:30.241542] [openram.router.signal_escape_router/route]: Routed 233 of 1040 signal pins
[2026-08-10 17:06:46.260165] [openram.router.signal_escape_router/route]: Routed 234 of 1040 signal pins
[2026-08-10 17:07:04.031167] [openram.router.signal_escape_router/route]: Routed 235 of 1040 signal pins
[2026-08-10 17:07:17.439278] [openram.router.signal_escape_router/route]: Routed 236 of 1040 signal pins
[2026-08-10 17:07:36.623497] [openram.router.signal_escape_router/route]: Routed 237 of 1040 signal pins
[2026-08-10 17:07:52.742525] [openram.router.signal_escape_router/route]: Routed 238 of 1040 signal pins
[2026-08-10 17:08:10.738209] [openram.router.signal_escape_router/route]: Routed 239 of 1040 signal pins
[2026-08-10 17:08:25.769614] [openram.router.signal_escape_router/route]: Routed 240 of 1040 signal pins
[2026-08-10 17:08:40.449665] [openram.router.signal_escape_router/route]: Routed 241 of 1040 signal pins
[2026-08-10 17:08:58.511210] [openram.router.signal_escape_router/route]: Routed 242 of 1040 signal pins
[2026-08-10 17:09:15.870261] [openram.router.signal_escape_router/route]: Routed 243 of 1040 signal pins
[2026-08-10 17:09:33.652354] [openram.router.signal_escape_router/route]: Routed 244 of 1040 signal pins
[2026-08-10 17:09:48.524490] [openram.router.signal_escape_router/route]: Routed 245 of 1040 signal pins
[2026-08-10 17:10:06.633870] [openram.router.signal_escape_router/route]: Routed 246 of 1040 signal pins
[2026-08-10 17:10:23.139753] [openram.router.signal_escape_router/route]: Routed 247 of 1040 signal pins
[2026-08-10 17:10:41.107956] [openram.router.signal_escape_router/route]: Routed 248 of 1040 signal pins
[2026-08-10 17:10:54.512889] [openram.router.signal_escape_router/route]: Routed 249 of 1040 signal pins
[2026-08-10 17:11:12.686118] [openram.router.signal_escape_router/route]: Routed 250 of 1040 signal pins
[2026-08-10 17:11:29.052329] [openram.router.signal_escape_router/route]: Routed 251 of 1040 signal pins
[2026-08-10 17:11:47.142267] [openram.router.signal_escape_router/route]: Routed 252 of 1040 signal pins
[2026-08-10 17:12:02.373277] [openram.router.signal_escape_router/route]: Routed 253 of 1040 signal pins
[2026-08-10 17:12:20.754235] [openram.router.signal_escape_router/route]: Routed 254 of 1040 signal pins
[2026-08-10 17:12:37.407014] [openram.router.signal_escape_router/route]: Routed 255 of 1040 signal pins
[2026-08-10 17:12:51.620186] [openram.router.signal_escape_router/route]: Routed 256 of 1040 signal pins
[2026-08-10 17:13:09.511017] [openram.router.signal_escape_router/route]: Routed 257 of 1040 signal pins
[2026-08-10 17:13:25.945085] [openram.router.signal_escape_router/route]: Routed 258 of 1040 signal pins
[2026-08-10 17:13:44.042559] [openram.router.signal_escape_router/route]: Routed 259 of 1040 signal pins
[2026-08-10 17:13:59.419980] [openram.router.signal_escape_router/route]: Routed 260 of 1040 signal pins
[2026-08-10 17:14:17.443569] [openram.router.signal_escape_router/route]: Routed 261 of 1040 signal pins
[2026-08-10 17:14:33.693399] [openram.router.signal_escape_router/route]: Routed 262 of 1040 signal pins
[2026-08-10 17:14:52.915158] [openram.router.signal_escape_router/route]: Routed 263 of 1040 signal pins
[2026-08-10 17:15:05.886968] [openram.router.signal_escape_router/route]: Routed 264 of 1040 signal pins
[2026-08-10 17:15:23.958166] [openram.router.signal_escape_router/route]: Routed 265 of 1040 signal pins
[2026-08-10 17:15:40.167125] [openram.router.signal_escape_router/route]: Routed 266 of 1040 signal pins
[2026-08-10 17:15:58.199561] [openram.router.signal_escape_router/route]: Routed 267 of 1040 signal pins
[2026-08-10 17:16:13.392501] [openram.router.signal_escape_router/route]: Routed 268 of 1040 signal pins
[2026-08-10 17:16:31.331470] [openram.router.signal_escape_router/route]: Routed 269 of 1040 signal pins
[2026-08-10 17:16:45.387881] [openram.router.signal_escape_router/route]: Routed 270 of 1040 signal pins
[2026-08-10 17:17:01.372419] [openram.router.signal_escape_router/route]: Routed 271 of 1040 signal pins
[2026-08-10 17:17:18.969943] [openram.router.signal_escape_router/route]: Routed 272 of 1040 signal pins
[2026-08-10 17:17:32.183687] [openram.router.signal_escape_router/route]: Routed 273 of 1040 signal pins
[2026-08-10 17:17:50.116844] [openram.router.signal_escape_router/route]: Routed 274 of 1040 signal pins
[2026-08-10 17:18:06.788612] [openram.router.signal_escape_router/route]: Routed 275 of 1040 signal pins
[2026-08-10 17:18:24.739277] [openram.router.signal_escape_router/route]: Routed 276 of 1040 signal pins
[2026-08-10 17:18:39.713835] [openram.router.signal_escape_router/route]: Routed 277 of 1040 signal pins
[2026-08-10 17:18:57.632915] [openram.router.signal_escape_router/route]: Routed 278 of 1040 signal pins
[2026-08-10 17:19:14.416551] [openram.router.signal_escape_router/route]: Routed 279 of 1040 signal pins
[2026-08-10 17:19:35.543043] [openram.router.signal_escape_router/route]: Routed 280 of 1040 signal pins
[2026-08-10 17:19:50.998652] [openram.router.signal_escape_router/route]: Routed 281 of 1040 signal pins
[2026-08-10 17:20:18.414342] [openram.router.signal_escape_router/route]: Routed 282 of 1040 signal pins
[2026-08-10 17:20:39.266079] [openram.router.signal_escape_router/route]: Routed 283 of 1040 signal pins
[2026-08-10 17:21:05.045328] [openram.router.signal_escape_router/route]: Routed 284 of 1040 signal pins
[2026-08-10 17:21:21.629159] [openram.router.signal_escape_router/route]: Routed 285 of 1040 signal pins
[2026-08-10 17:21:42.326517] [openram.router.signal_escape_router/route]: Routed 286 of 1040 signal pins
[2026-08-10 17:22:09.560776] [openram.router.signal_escape_router/route]: Routed 287 of 1040 signal pins
[2026-08-10 17:22:26.185551] [openram.router.signal_escape_router/route]: Routed 288 of 1040 signal pins
[2026-08-10 17:22:52.156197] [openram.router.signal_escape_router/route]: Routed 289 of 1040 signal pins
[2026-08-10 17:23:12.814534] [openram.router.signal_escape_router/route]: Routed 290 of 1040 signal pins
[2026-08-10 17:23:39.849122] [openram.router.signal_escape_router/route]: Routed 291 of 1040 signal pins
[2026-08-10 17:23:57.086857] [openram.router.signal_escape_router/route]: Routed 292 of 1040 signal pins
[2026-08-10 17:24:24.110439] [openram.router.signal_escape_router/route]: Routed 293 of 1040 signal pins
[2026-08-10 17:24:39.689944] [openram.router.signal_escape_router/route]: Routed 294 of 1040 signal pins
[2026-08-10 17:25:06.200549] [openram.router.signal_escape_router/route]: Routed 295 of 1040 signal pins
[2026-08-10 17:25:26.982943] [openram.router.signal_escape_router/route]: Routed 296 of 1040 signal pins
[2026-08-10 17:25:53.557150] [openram.router.signal_escape_router/route]: Routed 297 of 1040 signal pins
[2026-08-10 17:26:10.174781] [openram.router.signal_escape_router/route]: Routed 298 of 1040 signal pins
[2026-08-10 17:26:37.319604] [openram.router.signal_escape_router/route]: Routed 299 of 1040 signal pins
[2026-08-10 17:26:59.228433] [openram.router.signal_escape_router/route]: Routed 300 of 1040 signal pins
[2026-08-10 17:27:13.561108] [openram.router.signal_escape_router/route]: Routed 301 of 1040 signal pins
[2026-08-10 17:27:39.193753] [openram.router.signal_escape_router/route]: Routed 302 of 1040 signal pins
[2026-08-10 17:28:00.054272] [openram.router.signal_escape_router/route]: Routed 303 of 1040 signal pins
[2026-08-10 17:28:26.150788] [openram.router.signal_escape_router/route]: Routed 304 of 1040 signal pins
[2026-08-10 17:28:43.643352] [openram.router.signal_escape_router/route]: Routed 305 of 1040 signal pins
[2026-08-10 17:29:06.085123] [openram.router.signal_escape_router/route]: Routed 306 of 1040 signal pins
[2026-08-10 17:29:26.800953] [openram.router.signal_escape_router/route]: Routed 307 of 1040 signal pins
[2026-08-10 17:29:53.612017] [openram.router.signal_escape_router/route]: Routed 308 of 1040 signal pins
[2026-08-10 17:30:03.440393] [openram.router.signal_escape_router/route]: Routed 309 of 1040 signal pins
[2026-08-10 17:30:30.050986] [openram.router.signal_escape_router/route]: Routed 310 of 1040 signal pins
[2026-08-10 17:30:53.636621] [openram.router.signal_escape_router/route]: Routed 311 of 1040 signal pins
[2026-08-10 17:31:21.530426] [openram.router.signal_escape_router/route]: Routed 312 of 1040 signal pins
[2026-08-10 17:31:38.191859] [openram.router.signal_escape_router/route]: Routed 313 of 1040 signal pins
[2026-08-10 17:31:59.261782] [openram.router.signal_escape_router/route]: Routed 314 of 1040 signal pins
[2026-08-10 17:32:25.325142] [openram.router.signal_escape_router/route]: Routed 315 of 1040 signal pins
[2026-08-10 17:32:40.783939] [openram.router.signal_escape_router/route]: Routed 316 of 1040 signal pins
[2026-08-10 17:33:06.369013] [openram.router.signal_escape_router/route]: Routed 317 of 1040 signal pins
[2026-08-10 17:33:26.964021] [openram.router.signal_escape_router/route]: Routed 318 of 1040 signal pins
[2026-08-10 17:33:51.955180] [openram.router.signal_escape_router/route]: Routed 319 of 1040 signal pins
[2026-08-10 17:34:08.357088] [openram.router.signal_escape_router/route]: Routed 320 of 1040 signal pins
[2026-08-10 17:34:32.626280] [openram.router.signal_escape_router/route]: Routed 321 of 1040 signal pins
[2026-08-10 17:34:46.737872] [openram.router.signal_escape_router/route]: Routed 322 of 1040 signal pins
[2026-08-10 17:35:08.392729] [openram.router.signal_escape_router/route]: Routed 323 of 1040 signal pins
[2026-08-10 17:35:25.768091] [openram.router.signal_escape_router/route]: Routed 324 of 1040 signal pins
[2026-08-10 17:35:44.855972] [openram.router.signal_escape_router/route]: Routed 325 of 1040 signal pins
[2026-08-10 17:35:59.453606] [openram.router.signal_escape_router/route]: Routed 326 of 1040 signal pins
[2026-08-10 17:36:18.144749] [openram.router.signal_escape_router/route]: Routed 327 of 1040 signal pins
[2026-08-10 17:36:34.978265] [openram.router.signal_escape_router/route]: Routed 328 of 1040 signal pins
[2026-08-10 17:36:50.877801] [openram.router.signal_escape_router/route]: Routed 329 of 1040 signal pins
[2026-08-10 17:37:09.090760] [openram.router.signal_escape_router/route]: Routed 330 of 1040 signal pins
[2026-08-10 17:37:26.028219] [openram.router.signal_escape_router/route]: Routed 331 of 1040 signal pins
[2026-08-10 17:37:44.108669] [openram.router.signal_escape_router/route]: Routed 332 of 1040 signal pins
[2026-08-10 17:37:53.844241] [openram.router.signal_escape_router/route]: Routed 333 of 1040 signal pins
[2026-08-10 17:38:12.072204] [openram.router.signal_escape_router/route]: Routed 334 of 1040 signal pins
[2026-08-10 17:38:30.349794] [openram.router.signal_escape_router/route]: Routed 335 of 1040 signal pins
[2026-08-10 17:38:48.762699] [openram.router.signal_escape_router/route]: Routed 336 of 1040 signal pins
[2026-08-10 17:39:04.698675] [openram.router.signal_escape_router/route]: Routed 337 of 1040 signal pins
[2026-08-10 17:39:23.084866] [openram.router.signal_escape_router/route]: Routed 338 of 1040 signal pins
[2026-08-10 17:39:40.455084] [openram.router.signal_escape_router/route]: Routed 339 of 1040 signal pins
[2026-08-10 17:39:58.783079] [openram.router.signal_escape_router/route]: Routed 340 of 1040 signal pins
[2026-08-10 17:40:13.208015] [openram.router.signal_escape_router/route]: Routed 341 of 1040 signal pins
[2026-08-10 17:40:31.693849] [openram.router.signal_escape_router/route]: Routed 342 of 1040 signal pins
[2026-08-10 17:40:49.257278] [openram.router.signal_escape_router/route]: Routed 343 of 1040 signal pins
[2026-08-10 17:41:05.419252] [openram.router.signal_escape_router/route]: Routed 344 of 1040 signal pins
[2026-08-10 17:41:23.994609] [openram.router.signal_escape_router/route]: Routed 345 of 1040 signal pins
[2026-08-10 17:41:41.909774] [openram.router.signal_escape_router/route]: Routed 346 of 1040 signal pins
[2026-08-10 17:42:00.911996] [openram.router.signal_escape_router/route]: Routed 347 of 1040 signal pins
[2026-08-10 17:42:14.597728] [openram.router.signal_escape_router/route]: Routed 348 of 1040 signal pins
[2026-08-10 17:42:33.759885] [openram.router.signal_escape_router/route]: Routed 349 of 1040 signal pins
[2026-08-10 17:42:50.345579] [openram.router.signal_escape_router/route]: Routed 350 of 1040 signal pins
[2026-08-10 17:43:09.510399] [openram.router.signal_escape_router/route]: Routed 351 of 1040 signal pins
[2026-08-10 17:43:27.555055] [openram.router.signal_escape_router/route]: Routed 352 of 1040 signal pins
[2026-08-10 17:43:46.506137] [openram.router.signal_escape_router/route]: Routed 353 of 1040 signal pins
[2026-08-10 17:44:01.826265] [openram.router.signal_escape_router/route]: Routed 354 of 1040 signal pins
[2026-08-10 17:44:21.082696] [openram.router.signal_escape_router/route]: Routed 355 of 1040 signal pins
[2026-08-10 17:44:35.654030] [openram.router.signal_escape_router/route]: Routed 356 of 1040 signal pins
[2026-08-10 17:44:55.135605] [openram.router.signal_escape_router/route]: Routed 357 of 1040 signal pins
[2026-08-10 17:45:11.804356] [openram.router.signal_escape_router/route]: Routed 358 of 1040 signal pins
[2026-08-10 17:45:31.485906] [openram.router.signal_escape_router/route]: Routed 359 of 1040 signal pins
[2026-08-10 17:45:50.686702] [openram.router.signal_escape_router/route]: Routed 360 of 1040 signal pins
[2026-08-10 17:46:04.165566] [openram.router.signal_escape_router/route]: Routed 361 of 1040 signal pins
[2026-08-10 17:46:23.422450] [openram.router.signal_escape_router/route]: Routed 362 of 1040 signal pins
[2026-08-10 17:46:41.941404] [openram.router.signal_escape_router/route]: Routed 363 of 1040 signal pins
[2026-08-10 17:47:01.394452] [openram.router.signal_escape_router/route]: Routed 364 of 1040 signal pins
[2026-08-10 17:47:18.355403] [openram.router.signal_escape_router/route]: Routed 365 of 1040 signal pins
[2026-08-10 17:47:37.839315] [openram.router.signal_escape_router/route]: Routed 366 of 1040 signal pins
[2026-08-10 17:47:56.523700] [openram.router.signal_escape_router/route]: Routed 367 of 1040 signal pins
[2026-08-10 17:48:16.138902] [openram.router.signal_escape_router/route]: Routed 368 of 1040 signal pins
[2026-08-10 17:48:31.517299] [openram.router.signal_escape_router/route]: Routed 369 of 1040 signal pins
[2026-08-10 17:48:51.104966] [openram.router.signal_escape_router/route]: Routed 370 of 1040 signal pins
[2026-08-10 17:49:10.116174] [openram.router.signal_escape_router/route]: Routed 371 of 1040 signal pins
[2026-08-10 17:49:29.507483] [openram.router.signal_escape_router/route]: Routed 372 of 1040 signal pins
[2026-08-10 17:49:46.496651] [openram.router.signal_escape_router/route]: Routed 373 of 1040 signal pins
[2026-08-10 17:50:05.021025] [openram.router.signal_escape_router/route]: Routed 374 of 1040 signal pins
[2026-08-10 17:50:24.252601] [openram.router.signal_escape_router/route]: Routed 375 of 1040 signal pins
[2026-08-10 17:50:36.923813] [openram.router.signal_escape_router/route]: Routed 376 of 1040 signal pins
[2026-08-10 17:50:55.736252] [openram.router.signal_escape_router/route]: Routed 377 of 1040 signal pins
[2026-08-10 17:51:10.678512] [openram.router.signal_escape_router/route]: Routed 378 of 1040 signal pins
[2026-08-10 17:51:29.594237] [openram.router.signal_escape_router/route]: Routed 379 of 1040 signal pins
[2026-08-10 17:51:47.804343] [openram.router.signal_escape_router/route]: Routed 380 of 1040 signal pins
[2026-08-10 17:52:07.011188] [openram.router.signal_escape_router/route]: Routed 381 of 1040 signal pins
[2026-08-10 17:52:21.455505] [openram.router.signal_escape_router/route]: Routed 382 of 1040 signal pins
[2026-08-10 17:52:40.462290] [openram.router.signal_escape_router/route]: Routed 383 of 1040 signal pins
[2026-08-10 17:52:58.839289] [openram.router.signal_escape_router/route]: Routed 384 of 1040 signal pins
[2026-08-10 17:53:18.044577] [openram.router.signal_escape_router/route]: Routed 385 of 1040 signal pins
[2026-08-10 17:53:32.407754] [openram.router.signal_escape_router/route]: Routed 386 of 1040 signal pins
[2026-08-10 17:53:50.878046] [openram.router.signal_escape_router/route]: Routed 387 of 1040 signal pins
[2026-08-10 17:54:09.883339] [openram.router.signal_escape_router/route]: Routed 388 of 1040 signal pins
[2026-08-10 17:54:22.952688] [openram.router.signal_escape_router/route]: Routed 389 of 1040 signal pins
[2026-08-10 17:54:41.904128] [openram.router.signal_escape_router/route]: Routed 390 of 1040 signal pins
[2026-08-10 17:55:00.224734] [openram.router.signal_escape_router/route]: Routed 391 of 1040 signal pins
[2026-08-10 17:55:19.305862] [openram.router.signal_escape_router/route]: Routed 392 of 1040 signal pins
[2026-08-10 17:55:34.234447] [openram.router.signal_escape_router/route]: Routed 393 of 1040 signal pins
[2026-08-10 17:55:53.288136] [openram.router.signal_escape_router/route]: Routed 394 of 1040 signal pins
[2026-08-10 17:56:11.876033] [openram.router.signal_escape_router/route]: Routed 395 of 1040 signal pins
[2026-08-10 17:56:32.209312] [openram.router.signal_escape_router/route]: Routed 396 of 1040 signal pins
[2026-08-10 17:56:49.761062] [openram.router.signal_escape_router/route]: Routed 397 of 1040 signal pins
[2026-08-10 17:57:10.304423] [openram.router.signal_escape_router/route]: Routed 398 of 1040 signal pins
[2026-08-10 17:57:29.309329] [openram.router.signal_escape_router/route]: Routed 399 of 1040 signal pins
[2026-08-10 17:57:49.330192] [openram.router.signal_escape_router/route]: Routed 400 of 1040 signal pins
[2026-08-10 17:58:02.423688] [openram.router.signal_escape_router/route]: Routed 401 of 1040 signal pins
[2026-08-10 17:58:21.201163] [openram.router.signal_escape_router/route]: Routed 402 of 1040 signal pins
[2026-08-10 17:58:41.065279] [openram.router.signal_escape_router/route]: Routed 403 of 1040 signal pins
[2026-08-10 17:58:59.341618] [openram.router.signal_escape_router/route]: Routed 404 of 1040 signal pins
[2026-08-10 17:59:19.571611] [openram.router.signal_escape_router/route]: Routed 405 of 1040 signal pins
[2026-08-10 17:59:33.825638] [openram.router.signal_escape_router/route]: Routed 406 of 1040 signal pins
[2026-08-10 17:59:53.980505] [openram.router.signal_escape_router/route]: Routed 407 of 1040 signal pins
[2026-08-10 18:00:13.202900] [openram.router.signal_escape_router/route]: Routed 408 of 1040 signal pins
[2026-08-10 18:00:33.606781] [openram.router.signal_escape_router/route]: Routed 409 of 1040 signal pins
[2026-08-10 18:00:51.181099] [openram.router.signal_escape_router/route]: Routed 410 of 1040 signal pins
[2026-08-10 18:01:11.550022] [openram.router.signal_escape_router/route]: Routed 411 of 1040 signal pins
[2026-08-10 18:01:30.628055] [openram.router.signal_escape_router/route]: Routed 412 of 1040 signal pins
[2026-08-10 18:01:50.662392] [openram.router.signal_escape_router/route]: Routed 413 of 1040 signal pins
[2026-08-10 18:02:05.718004] [openram.router.signal_escape_router/route]: Routed 414 of 1040 signal pins
[2026-08-10 18:02:25.892646] [openram.router.signal_escape_router/route]: Routed 415 of 1040 signal pins
[2026-08-10 18:02:44.873805] [openram.router.signal_escape_router/route]: Routed 416 of 1040 signal pins
[2026-08-10 18:03:01.963689] [openram.router.signal_escape_router/route]: Routed 417 of 1040 signal pins
[2026-08-10 18:03:23.550648] [openram.router.signal_escape_router/route]: Routed 418 of 1040 signal pins
[2026-08-10 18:04:09.208917] [openram.router.signal_escape_router/route]: Routed 419 of 1040 signal pins
[2026-08-10 18:04:47.813348] [openram.router.signal_escape_router/route]: Routed 420 of 1040 signal pins
[2026-08-10 18:05:00.871895] [openram.router.signal_escape_router/route]: Routed 421 of 1040 signal pins
[2026-08-10 18:05:21.074220] [openram.router.signal_escape_router/route]: Routed 422 of 1040 signal pins
[2026-08-10 18:05:40.157153] [openram.router.signal_escape_router/route]: Routed 423 of 1040 signal pins
[2026-08-10 18:06:00.627767] [openram.router.signal_escape_router/route]: Routed 424 of 1040 signal pins
[2026-08-10 18:06:18.683621] [openram.router.signal_escape_router/route]: Routed 425 of 1040 signal pins
[2026-08-10 18:06:40.485361] [openram.router.signal_escape_router/route]: Routed 426 of 1040 signal pins
[2026-08-10 18:06:59.868883] [openram.router.signal_escape_router/route]: Routed 427 of 1040 signal pins
[2026-08-10 18:07:19.972724] [openram.router.signal_escape_router/route]: Routed 428 of 1040 signal pins
[2026-08-10 18:07:39.767706] [openram.router.signal_escape_router/route]: Routed 429 of 1040 signal pins
[2026-08-10 18:07:59.943498] [openram.router.signal_escape_router/route]: Routed 430 of 1040 signal pins
[2026-08-10 18:08:14.657630] [openram.router.signal_escape_router/route]: Routed 431 of 1040 signal pins
[2026-08-10 18:08:33.815439] [openram.router.signal_escape_router/route]: Routed 432 of 1040 signal pins
[2026-08-10 18:08:54.404396] [openram.router.signal_escape_router/route]: Routed 433 of 1040 signal pins
[2026-08-10 18:09:11.923850] [openram.router.signal_escape_router/route]: Routed 434 of 1040 signal pins
[2026-08-10 18:09:32.576868] [openram.router.signal_escape_router/route]: Routed 435 of 1040 signal pins
[2026-08-10 18:09:51.942528] [openram.router.signal_escape_router/route]: Routed 436 of 1040 signal pins
[2026-08-10 18:10:12.575515] [openram.router.signal_escape_router/route]: Routed 437 of 1040 signal pins
[2026-08-10 18:10:28.538379] [openram.router.signal_escape_router/route]: Routed 438 of 1040 signal pins
[2026-08-10 18:10:49.854876] [openram.router.signal_escape_router/route]: Routed 439 of 1040 signal pins
[2026-08-10 18:11:10.507531] [openram.router.signal_escape_router/route]: Routed 440 of 1040 signal pins
[2026-08-10 18:11:32.034940] [openram.router.signal_escape_router/route]: Routed 441 of 1040 signal pins
[2026-08-10 18:11:50.550556] [openram.router.signal_escape_router/route]: Routed 442 of 1040 signal pins
[2026-08-10 18:12:11.519452] [openram.router.signal_escape_router/route]: Routed 443 of 1040 signal pins
[2026-08-10 18:12:31.411363] [openram.router.signal_escape_router/route]: Routed 444 of 1040 signal pins
[2026-08-10 18:12:52.653939] [openram.router.signal_escape_router/route]: Routed 445 of 1040 signal pins
[2026-08-10 18:13:05.966744] [openram.router.signal_escape_router/route]: Routed 446 of 1040 signal pins
[2026-08-10 18:13:25.086489] [openram.router.signal_escape_router/route]: Routed 447 of 1040 signal pins
[2026-08-10 18:13:46.135489] [openram.router.signal_escape_router/route]: Routed 448 of 1040 signal pins
[2026-08-10 18:14:05.519280] [openram.router.signal_escape_router/route]: Routed 449 of 1040 signal pins
[2026-08-10 18:14:26.872623] [openram.router.signal_escape_router/route]: Routed 450 of 1040 signal pins
[2026-08-10 18:14:46.806666] [openram.router.signal_escape_router/route]: Routed 451 of 1040 signal pins
[2026-08-10 18:15:08.042020] [openram.router.signal_escape_router/route]: Routed 452 of 1040 signal pins
[2026-08-10 18:15:24.214579] [openram.router.signal_escape_router/route]: Routed 453 of 1040 signal pins
[2026-08-10 18:15:45.523477] [openram.router.signal_escape_router/route]: Routed 454 of 1040 signal pins
[2026-08-10 18:16:05.078032] [openram.router.signal_escape_router/route]: Routed 455 of 1040 signal pins
[2026-08-10 18:16:26.453361] [openram.router.signal_escape_router/route]: Routed 456 of 1040 signal pins
[2026-08-10 18:16:44.599163] [openram.router.signal_escape_router/route]: Routed 457 of 1040 signal pins
[2026-08-10 18:17:06.071637] [openram.router.signal_escape_router/route]: Routed 458 of 1040 signal pins
[2026-08-10 18:17:21.300614] [openram.router.signal_escape_router/route]: Routed 459 of 1040 signal pins
[2026-08-10 18:17:41.146677] [openram.router.signal_escape_router/route]: Routed 460 of 1040 signal pins
[2026-08-10 18:18:02.314563] [openram.router.signal_escape_router/route]: Routed 461 of 1040 signal pins
[2026-08-10 18:18:20.699834] [openram.router.signal_escape_router/route]: Routed 462 of 1040 signal pins
[2026-08-10 18:18:41.929654] [openram.router.signal_escape_router/route]: Routed 463 of 1040 signal pins
[2026-08-10 18:19:01.657288] [openram.router.signal_escape_router/route]: Routed 464 of 1040 signal pins
[2026-08-10 18:19:23.222223] [openram.router.signal_escape_router/route]: Routed 465 of 1040 signal pins
[2026-08-10 18:19:39.545490] [openram.router.signal_escape_router/route]: Routed 466 of 1040 signal pins
[2026-08-10 18:20:01.129821] [openram.router.signal_escape_router/route]: Routed 467 of 1040 signal pins
[2026-08-10 18:20:21.381867] [openram.router.signal_escape_router/route]: Routed 468 of 1040 signal pins
[2026-08-10 18:20:42.808430] [openram.router.signal_escape_router/route]: Routed 469 of 1040 signal pins
[2026-08-10 18:21:02.471309] [openram.router.signal_escape_router/route]: Routed 470 of 1040 signal pins
[2026-08-10 18:21:23.849091] [openram.router.signal_escape_router/route]: Routed 471 of 1040 signal pins
[2026-08-10 18:21:43.995649] [openram.router.signal_escape_router/route]: Routed 472 of 1040 signal pins
[2026-08-10 18:22:05.314988] [openram.router.signal_escape_router/route]: Routed 473 of 1040 signal pins
[2026-08-10 18:22:18.367695] [openram.router.signal_escape_router/route]: Routed 474 of 1040 signal pins
[2026-08-10 18:22:39.203915] [openram.router.signal_escape_router/route]: Routed 475 of 1040 signal pins
[2026-08-10 18:23:01.049853] [openram.router.signal_escape_router/route]: Routed 476 of 1040 signal pins
[2026-08-10 18:23:19.697212] [openram.router.signal_escape_router/route]: Routed 477 of 1040 signal pins
[2026-08-10 18:23:41.604378] [openram.router.signal_escape_router/route]: Routed 478 of 1040 signal pins
[2026-08-10 18:24:02.166961] [openram.router.signal_escape_router/route]: Routed 479 of 1040 signal pins
[2026-08-10 18:24:23.985186] [openram.router.signal_escape_router/route]: Routed 480 of 1040 signal pins
[2026-08-10 18:24:40.451370] [openram.router.signal_escape_router/route]: Routed 481 of 1040 signal pins
[2026-08-10 18:25:02.287210] [openram.router.signal_escape_router/route]: Routed 482 of 1040 signal pins
[2026-08-10 18:25:23.099296] [openram.router.signal_escape_router/route]: Routed 483 of 1040 signal pins
[2026-08-10 18:25:45.131294] [openram.router.signal_escape_router/route]: Routed 484 of 1040 signal pins
[2026-08-10 18:26:00.902718] [openram.router.signal_escape_router/route]: Routed 485 of 1040 signal pins
[2026-08-10 18:26:22.944645] [openram.router.signal_escape_router/route]: Routed 486 of 1040 signal pins
[2026-08-10 18:26:42.233304] [openram.router.signal_escape_router/route]: Routed 487 of 1040 signal pins
[2026-08-10 18:27:04.234537] [openram.router.signal_escape_router/route]: Routed 488 of 1040 signal pins
[2026-08-10 18:27:24.849452] [openram.router.signal_escape_router/route]: Routed 489 of 1040 signal pins
[2026-08-10 18:27:38.514756] [openram.router.signal_escape_router/route]: Routed 490 of 1040 signal pins
[2026-08-10 18:28:02.110106] [openram.router.signal_escape_router/route]: Routed 491 of 1040 signal pins
[2026-08-10 18:28:23.123843] [openram.router.signal_escape_router/route]: Routed 492 of 1040 signal pins
[2026-08-10 18:28:45.396440] [openram.router.signal_escape_router/route]: Routed 493 of 1040 signal pins
[2026-08-10 18:29:04.660129] [openram.router.signal_escape_router/route]: Routed 494 of 1040 signal pins
[2026-08-10 18:29:26.901221] [openram.router.signal_escape_router/route]: Routed 495 of 1040 signal pins
[2026-08-10 18:29:47.838254] [openram.router.signal_escape_router/route]: Routed 496 of 1040 signal pins
[2026-08-10 18:30:10.138923] [openram.router.signal_escape_router/route]: Routed 497 of 1040 signal pins
[2026-08-10 18:30:27.003364] [openram.router.signal_escape_router/route]: Routed 498 of 1040 signal pins
[2026-08-10 18:30:49.598139] [openram.router.signal_escape_router/route]: Routed 499 of 1040 signal pins
[2026-08-10 18:31:10.730021] [openram.router.signal_escape_router/route]: Routed 500 of 1040 signal pins
[2026-08-10 18:31:33.386200] [openram.router.signal_escape_router/route]: Routed 501 of 1040 signal pins
[2026-08-10 18:31:52.866928] [openram.router.signal_escape_router/route]: Routed 502 of 1040 signal pins
[2026-08-10 18:32:15.567082] [openram.router.signal_escape_router/route]: Routed 503 of 1040 signal pins
[2026-08-10 18:32:36.632613] [openram.router.signal_escape_router/route]: Routed 504 of 1040 signal pins
[2026-08-10 18:32:52.452645] [openram.router.signal_escape_router/route]: Routed 505 of 1040 signal pins
[2026-08-10 18:33:14.968817] [openram.router.signal_escape_router/route]: Routed 506 of 1040 signal pins
[2026-08-10 18:33:36.387466] [openram.router.signal_escape_router/route]: Routed 507 of 1040 signal pins
[2026-08-10 18:33:59.021761] [openram.router.signal_escape_router/route]: Routed 508 of 1040 signal pins
[2026-08-10 18:34:18.751591] [openram.router.signal_escape_router/route]: Routed 509 of 1040 signal pins
[2026-08-10 18:34:40.978811] [openram.router.signal_escape_router/route]: Routed 510 of 1040 signal pins
[2026-08-10 18:35:00.953113] [openram.router.signal_escape_router/route]: Routed 511 of 1040 signal pins
[2026-08-10 18:35:23.324134] [openram.router.signal_escape_router/route]: Routed 512 of 1040 signal pins
[2026-08-10 18:35:38.751029] [openram.router.signal_escape_router/route]: Routed 513 of 1040 signal pins
[2026-08-10 18:35:39.059847] [openram.router.signal_escape_router/route]: Routed 514 of 1040 signal pins
[2026-08-10 18:35:39.140608] [openram.router.signal_escape_router/route]: Routed 515 of 1040 signal pins
[2026-08-10 18:35:39.445655] [openram.router.signal_escape_router/route]: Routed 516 of 1040 signal pins
[2026-08-10 18:35:40.091273] [openram.router.signal_escape_router/route]: Routed 517 of 1040 signal pins
[2026-08-10 18:35:40.762925] [openram.router.signal_escape_router/route]: Routed 518 of 1040 signal pins
[2026-08-10 18:35:41.412392] [openram.router.signal_escape_router/route]: Routed 519 of 1040 signal pins
[2026-08-10 18:35:42.056108] [openram.router.signal_escape_router/route]: Routed 520 of 1040 signal pins
[2026-08-10 18:35:42.720662] [openram.router.signal_escape_router/route]: Routed 521 of 1040 signal pins
[2026-08-10 18:35:43.366477] [openram.router.signal_escape_router/route]: Routed 522 of 1040 signal pins
[2026-08-10 18:35:44.015359] [openram.router.signal_escape_router/route]: Routed 523 of 1040 signal pins
[2026-08-10 18:35:44.682492] [openram.router.signal_escape_router/route]: Routed 524 of 1040 signal pins
[2026-08-10 18:35:45.338058] [openram.router.signal_escape_router/route]: Routed 525 of 1040 signal pins
[2026-08-10 18:35:45.979708] [openram.router.signal_escape_router/route]: Routed 526 of 1040 signal pins
[2026-08-10 18:35:46.636936] [openram.router.signal_escape_router/route]: Routed 527 of 1040 signal pins
[2026-08-10 18:35:47.285736] [openram.router.signal_escape_router/route]: Routed 528 of 1040 signal pins
[2026-08-10 18:35:47.938992] [openram.router.signal_escape_router/route]: Routed 529 of 1040 signal pins
[2026-08-10 18:35:48.602856] [openram.router.signal_escape_router/route]: Routed 530 of 1040 signal pins
[2026-08-10 18:35:49.268266] [openram.router.signal_escape_router/route]: Routed 531 of 1040 signal pins
[2026-08-10 18:35:49.923793] [openram.router.signal_escape_router/route]: Routed 532 of 1040 signal pins
[2026-08-10 18:35:50.581327] [openram.router.signal_escape_router/route]: Routed 533 of 1040 signal pins
[2026-08-10 18:35:51.227019] [openram.router.signal_escape_router/route]: Routed 534 of 1040 signal pins
[2026-08-10 18:35:51.884317] [openram.router.signal_escape_router/route]: Routed 535 of 1040 signal pins
[2026-08-10 18:35:52.539147] [openram.router.signal_escape_router/route]: Routed 536 of 1040 signal pins
[2026-08-10 18:35:53.222656] [openram.router.signal_escape_router/route]: Routed 537 of 1040 signal pins
[2026-08-10 18:35:53.892518] [openram.router.signal_escape_router/route]: Routed 538 of 1040 signal pins
[2026-08-10 18:35:54.560053] [openram.router.signal_escape_router/route]: Routed 539 of 1040 signal pins
[2026-08-10 18:35:55.218396] [openram.router.signal_escape_router/route]: Routed 540 of 1040 signal pins
[2026-08-10 18:35:55.879178] [openram.router.signal_escape_router/route]: Routed 541 of 1040 signal pins
[2026-08-10 18:35:56.534979] [openram.router.signal_escape_router/route]: Routed 542 of 1040 signal pins
[2026-08-10 18:35:57.200343] [openram.router.signal_escape_router/route]: Routed 543 of 1040 signal pins
[2026-08-10 18:35:57.866416] [openram.router.signal_escape_router/route]: Routed 544 of 1040 signal pins
[2026-08-10 18:35:58.523658] [openram.router.signal_escape_router/route]: Routed 545 of 1040 signal pins
[2026-08-10 18:35:59.186468] [openram.router.signal_escape_router/route]: Routed 546 of 1040 signal pins
[2026-08-10 18:35:59.860590] [openram.router.signal_escape_router/route]: Routed 547 of 1040 signal pins
[2026-08-10 18:36:00.518946] [openram.router.signal_escape_router/route]: Routed 548 of 1040 signal pins
[2026-08-10 18:36:01.182252] [openram.router.signal_escape_router/route]: Routed 549 of 1040 signal pins
[2026-08-10 18:36:01.852197] [openram.router.signal_escape_router/route]: Routed 550 of 1040 signal pins
[2026-08-10 18:36:02.509287] [openram.router.signal_escape_router/route]: Routed 551 of 1040 signal pins
[2026-08-10 18:36:03.179319] [openram.router.signal_escape_router/route]: Routed 552 of 1040 signal pins
[2026-08-10 18:36:03.842759] [openram.router.signal_escape_router/route]: Routed 553 of 1040 signal pins
[2026-08-10 18:36:04.529998] [openram.router.signal_escape_router/route]: Routed 554 of 1040 signal pins
[2026-08-10 18:36:05.209266] [openram.router.signal_escape_router/route]: Routed 555 of 1040 signal pins
[2026-08-10 18:36:05.865044] [openram.router.signal_escape_router/route]: Routed 556 of 1040 signal pins
[2026-08-10 18:36:06.537685] [openram.router.signal_escape_router/route]: Routed 557 of 1040 signal pins
[2026-08-10 18:36:07.212071] [openram.router.signal_escape_router/route]: Routed 558 of 1040 signal pins
[2026-08-10 18:36:07.887923] [openram.router.signal_escape_router/route]: Routed 559 of 1040 signal pins
[2026-08-10 18:36:08.575367] [openram.router.signal_escape_router/route]: Routed 560 of 1040 signal pins
[2026-08-10 18:36:09.242208] [openram.router.signal_escape_router/route]: Routed 561 of 1040 signal pins
[2026-08-10 18:36:09.909106] [openram.router.signal_escape_router/route]: Routed 562 of 1040 signal pins
[2026-08-10 18:36:10.583676] [openram.router.signal_escape_router/route]: Routed 563 of 1040 signal pins
[2026-08-10 18:36:11.247305] [openram.router.signal_escape_router/route]: Routed 564 of 1040 signal pins
[2026-08-10 18:36:11.926788] [openram.router.signal_escape_router/route]: Routed 565 of 1040 signal pins
[2026-08-10 18:36:12.597238] [openram.router.signal_escape_router/route]: Routed 566 of 1040 signal pins
[2026-08-10 18:36:13.282080] [openram.router.signal_escape_router/route]: Routed 567 of 1040 signal pins
[2026-08-10 18:36:13.975168] [openram.router.signal_escape_router/route]: Routed 568 of 1040 signal pins
[2026-08-10 18:36:14.653799] [openram.router.signal_escape_router/route]: Routed 569 of 1040 signal pins
[2026-08-10 18:36:15.333927] [openram.router.signal_escape_router/route]: Routed 570 of 1040 signal pins
[2026-08-10 18:36:16.036446] [openram.router.signal_escape_router/route]: Routed 571 of 1040 signal pins
[2026-08-10 18:36:16.712155] [openram.router.signal_escape_router/route]: Routed 572 of 1040 signal pins
[2026-08-10 18:36:17.403387] [openram.router.signal_escape_router/route]: Routed 573 of 1040 signal pins
[2026-08-10 18:36:18.081490] [openram.router.signal_escape_router/route]: Routed 574 of 1040 signal pins
[2026-08-10 18:36:18.751854] [openram.router.signal_escape_router/route]: Routed 575 of 1040 signal pins
[2026-08-10 18:36:19.447469] [openram.router.signal_escape_router/route]: Routed 576 of 1040 signal pins
[2026-08-10 18:36:20.136697] [openram.router.signal_escape_router/route]: Routed 577 of 1040 signal pins
[2026-08-10 18:36:20.798447] [openram.router.signal_escape_router/route]: Routed 578 of 1040 signal pins
[2026-08-10 18:36:21.491474] [openram.router.signal_escape_router/route]: Routed 579 of 1040 signal pins
[2026-08-10 18:36:22.174745] [openram.router.signal_escape_router/route]: Routed 580 of 1040 signal pins
[2026-08-10 18:36:22.853260] [openram.router.signal_escape_router/route]: Routed 581 of 1040 signal pins
[2026-08-10 18:36:23.540554] [openram.router.signal_escape_router/route]: Routed 582 of 1040 signal pins
[2026-08-10 18:36:24.224577] [openram.router.signal_escape_router/route]: Routed 583 of 1040 signal pins
[2026-08-10 18:36:24.901821] [openram.router.signal_escape_router/route]: Routed 584 of 1040 signal pins
[2026-08-10 18:36:25.590599] [openram.router.signal_escape_router/route]: Routed 585 of 1040 signal pins
[2026-08-10 18:36:26.281205] [openram.router.signal_escape_router/route]: Routed 586 of 1040 signal pins
[2026-08-10 18:36:26.967015] [openram.router.signal_escape_router/route]: Routed 587 of 1040 signal pins
[2026-08-10 18:36:27.644537] [openram.router.signal_escape_router/route]: Routed 588 of 1040 signal pins
[2026-08-10 18:36:28.358781] [openram.router.signal_escape_router/route]: Routed 589 of 1040 signal pins
[2026-08-10 18:36:29.048249] [openram.router.signal_escape_router/route]: Routed 590 of 1040 signal pins
[2026-08-10 18:36:29.732736] [openram.router.signal_escape_router/route]: Routed 591 of 1040 signal pins
[2026-08-10 18:36:30.441163] [openram.router.signal_escape_router/route]: Routed 592 of 1040 signal pins
[2026-08-10 18:36:31.134554] [openram.router.signal_escape_router/route]: Routed 593 of 1040 signal pins
[2026-08-10 18:36:31.825506] [openram.router.signal_escape_router/route]: Routed 594 of 1040 signal pins
[2026-08-10 18:36:32.538657] [openram.router.signal_escape_router/route]: Routed 595 of 1040 signal pins
[2026-08-10 18:36:33.222387] [openram.router.signal_escape_router/route]: Routed 596 of 1040 signal pins
[2026-08-10 18:36:33.925914] [openram.router.signal_escape_router/route]: Routed 597 of 1040 signal pins
[2026-08-10 18:36:34.657819] [openram.router.signal_escape_router/route]: Routed 598 of 1040 signal pins
[2026-08-10 18:36:35.373703] [openram.router.signal_escape_router/route]: Routed 599 of 1040 signal pins
[2026-08-10 18:36:36.070366] [openram.router.signal_escape_router/route]: Routed 600 of 1040 signal pins
[2026-08-10 18:36:36.806316] [openram.router.signal_escape_router/route]: Routed 601 of 1040 signal pins
[2026-08-10 18:36:37.498199] [openram.router.signal_escape_router/route]: Routed 602 of 1040 signal pins
[2026-08-10 18:36:38.204151] [openram.router.signal_escape_router/route]: Routed 603 of 1040 signal pins
[2026-08-10 18:36:38.914447] [openram.router.signal_escape_router/route]: Routed 604 of 1040 signal pins
[2026-08-10 18:36:39.618930] [openram.router.signal_escape_router/route]: Routed 605 of 1040 signal pins
[2026-08-10 18:36:40.319228] [openram.router.signal_escape_router/route]: Routed 606 of 1040 signal pins
[2026-08-10 18:36:41.051085] [openram.router.signal_escape_router/route]: Routed 607 of 1040 signal pins
[2026-08-10 18:36:41.759132] [openram.router.signal_escape_router/route]: Routed 608 of 1040 signal pins
[2026-08-10 18:36:42.471404] [openram.router.signal_escape_router/route]: Routed 609 of 1040 signal pins
[2026-08-10 18:36:43.185696] [openram.router.signal_escape_router/route]: Routed 610 of 1040 signal pins
[2026-08-10 18:36:43.896394] [openram.router.signal_escape_router/route]: Routed 611 of 1040 signal pins
[2026-08-10 18:36:44.594713] [openram.router.signal_escape_router/route]: Routed 612 of 1040 signal pins
[2026-08-10 18:36:45.331754] [openram.router.signal_escape_router/route]: Routed 613 of 1040 signal pins
[2026-08-10 18:36:46.038036] [openram.router.signal_escape_router/route]: Routed 614 of 1040 signal pins
[2026-08-10 18:36:46.764563] [openram.router.signal_escape_router/route]: Routed 615 of 1040 signal pins
[2026-08-10 18:36:47.495476] [openram.router.signal_escape_router/route]: Routed 616 of 1040 signal pins
[2026-08-10 18:36:48.232477] [openram.router.signal_escape_router/route]: Routed 617 of 1040 signal pins
[2026-08-10 18:36:48.945466] [openram.router.signal_escape_router/route]: Routed 618 of 1040 signal pins
[2026-08-10 18:36:49.703710] [openram.router.signal_escape_router/route]: Routed 619 of 1040 signal pins
[2026-08-10 18:36:50.420731] [openram.router.signal_escape_router/route]: Routed 620 of 1040 signal pins
[2026-08-10 18:36:51.139830] [openram.router.signal_escape_router/route]: Routed 621 of 1040 signal pins
[2026-08-10 18:36:51.899187] [openram.router.signal_escape_router/route]: Routed 622 of 1040 signal pins
[2026-08-10 18:36:52.635936] [openram.router.signal_escape_router/route]: Routed 623 of 1040 signal pins
[2026-08-10 18:36:53.369201] [openram.router.signal_escape_router/route]: Routed 624 of 1040 signal pins
[2026-08-10 18:36:54.121728] [openram.router.signal_escape_router/route]: Routed 625 of 1040 signal pins
[2026-08-10 18:36:54.865460] [openram.router.signal_escape_router/route]: Routed 626 of 1040 signal pins
[2026-08-10 18:36:55.617586] [openram.router.signal_escape_router/route]: Routed 627 of 1040 signal pins
[2026-08-10 18:36:56.367645] [openram.router.signal_escape_router/route]: Routed 628 of 1040 signal pins
[2026-08-10 18:36:57.112294] [openram.router.signal_escape_router/route]: Routed 629 of 1040 signal pins
[2026-08-10 18:36:57.858965] [openram.router.signal_escape_router/route]: Routed 630 of 1040 signal pins
[2026-08-10 18:36:58.618425] [openram.router.signal_escape_router/route]: Routed 631 of 1040 signal pins
[2026-08-10 18:36:59.354944] [openram.router.signal_escape_router/route]: Routed 632 of 1040 signal pins
[2026-08-10 18:37:00.121511] [openram.router.signal_escape_router/route]: Routed 633 of 1040 signal pins
[2026-08-10 18:37:00.871031] [openram.router.signal_escape_router/route]: Routed 634 of 1040 signal pins
[2026-08-10 18:37:01.625188] [openram.router.signal_escape_router/route]: Routed 635 of 1040 signal pins
[2026-08-10 18:37:02.392246] [openram.router.signal_escape_router/route]: Routed 636 of 1040 signal pins
[2026-08-10 18:37:03.134951] [openram.router.signal_escape_router/route]: Routed 637 of 1040 signal pins
[2026-08-10 18:37:03.898841] [openram.router.signal_escape_router/route]: Routed 638 of 1040 signal pins
[2026-08-10 18:37:04.680951] [openram.router.signal_escape_router/route]: Routed 639 of 1040 signal pins
[2026-08-10 18:37:05.428454] [openram.router.signal_escape_router/route]: Routed 640 of 1040 signal pins
[2026-08-10 18:37:06.200543] [openram.router.signal_escape_router/route]: Routed 641 of 1040 signal pins
[2026-08-10 18:37:06.978897] [openram.router.signal_escape_router/route]: Routed 642 of 1040 signal pins
[2026-08-10 18:37:07.749796] [openram.router.signal_escape_router/route]: Routed 643 of 1040 signal pins
[2026-08-10 18:37:08.523095] [openram.router.signal_escape_router/route]: Routed 644 of 1040 signal pins
[2026-08-10 18:37:09.295796] [openram.router.signal_escape_router/route]: Routed 645 of 1040 signal pins
[2026-08-10 18:37:10.063501] [openram.router.signal_escape_router/route]: Routed 646 of 1040 signal pins
[2026-08-10 18:37:10.841347] [openram.router.signal_escape_router/route]: Routed 647 of 1040 signal pins
[2026-08-10 18:37:11.620963] [openram.router.signal_escape_router/route]: Routed 648 of 1040 signal pins
[2026-08-10 18:37:12.397030] [openram.router.signal_escape_router/route]: Routed 649 of 1040 signal pins
[2026-08-10 18:37:13.166578] [openram.router.signal_escape_router/route]: Routed 650 of 1040 signal pins
[2026-08-10 18:37:13.950459] [openram.router.signal_escape_router/route]: Routed 651 of 1040 signal pins
[2026-08-10 18:37:14.749936] [openram.router.signal_escape_router/route]: Routed 652 of 1040 signal pins
[2026-08-10 18:37:15.555975] [openram.router.signal_escape_router/route]: Routed 653 of 1040 signal pins
[2026-08-10 18:37:16.345575] [openram.router.signal_escape_router/route]: Routed 654 of 1040 signal pins
[2026-08-10 18:37:17.152980] [openram.router.signal_escape_router/route]: Routed 655 of 1040 signal pins
[2026-08-10 18:37:17.957375] [openram.router.signal_escape_router/route]: Routed 656 of 1040 signal pins
[2026-08-10 18:37:18.750297] [openram.router.signal_escape_router/route]: Routed 657 of 1040 signal pins
[2026-08-10 18:37:19.539737] [openram.router.signal_escape_router/route]: Routed 658 of 1040 signal pins
[2026-08-10 18:37:20.346499] [openram.router.signal_escape_router/route]: Routed 659 of 1040 signal pins
[2026-08-10 18:37:21.147011] [openram.router.signal_escape_router/route]: Routed 660 of 1040 signal pins
[2026-08-10 18:37:21.959077] [openram.router.signal_escape_router/route]: Routed 661 of 1040 signal pins
[2026-08-10 18:37:22.778190] [openram.router.signal_escape_router/route]: Routed 662 of 1040 signal pins
[2026-08-10 18:37:23.592714] [openram.router.signal_escape_router/route]: Routed 663 of 1040 signal pins
[2026-08-10 18:37:24.397091] [openram.router.signal_escape_router/route]: Routed 664 of 1040 signal pins
[2026-08-10 18:37:25.200232] [openram.router.signal_escape_router/route]: Routed 665 of 1040 signal pins
[2026-08-10 18:37:25.996442] [openram.router.signal_escape_router/route]: Routed 666 of 1040 signal pins
[2026-08-10 18:37:26.817328] [openram.router.signal_escape_router/route]: Routed 667 of 1040 signal pins
[2026-08-10 18:37:27.621646] [openram.router.signal_escape_router/route]: Routed 668 of 1040 signal pins
[2026-08-10 18:37:28.435797] [openram.router.signal_escape_router/route]: Routed 669 of 1040 signal pins
[2026-08-10 18:37:29.231070] [openram.router.signal_escape_router/route]: Routed 670 of 1040 signal pins
[2026-08-10 18:37:30.034315] [openram.router.signal_escape_router/route]: Routed 671 of 1040 signal pins
[2026-08-10 18:37:30.852450] [openram.router.signal_escape_router/route]: Routed 672 of 1040 signal pins
[2026-08-10 18:37:31.681167] [openram.router.signal_escape_router/route]: Routed 673 of 1040 signal pins
[2026-08-10 18:37:32.506589] [openram.router.signal_escape_router/route]: Routed 674 of 1040 signal pins
[2026-08-10 18:37:33.349582] [openram.router.signal_escape_router/route]: Routed 675 of 1040 signal pins
[2026-08-10 18:37:34.172327] [openram.router.signal_escape_router/route]: Routed 676 of 1040 signal pins
[2026-08-10 18:37:35.007464] [openram.router.signal_escape_router/route]: Routed 677 of 1040 signal pins
[2026-08-10 18:37:35.858961] [openram.router.signal_escape_router/route]: Routed 678 of 1040 signal pins
[2026-08-10 18:37:36.698863] [openram.router.signal_escape_router/route]: Routed 679 of 1040 signal pins
[2026-08-10 18:37:37.550665] [openram.router.signal_escape_router/route]: Routed 680 of 1040 signal pins
[2026-08-10 18:37:38.386306] [openram.router.signal_escape_router/route]: Routed 681 of 1040 signal pins
[2026-08-10 18:37:39.233558] [openram.router.signal_escape_router/route]: Routed 682 of 1040 signal pins
[2026-08-10 18:37:40.082777] [openram.router.signal_escape_router/route]: Routed 683 of 1040 signal pins
[2026-08-10 18:37:40.919108] [openram.router.signal_escape_router/route]: Routed 684 of 1040 signal pins
[2026-08-10 18:37:41.790443] [openram.router.signal_escape_router/route]: Routed 685 of 1040 signal pins
[2026-08-10 18:37:42.623707] [openram.router.signal_escape_router/route]: Routed 686 of 1040 signal pins
[2026-08-10 18:37:43.476582] [openram.router.signal_escape_router/route]: Routed 687 of 1040 signal pins
[2026-08-10 18:37:44.317828] [openram.router.signal_escape_router/route]: Routed 688 of 1040 signal pins
[2026-08-10 18:37:45.158599] [openram.router.signal_escape_router/route]: Routed 689 of 1040 signal pins
[2026-08-10 18:37:46.030458] [openram.router.signal_escape_router/route]: Routed 690 of 1040 signal pins
[2026-08-10 18:37:46.883984] [openram.router.signal_escape_router/route]: Routed 691 of 1040 signal pins
[2026-08-10 18:37:47.754662] [openram.router.signal_escape_router/route]: Routed 692 of 1040 signal pins
[2026-08-10 18:37:48.619811] [openram.router.signal_escape_router/route]: Routed 693 of 1040 signal pins
[2026-08-10 18:37:49.466174] [openram.router.signal_escape_router/route]: Routed 694 of 1040 signal pins
[2026-08-10 18:37:50.341067] [openram.router.signal_escape_router/route]: Routed 695 of 1040 signal pins
[2026-08-10 18:37:51.189157] [openram.router.signal_escape_router/route]: Routed 696 of 1040 signal pins
[2026-08-10 18:37:52.072741] [openram.router.signal_escape_router/route]: Routed 697 of 1040 signal pins
[2026-08-10 18:37:52.941077] [openram.router.signal_escape_router/route]: Routed 698 of 1040 signal pins
[2026-08-10 18:37:53.808552] [openram.router.signal_escape_router/route]: Routed 699 of 1040 signal pins
[2026-08-10 18:37:54.685756] [openram.router.signal_escape_router/route]: Routed 700 of 1040 signal pins
[2026-08-10 18:37:55.562085] [openram.router.signal_escape_router/route]: Routed 701 of 1040 signal pins
[2026-08-10 18:37:56.482289] [openram.router.signal_escape_router/route]: Routed 702 of 1040 signal pins
[2026-08-10 18:37:57.347272] [openram.router.signal_escape_router/route]: Routed 703 of 1040 signal pins
[2026-08-10 18:37:58.215651] [openram.router.signal_escape_router/route]: Routed 704 of 1040 signal pins
[2026-08-10 18:37:59.091403] [openram.router.signal_escape_router/route]: Routed 705 of 1040 signal pins
[2026-08-10 18:37:59.957598] [openram.router.signal_escape_router/route]: Routed 706 of 1040 signal pins
[2026-08-10 18:38:00.855298] [openram.router.signal_escape_router/route]: Routed 707 of 1040 signal pins
[2026-08-10 18:38:01.757371] [openram.router.signal_escape_router/route]: Routed 708 of 1040 signal pins
[2026-08-10 18:38:02.675574] [openram.router.signal_escape_router/route]: Routed 709 of 1040 signal pins
[2026-08-10 18:38:03.569209] [openram.router.signal_escape_router/route]: Routed 710 of 1040 signal pins
[2026-08-10 18:38:04.463083] [openram.router.signal_escape_router/route]: Routed 711 of 1040 signal pins
[2026-08-10 18:38:05.367711] [openram.router.signal_escape_router/route]: Routed 712 of 1040 signal pins
[2026-08-10 18:38:06.265589] [openram.router.signal_escape_router/route]: Routed 713 of 1040 signal pins
[2026-08-10 18:38:07.176554] [openram.router.signal_escape_router/route]: Routed 714 of 1040 signal pins
[2026-08-10 18:38:08.083664] [openram.router.signal_escape_router/route]: Routed 715 of 1040 signal pins
[2026-08-10 18:38:09.001492] [openram.router.signal_escape_router/route]: Routed 716 of 1040 signal pins
[2026-08-10 18:38:09.953359] [openram.router.signal_escape_router/route]: Routed 717 of 1040 signal pins
[2026-08-10 18:38:10.876375] [openram.router.signal_escape_router/route]: Routed 718 of 1040 signal pins
[2026-08-10 18:38:11.809446] [openram.router.signal_escape_router/route]: Routed 719 of 1040 signal pins
[2026-08-10 18:38:12.721485] [openram.router.signal_escape_router/route]: Routed 720 of 1040 signal pins
[2026-08-10 18:38:13.652154] [openram.router.signal_escape_router/route]: Routed 721 of 1040 signal pins
[2026-08-10 18:38:14.568747] [openram.router.signal_escape_router/route]: Routed 722 of 1040 signal pins
[2026-08-10 18:38:15.499889] [openram.router.signal_escape_router/route]: Routed 723 of 1040 signal pins
[2026-08-10 18:38:16.437156] [openram.router.signal_escape_router/route]: Routed 724 of 1040 signal pins
[2026-08-10 18:38:17.390151] [openram.router.signal_escape_router/route]: Routed 725 of 1040 signal pins
[2026-08-10 18:38:18.336504] [openram.router.signal_escape_router/route]: Routed 726 of 1040 signal pins
[2026-08-10 18:38:19.282583] [openram.router.signal_escape_router/route]: Routed 727 of 1040 signal pins
[2026-08-10 18:38:20.232155] [openram.router.signal_escape_router/route]: Routed 728 of 1040 signal pins
[2026-08-10 18:38:21.163540] [openram.router.signal_escape_router/route]: Routed 729 of 1040 signal pins
[2026-08-10 18:38:22.121643] [openram.router.signal_escape_router/route]: Routed 730 of 1040 signal pins
[2026-08-10 18:38:23.062217] [openram.router.signal_escape_router/route]: Routed 731 of 1040 signal pins
[2026-08-10 18:38:24.012827] [openram.router.signal_escape_router/route]: Routed 732 of 1040 signal pins
[2026-08-10 18:38:24.969931] [openram.router.signal_escape_router/route]: Routed 733 of 1040 signal pins
[2026-08-10 18:38:25.929171] [openram.router.signal_escape_router/route]: Routed 734 of 1040 signal pins
[2026-08-10 18:38:26.885830] [openram.router.signal_escape_router/route]: Routed 735 of 1040 signal pins
[2026-08-10 18:38:27.833825] [openram.router.signal_escape_router/route]: Routed 736 of 1040 signal pins
[2026-08-10 18:38:28.801195] [openram.router.signal_escape_router/route]: Routed 737 of 1040 signal pins
[2026-08-10 18:38:29.780837] [openram.router.signal_escape_router/route]: Routed 738 of 1040 signal pins
[2026-08-10 18:38:30.754756] [openram.router.signal_escape_router/route]: Routed 739 of 1040 signal pins
[2026-08-10 18:38:31.748073] [openram.router.signal_escape_router/route]: Routed 740 of 1040 signal pins
[2026-08-10 18:38:32.730646] [openram.router.signal_escape_router/route]: Routed 741 of 1040 signal pins
[2026-08-10 18:38:33.733273] [openram.router.signal_escape_router/route]: Routed 742 of 1040 signal pins
[2026-08-10 18:38:34.735589] [openram.router.signal_escape_router/route]: Routed 743 of 1040 signal pins
[2026-08-10 18:38:35.740370] [openram.router.signal_escape_router/route]: Routed 744 of 1040 signal pins
[2026-08-10 18:38:36.750505] [openram.router.signal_escape_router/route]: Routed 745 of 1040 signal pins
[2026-08-10 18:38:37.756844] [openram.router.signal_escape_router/route]: Routed 746 of 1040 signal pins
[2026-08-10 18:38:38.774155] [openram.router.signal_escape_router/route]: Routed 747 of 1040 signal pins
[2026-08-10 18:38:39.782556] [openram.router.signal_escape_router/route]: Routed 748 of 1040 signal pins
[2026-08-10 18:38:40.788831] [openram.router.signal_escape_router/route]: Routed 749 of 1040 signal pins
[2026-08-10 18:38:41.791797] [openram.router.signal_escape_router/route]: Routed 750 of 1040 signal pins
[2026-08-10 18:38:42.805257] [openram.router.signal_escape_router/route]: Routed 751 of 1040 signal pins
[2026-08-10 18:38:43.826774] [openram.router.signal_escape_router/route]: Routed 752 of 1040 signal pins
[2026-08-10 18:38:44.847155] [openram.router.signal_escape_router/route]: Routed 753 of 1040 signal pins
[2026-08-10 18:38:45.871940] [openram.router.signal_escape_router/route]: Routed 754 of 1040 signal pins
[2026-08-10 18:38:46.909581] [openram.router.signal_escape_router/route]: Routed 755 of 1040 signal pins
[2026-08-10 18:38:47.918205] [openram.router.signal_escape_router/route]: Routed 756 of 1040 signal pins
[2026-08-10 18:38:48.970938] [openram.router.signal_escape_router/route]: Routed 757 of 1040 signal pins
[2026-08-10 18:38:49.987897] [openram.router.signal_escape_router/route]: Routed 758 of 1040 signal pins
[2026-08-10 18:38:51.039530] [openram.router.signal_escape_router/route]: Routed 759 of 1040 signal pins
[2026-08-10 18:38:52.068342] [openram.router.signal_escape_router/route]: Routed 760 of 1040 signal pins
[2026-08-10 18:38:53.127434] [openram.router.signal_escape_router/route]: Routed 761 of 1040 signal pins
[2026-08-10 18:38:54.161938] [openram.router.signal_escape_router/route]: Routed 762 of 1040 signal pins
[2026-08-10 18:38:55.224892] [openram.router.signal_escape_router/route]: Routed 763 of 1040 signal pins
[2026-08-10 18:38:56.248127] [openram.router.signal_escape_router/route]: Routed 764 of 1040 signal pins
[2026-08-10 18:38:57.303933] [openram.router.signal_escape_router/route]: Routed 765 of 1040 signal pins
[2026-08-10 18:38:58.345430] [openram.router.signal_escape_router/route]: Routed 766 of 1040 signal pins
[2026-08-10 18:38:59.414726] [openram.router.signal_escape_router/route]: Routed 767 of 1040 signal pins
[2026-08-10 18:39:00.456273] [openram.router.signal_escape_router/route]: Routed 768 of 1040 signal pins
[2026-08-10 18:39:01.527543] [openram.router.signal_escape_router/route]: Routed 769 of 1040 signal pins
[2026-08-10 18:39:02.599596] [openram.router.signal_escape_router/route]: Routed 770 of 1040 signal pins
[2026-08-10 18:39:03.692831] [openram.router.signal_escape_router/route]: Routed 771 of 1040 signal pins
[2026-08-10 18:39:04.752279] [openram.router.signal_escape_router/route]: Routed 772 of 1040 signal pins
[2026-08-10 18:39:05.847781] [openram.router.signal_escape_router/route]: Routed 773 of 1040 signal pins
[2026-08-10 18:39:06.925455] [openram.router.signal_escape_router/route]: Routed 774 of 1040 signal pins
[2026-08-10 18:39:08.034706] [openram.router.signal_escape_router/route]: Routed 775 of 1040 signal pins
[2026-08-10 18:39:09.128760] [openram.router.signal_escape_router/route]: Routed 776 of 1040 signal pins
[2026-08-10 18:39:10.234475] [openram.router.signal_escape_router/route]: Routed 777 of 1040 signal pins
[2026-08-10 18:39:11.320918] [openram.router.signal_escape_router/route]: Routed 778 of 1040 signal pins
[2026-08-10 18:39:12.432321] [openram.router.signal_escape_router/route]: Routed 779 of 1040 signal pins
[2026-08-10 18:39:13.523297] [openram.router.signal_escape_router/route]: Routed 780 of 1040 signal pins
[2026-08-10 18:39:14.644647] [openram.router.signal_escape_router/route]: Routed 781 of 1040 signal pins
[2026-08-10 18:39:15.735474] [openram.router.signal_escape_router/route]: Routed 782 of 1040 signal pins
[2026-08-10 18:39:16.849380] [openram.router.signal_escape_router/route]: Routed 783 of 1040 signal pins
[2026-08-10 18:39:17.955084] [openram.router.signal_escape_router/route]: Routed 784 of 1040 signal pins
[2026-08-10 18:39:19.074599] [openram.router.signal_escape_router/route]: Routed 785 of 1040 signal pins
[2026-08-10 18:39:20.184067] [openram.router.signal_escape_router/route]: Routed 786 of 1040 signal pins
[2026-08-10 18:39:21.284743] [openram.router.signal_escape_router/route]: Routed 787 of 1040 signal pins
[2026-08-10 18:39:22.398894] [openram.router.signal_escape_router/route]: Routed 788 of 1040 signal pins
[2026-08-10 18:39:23.531610] [openram.router.signal_escape_router/route]: Routed 789 of 1040 signal pins
[2026-08-10 18:39:24.646046] [openram.router.signal_escape_router/route]: Routed 790 of 1040 signal pins
[2026-08-10 18:39:25.767396] [openram.router.signal_escape_router/route]: Routed 791 of 1040 signal pins
[2026-08-10 18:39:26.901162] [openram.router.signal_escape_router/route]: Routed 792 of 1040 signal pins
[2026-08-10 18:39:28.021775] [openram.router.signal_escape_router/route]: Routed 793 of 1040 signal pins
[2026-08-10 18:39:29.175292] [openram.router.signal_escape_router/route]: Routed 794 of 1040 signal pins
[2026-08-10 18:39:30.319079] [openram.router.signal_escape_router/route]: Routed 795 of 1040 signal pins
[2026-08-10 18:39:31.476438] [openram.router.signal_escape_router/route]: Routed 796 of 1040 signal pins
[2026-08-10 18:39:32.630722] [openram.router.signal_escape_router/route]: Routed 797 of 1040 signal pins
[2026-08-10 18:39:33.787938] [openram.router.signal_escape_router/route]: Routed 798 of 1040 signal pins
[2026-08-10 18:39:34.949376] [openram.router.signal_escape_router/route]: Routed 799 of 1040 signal pins
[2026-08-10 18:39:36.190603] [openram.router.signal_escape_router/route]: Routed 800 of 1040 signal pins
[2026-08-10 18:39:37.357306] [openram.router.signal_escape_router/route]: Routed 801 of 1040 signal pins
[2026-08-10 18:39:38.519362] [openram.router.signal_escape_router/route]: Routed 802 of 1040 signal pins
[2026-08-10 18:39:39.699756] [openram.router.signal_escape_router/route]: Routed 803 of 1040 signal pins
[2026-08-10 18:39:40.897228] [openram.router.signal_escape_router/route]: Routed 804 of 1040 signal pins
[2026-08-10 18:39:42.081520] [openram.router.signal_escape_router/route]: Routed 805 of 1040 signal pins
[2026-08-10 18:39:43.275709] [openram.router.signal_escape_router/route]: Routed 806 of 1040 signal pins
[2026-08-10 18:39:44.468340] [openram.router.signal_escape_router/route]: Routed 807 of 1040 signal pins
[2026-08-10 18:39:45.665756] [openram.router.signal_escape_router/route]: Routed 808 of 1040 signal pins
[2026-08-10 18:39:46.874362] [openram.router.signal_escape_router/route]: Routed 809 of 1040 signal pins
[2026-08-10 18:39:48.079877] [openram.router.signal_escape_router/route]: Routed 810 of 1040 signal pins
[2026-08-10 18:39:49.294970] [openram.router.signal_escape_router/route]: Routed 811 of 1040 signal pins
[2026-08-10 18:39:50.492640] [openram.router.signal_escape_router/route]: Routed 812 of 1040 signal pins
[2026-08-10 18:39:51.723984] [openram.router.signal_escape_router/route]: Routed 813 of 1040 signal pins
[2026-08-10 18:39:52.911195] [openram.router.signal_escape_router/route]: Routed 814 of 1040 signal pins
[2026-08-10 18:39:54.151756] [openram.router.signal_escape_router/route]: Routed 815 of 1040 signal pins
[2026-08-10 18:39:55.374607] [openram.router.signal_escape_router/route]: Routed 816 of 1040 signal pins
[2026-08-10 18:39:56.605698] [openram.router.signal_escape_router/route]: Routed 817 of 1040 signal pins
[2026-08-10 18:39:57.856342] [openram.router.signal_escape_router/route]: Routed 818 of 1040 signal pins
[2026-08-10 18:39:59.091323] [openram.router.signal_escape_router/route]: Routed 819 of 1040 signal pins
[2026-08-10 18:40:00.337461] [openram.router.signal_escape_router/route]: Routed 820 of 1040 signal pins
[2026-08-10 18:40:01.560714] [openram.router.signal_escape_router/route]: Routed 821 of 1040 signal pins
[2026-08-10 18:40:02.791392] [openram.router.signal_escape_router/route]: Routed 822 of 1040 signal pins
[2026-08-10 18:40:04.049834] [openram.router.signal_escape_router/route]: Routed 823 of 1040 signal pins
[2026-08-10 18:40:05.300622] [openram.router.signal_escape_router/route]: Routed 824 of 1040 signal pins
[2026-08-10 18:40:06.570266] [openram.router.signal_escape_router/route]: Routed 825 of 1040 signal pins
[2026-08-10 18:40:07.821116] [openram.router.signal_escape_router/route]: Routed 826 of 1040 signal pins
[2026-08-10 18:40:09.107024] [openram.router.signal_escape_router/route]: Routed 827 of 1040 signal pins
[2026-08-10 18:40:10.388586] [openram.router.signal_escape_router/route]: Routed 828 of 1040 signal pins
[2026-08-10 18:40:11.646381] [openram.router.signal_escape_router/route]: Routed 829 of 1040 signal pins
[2026-08-10 18:40:12.926438] [openram.router.signal_escape_router/route]: Routed 830 of 1040 signal pins
[2026-08-10 18:40:14.217476] [openram.router.signal_escape_router/route]: Routed 831 of 1040 signal pins
[2026-08-10 18:40:15.527436] [openram.router.signal_escape_router/route]: Routed 832 of 1040 signal pins
[2026-08-10 18:40:16.838496] [openram.router.signal_escape_router/route]: Routed 833 of 1040 signal pins
[2026-08-10 18:40:18.125821] [openram.router.signal_escape_router/route]: Routed 834 of 1040 signal pins
[2026-08-10 18:40:19.445376] [openram.router.signal_escape_router/route]: Routed 835 of 1040 signal pins
[2026-08-10 18:40:20.750714] [openram.router.signal_escape_router/route]: Routed 836 of 1040 signal pins
[2026-08-10 18:40:22.065909] [openram.router.signal_escape_router/route]: Routed 837 of 1040 signal pins
[2026-08-10 18:40:23.393532] [openram.router.signal_escape_router/route]: Routed 838 of 1040 signal pins
[2026-08-10 18:40:24.705237] [openram.router.signal_escape_router/route]: Routed 839 of 1040 signal pins
[2026-08-10 18:40:26.025941] [openram.router.signal_escape_router/route]: Routed 840 of 1040 signal pins
[2026-08-10 18:40:27.343075] [openram.router.signal_escape_router/route]: Routed 841 of 1040 signal pins
[2026-08-10 18:40:28.638909] [openram.router.signal_escape_router/route]: Routed 842 of 1040 signal pins
[2026-08-10 18:40:29.976385] [openram.router.signal_escape_router/route]: Routed 843 of 1040 signal pins
[2026-08-10 18:40:31.293184] [openram.router.signal_escape_router/route]: Routed 844 of 1040 signal pins
[2026-08-10 18:40:32.632208] [openram.router.signal_escape_router/route]: Routed 845 of 1040 signal pins
[2026-08-10 18:40:33.985538] [openram.router.signal_escape_router/route]: Routed 846 of 1040 signal pins
[2026-08-10 18:40:35.321812] [openram.router.signal_escape_router/route]: Routed 847 of 1040 signal pins
[2026-08-10 18:40:36.686283] [openram.router.signal_escape_router/route]: Routed 848 of 1040 signal pins
[2026-08-10 18:40:38.034446] [openram.router.signal_escape_router/route]: Routed 849 of 1040 signal pins
[2026-08-10 18:40:39.383306] [openram.router.signal_escape_router/route]: Routed 850 of 1040 signal pins
[2026-08-10 18:40:40.748020] [openram.router.signal_escape_router/route]: Routed 851 of 1040 signal pins
[2026-08-10 18:40:42.107150] [openram.router.signal_escape_router/route]: Routed 852 of 1040 signal pins
[2026-08-10 18:40:43.447466] [openram.router.signal_escape_router/route]: Routed 853 of 1040 signal pins
[2026-08-10 18:40:44.825347] [openram.router.signal_escape_router/route]: Routed 854 of 1040 signal pins
[2026-08-10 18:40:46.205826] [openram.router.signal_escape_router/route]: Routed 855 of 1040 signal pins
[2026-08-10 18:40:47.586772] [openram.router.signal_escape_router/route]: Routed 856 of 1040 signal pins
[2026-08-10 18:40:48.986163] [openram.router.signal_escape_router/route]: Routed 857 of 1040 signal pins
[2026-08-10 18:40:50.391969] [openram.router.signal_escape_router/route]: Routed 858 of 1040 signal pins
[2026-08-10 18:40:51.778572] [openram.router.signal_escape_router/route]: Routed 859 of 1040 signal pins
[2026-08-10 18:40:53.159636] [openram.router.signal_escape_router/route]: Routed 860 of 1040 signal pins
[2026-08-10 18:40:54.561505] [openram.router.signal_escape_router/route]: Routed 861 of 1040 signal pins
[2026-08-10 18:40:55.953863] [openram.router.signal_escape_router/route]: Routed 862 of 1040 signal pins
[2026-08-10 18:40:57.379649] [openram.router.signal_escape_router/route]: Routed 863 of 1040 signal pins
[2026-08-10 18:40:58.799371] [openram.router.signal_escape_router/route]: Routed 864 of 1040 signal pins
[2026-08-10 18:41:00.224532] [openram.router.signal_escape_router/route]: Routed 865 of 1040 signal pins
[2026-08-10 18:41:01.638692] [openram.router.signal_escape_router/route]: Routed 866 of 1040 signal pins
[2026-08-10 18:41:03.066440] [openram.router.signal_escape_router/route]: Routed 867 of 1040 signal pins
[2026-08-10 18:41:04.496104] [openram.router.signal_escape_router/route]: Routed 868 of 1040 signal pins
[2026-08-10 18:41:05.930801] [openram.router.signal_escape_router/route]: Routed 869 of 1040 signal pins
[2026-08-10 18:41:07.399179] [openram.router.signal_escape_router/route]: Routed 870 of 1040 signal pins
[2026-08-10 18:41:08.850886] [openram.router.signal_escape_router/route]: Routed 871 of 1040 signal pins
[2026-08-10 18:41:10.340293] [openram.router.signal_escape_router/route]: Routed 872 of 1040 signal pins
[2026-08-10 18:41:11.827755] [openram.router.signal_escape_router/route]: Routed 873 of 1040 signal pins
[2026-08-10 18:41:13.294851] [openram.router.signal_escape_router/route]: Routed 874 of 1040 signal pins
[2026-08-10 18:41:14.759736] [openram.router.signal_escape_router/route]: Routed 875 of 1040 signal pins
[2026-08-10 18:41:16.247128] [openram.router.signal_escape_router/route]: Routed 876 of 1040 signal pins
[2026-08-10 18:41:17.744793] [openram.router.signal_escape_router/route]: Routed 877 of 1040 signal pins
[2026-08-10 18:41:19.235092] [openram.router.signal_escape_router/route]: Routed 878 of 1040 signal pins
[2026-08-10 18:41:20.738728] [openram.router.signal_escape_router/route]: Routed 879 of 1040 signal pins
[2026-08-10 18:41:22.259850] [openram.router.signal_escape_router/route]: Routed 880 of 1040 signal pins
[2026-08-10 18:41:23.764300] [openram.router.signal_escape_router/route]: Routed 881 of 1040 signal pins
[2026-08-10 18:41:25.254389] [openram.router.signal_escape_router/route]: Routed 882 of 1040 signal pins
[2026-08-10 18:41:26.787487] [openram.router.signal_escape_router/route]: Routed 883 of 1040 signal pins
[2026-08-10 18:41:28.313038] [openram.router.signal_escape_router/route]: Routed 884 of 1040 signal pins
[2026-08-10 18:41:29.846565] [openram.router.signal_escape_router/route]: Routed 885 of 1040 signal pins
[2026-08-10 18:41:31.379518] [openram.router.signal_escape_router/route]: Routed 886 of 1040 signal pins
[2026-08-10 18:41:34.326364] [openram.router.signal_escape_router/route]: Routed 887 of 1040 signal pins
[2026-08-10 18:41:35.842256] [openram.router.signal_escape_router/route]: Routed 888 of 1040 signal pins
[2026-08-10 18:41:37.359402] [openram.router.signal_escape_router/route]: Routed 889 of 1040 signal pins
[2026-08-10 18:41:38.886184] [openram.router.signal_escape_router/route]: Routed 890 of 1040 signal pins
[2026-08-10 18:41:40.406438] [openram.router.signal_escape_router/route]: Routed 891 of 1040 signal pins
[2026-08-10 18:41:41.934014] [openram.router.signal_escape_router/route]: Routed 892 of 1040 signal pins
[2026-08-10 18:41:43.483259] [openram.router.signal_escape_router/route]: Routed 893 of 1040 signal pins
[2026-08-10 18:41:45.036676] [openram.router.signal_escape_router/route]: Routed 894 of 1040 signal pins
[2026-08-10 18:41:46.608521] [openram.router.signal_escape_router/route]: Routed 895 of 1040 signal pins
[2026-08-10 18:41:48.176661] [openram.router.signal_escape_router/route]: Routed 896 of 1040 signal pins
[2026-08-10 18:41:49.774013] [openram.router.signal_escape_router/route]: Routed 897 of 1040 signal pins
[2026-08-10 18:41:51.334985] [openram.router.signal_escape_router/route]: Routed 898 of 1040 signal pins
[2026-08-10 18:41:52.929479] [openram.router.signal_escape_router/route]: Routed 899 of 1040 signal pins
[2026-08-10 18:41:54.502483] [openram.router.signal_escape_router/route]: Routed 900 of 1040 signal pins
[2026-08-10 18:41:56.058103] [openram.router.signal_escape_router/route]: Routed 901 of 1040 signal pins
[2026-08-10 18:41:57.626113] [openram.router.signal_escape_router/route]: Routed 902 of 1040 signal pins
[2026-08-10 18:41:59.216778] [openram.router.signal_escape_router/route]: Routed 903 of 1040 signal pins
[2026-08-10 18:42:00.795448] [openram.router.signal_escape_router/route]: Routed 904 of 1040 signal pins
[2026-08-10 18:42:02.393808] [openram.router.signal_escape_router/route]: Routed 905 of 1040 signal pins
[2026-08-10 18:42:03.999476] [openram.router.signal_escape_router/route]: Routed 906 of 1040 signal pins
[2026-08-10 18:42:05.620925] [openram.router.signal_escape_router/route]: Routed 907 of 1040 signal pins
[2026-08-10 18:42:07.251538] [openram.router.signal_escape_router/route]: Routed 908 of 1040 signal pins
[2026-08-10 18:42:08.864894] [openram.router.signal_escape_router/route]: Routed 909 of 1040 signal pins
[2026-08-10 18:42:10.498398] [openram.router.signal_escape_router/route]: Routed 910 of 1040 signal pins
[2026-08-10 18:42:12.150209] [openram.router.signal_escape_router/route]: Routed 911 of 1040 signal pins
[2026-08-10 18:42:13.784764] [openram.router.signal_escape_router/route]: Routed 912 of 1040 signal pins
[2026-08-10 18:42:15.401305] [openram.router.signal_escape_router/route]: Routed 913 of 1040 signal pins
[2026-08-10 18:42:17.016411] [openram.router.signal_escape_router/route]: Routed 914 of 1040 signal pins
[2026-08-10 18:42:18.677218] [openram.router.signal_escape_router/route]: Routed 915 of 1040 signal pins
[2026-08-10 18:42:20.303639] [openram.router.signal_escape_router/route]: Routed 916 of 1040 signal pins
[2026-08-10 18:42:21.953675] [openram.router.signal_escape_router/route]: Routed 917 of 1040 signal pins
[2026-08-10 18:42:23.586201] [openram.router.signal_escape_router/route]: Routed 918 of 1040 signal pins
[2026-08-10 18:42:25.245387] [openram.router.signal_escape_router/route]: Routed 919 of 1040 signal pins
[2026-08-10 18:42:26.919532] [openram.router.signal_escape_router/route]: Routed 920 of 1040 signal pins
[2026-08-10 18:42:28.590044] [openram.router.signal_escape_router/route]: Routed 921 of 1040 signal pins
[2026-08-10 18:42:30.258293] [openram.router.signal_escape_router/route]: Routed 922 of 1040 signal pins
[2026-08-10 18:42:31.921575] [openram.router.signal_escape_router/route]: Routed 923 of 1040 signal pins
[2026-08-10 18:42:33.608386] [openram.router.signal_escape_router/route]: Routed 924 of 1040 signal pins
[2026-08-10 18:42:35.299780] [openram.router.signal_escape_router/route]: Routed 925 of 1040 signal pins
[2026-08-10 18:42:37.004645] [openram.router.signal_escape_router/route]: Routed 926 of 1040 signal pins
[2026-08-10 18:42:38.699221] [openram.router.signal_escape_router/route]: Routed 927 of 1040 signal pins
[2026-08-10 18:42:40.366911] [openram.router.signal_escape_router/route]: Routed 928 of 1040 signal pins
[2026-08-10 18:42:42.068328] [openram.router.signal_escape_router/route]: Routed 929 of 1040 signal pins
[2026-08-10 18:42:43.773414] [openram.router.signal_escape_router/route]: Routed 930 of 1040 signal pins
[2026-08-10 18:42:45.456874] [openram.router.signal_escape_router/route]: Routed 931 of 1040 signal pins
[2026-08-10 18:42:47.182449] [openram.router.signal_escape_router/route]: Routed 932 of 1040 signal pins
[2026-08-10 18:42:48.905692] [openram.router.signal_escape_router/route]: Routed 933 of 1040 signal pins
[2026-08-10 18:42:50.638039] [openram.router.signal_escape_router/route]: Routed 934 of 1040 signal pins
[2026-08-10 18:42:52.383122] [openram.router.signal_escape_router/route]: Routed 935 of 1040 signal pins
[2026-08-10 18:42:54.112904] [openram.router.signal_escape_router/route]: Routed 936 of 1040 signal pins
[2026-08-10 18:42:55.854398] [openram.router.signal_escape_router/route]: Routed 937 of 1040 signal pins
[2026-08-10 18:42:57.588052] [openram.router.signal_escape_router/route]: Routed 938 of 1040 signal pins
[2026-08-10 18:42:59.324796] [openram.router.signal_escape_router/route]: Routed 939 of 1040 signal pins
[2026-08-10 18:43:01.105275] [openram.router.signal_escape_router/route]: Routed 940 of 1040 signal pins
[2026-08-10 18:43:02.889364] [openram.router.signal_escape_router/route]: Routed 941 of 1040 signal pins
[2026-08-10 18:43:04.692939] [openram.router.signal_escape_router/route]: Routed 942 of 1040 signal pins
[2026-08-10 18:43:06.497130] [openram.router.signal_escape_router/route]: Routed 943 of 1040 signal pins
[2026-08-10 18:43:08.292797] [openram.router.signal_escape_router/route]: Routed 944 of 1040 signal pins
[2026-08-10 18:43:10.077758] [openram.router.signal_escape_router/route]: Routed 945 of 1040 signal pins
[2026-08-10 18:43:11.851558] [openram.router.signal_escape_router/route]: Routed 946 of 1040 signal pins
[2026-08-10 18:43:13.641676] [openram.router.signal_escape_router/route]: Routed 947 of 1040 signal pins
[2026-08-10 18:43:15.470224] [openram.router.signal_escape_router/route]: Routed 948 of 1040 signal pins
[2026-08-10 18:43:17.319485] [openram.router.signal_escape_router/route]: Routed 949 of 1040 signal pins
[2026-08-10 18:43:19.157369] [openram.router.signal_escape_router/route]: Routed 950 of 1040 signal pins
[2026-08-10 18:43:20.988569] [openram.router.signal_escape_router/route]: Routed 951 of 1040 signal pins
[2026-08-10 18:43:22.809265] [openram.router.signal_escape_router/route]: Routed 952 of 1040 signal pins
[2026-08-10 18:43:24.631872] [openram.router.signal_escape_router/route]: Routed 953 of 1040 signal pins
[2026-08-10 18:43:26.458361] [openram.router.signal_escape_router/route]: Routed 954 of 1040 signal pins
[2026-08-10 18:43:28.328474] [openram.router.signal_escape_router/route]: Routed 955 of 1040 signal pins
[2026-08-10 18:43:30.188746] [openram.router.signal_escape_router/route]: Routed 956 of 1040 signal pins
[2026-08-10 18:43:32.080866] [openram.router.signal_escape_router/route]: Routed 957 of 1040 signal pins
[2026-08-10 18:43:33.969564] [openram.router.signal_escape_router/route]: Routed 958 of 1040 signal pins
[2026-08-10 18:43:35.860245] [openram.router.signal_escape_router/route]: Routed 959 of 1040 signal pins
[2026-08-10 18:43:37.767727] [openram.router.signal_escape_router/route]: Routed 960 of 1040 signal pins
[2026-08-10 18:43:39.652324] [openram.router.signal_escape_router/route]: Routed 961 of 1040 signal pins
[2026-08-10 18:43:41.525581] [openram.router.signal_escape_router/route]: Routed 962 of 1040 signal pins
[2026-08-10 18:43:43.408292] [openram.router.signal_escape_router/route]: Routed 963 of 1040 signal pins
[2026-08-10 18:43:45.274294] [openram.router.signal_escape_router/route]: Routed 964 of 1040 signal pins
[2026-08-10 18:43:47.180675] [openram.router.signal_escape_router/route]: Routed 965 of 1040 signal pins
[2026-08-10 18:43:49.091665] [openram.router.signal_escape_router/route]: Routed 966 of 1040 signal pins
[2026-08-10 18:43:51.012606] [openram.router.signal_escape_router/route]: Routed 967 of 1040 signal pins
[2026-08-10 18:43:52.939905] [openram.router.signal_escape_router/route]: Routed 968 of 1040 signal pins
[2026-08-10 18:43:54.869796] [openram.router.signal_escape_router/route]: Routed 969 of 1040 signal pins
[2026-08-10 18:43:56.828408] [openram.router.signal_escape_router/route]: Routed 970 of 1040 signal pins
[2026-08-10 18:43:58.749795] [openram.router.signal_escape_router/route]: Routed 971 of 1040 signal pins
[2026-08-10 18:44:00.702762] [openram.router.signal_escape_router/route]: Routed 972 of 1040 signal pins
[2026-08-10 18:44:02.648082] [openram.router.signal_escape_router/route]: Routed 973 of 1040 signal pins
[2026-08-10 18:44:04.590910] [openram.router.signal_escape_router/route]: Routed 974 of 1040 signal pins
[2026-08-10 18:44:06.565034] [openram.router.signal_escape_router/route]: Routed 975 of 1040 signal pins
[2026-08-10 18:44:08.526357] [openram.router.signal_escape_router/route]: Routed 976 of 1040 signal pins
[2026-08-10 18:44:10.485893] [openram.router.signal_escape_router/route]: Routed 977 of 1040 signal pins
[2026-08-10 18:44:12.501947] [openram.router.signal_escape_router/route]: Routed 978 of 1040 signal pins
[2026-08-10 18:44:14.501146] [openram.router.signal_escape_router/route]: Routed 979 of 1040 signal pins
[2026-08-10 18:44:16.495647] [openram.router.signal_escape_router/route]: Routed 980 of 1040 signal pins
[2026-08-10 18:44:18.476780] [openram.router.signal_escape_router/route]: Routed 981 of 1040 signal pins
[2026-08-10 18:44:20.450692] [openram.router.signal_escape_router/route]: Routed 982 of 1040 signal pins
[2026-08-10 18:44:22.466671] [openram.router.signal_escape_router/route]: Routed 983 of 1040 signal pins
[2026-08-10 18:44:24.476704] [openram.router.signal_escape_router/route]: Routed 984 of 1040 signal pins
[2026-08-10 18:44:26.486605] [openram.router.signal_escape_router/route]: Routed 985 of 1040 signal pins
[2026-08-10 18:44:28.504993] [openram.router.signal_escape_router/route]: Routed 986 of 1040 signal pins
[2026-08-10 18:44:30.524411] [openram.router.signal_escape_router/route]: Routed 987 of 1040 signal pins
[2026-08-10 18:44:32.562362] [openram.router.signal_escape_router/route]: Routed 988 of 1040 signal pins
[2026-08-10 18:44:34.628262] [openram.router.signal_escape_router/route]: Routed 989 of 1040 signal pins
[2026-08-10 18:44:36.726905] [openram.router.signal_escape_router/route]: Routed 990 of 1040 signal pins
[2026-08-10 18:44:38.793193] [openram.router.signal_escape_router/route]: Routed 991 of 1040 signal pins
[2026-08-10 18:44:40.860282] [openram.router.signal_escape_router/route]: Routed 992 of 1040 signal pins
[2026-08-10 18:44:42.936569] [openram.router.signal_escape_router/route]: Routed 993 of 1040 signal pins
[2026-08-10 18:44:45.023297] [openram.router.signal_escape_router/route]: Routed 994 of 1040 signal pins
[2026-08-10 18:44:47.118504] [openram.router.signal_escape_router/route]: Routed 995 of 1040 signal pins
[2026-08-10 18:44:49.237248] [openram.router.signal_escape_router/route]: Routed 996 of 1040 signal pins
[2026-08-10 18:44:51.334127] [openram.router.signal_escape_router/route]: Routed 997 of 1040 signal pins
[2026-08-10 18:44:53.455431] [openram.router.signal_escape_router/route]: Routed 998 of 1040 signal pins
[2026-08-10 18:44:55.557943] [openram.router.signal_escape_router/route]: Routed 999 of 1040 signal pins
[2026-08-10 18:44:57.669226] [openram.router.signal_escape_router/route]: Routed 1000 of 1040 signal pins
[2026-08-10 18:44:59.791544] [openram.router.signal_escape_router/route]: Routed 1001 of 1040 signal pins
[2026-08-10 18:45:01.921325] [openram.router.signal_escape_router/route]: Routed 1002 of 1040 signal pins
[2026-08-10 18:45:04.046295] [openram.router.signal_escape_router/route]: Routed 1003 of 1040 signal pins
[2026-08-10 18:45:06.177829] [openram.router.signal_escape_router/route]: Routed 1004 of 1040 signal pins
[2026-08-10 18:45:08.344910] [openram.router.signal_escape_router/route]: Routed 1005 of 1040 signal pins
[2026-08-10 18:45:10.476096] [openram.router.signal_escape_router/route]: Routed 1006 of 1040 signal pins
[2026-08-10 18:45:12.635555] [openram.router.signal_escape_router/route]: Routed 1007 of 1040 signal pins
[2026-08-10 18:45:14.804437] [openram.router.signal_escape_router/route]: Routed 1008 of 1040 signal pins
[2026-08-10 18:45:16.967131] [openram.router.signal_escape_router/route]: Routed 1009 of 1040 signal pins
[2026-08-10 18:45:19.148197] [openram.router.signal_escape_router/route]: Routed 1010 of 1040 signal pins
[2026-08-10 18:45:21.306503] [openram.router.signal_escape_router/route]: Routed 1011 of 1040 signal pins
[2026-08-10 18:45:23.510889] [openram.router.signal_escape_router/route]: Routed 1012 of 1040 signal pins
[2026-08-10 18:45:25.705130] [openram.router.signal_escape_router/route]: Routed 1013 of 1040 signal pins
[2026-08-10 18:45:27.877669] [openram.router.signal_escape_router/route]: Routed 1014 of 1040 signal pins
[2026-08-10 18:45:30.045514] [openram.router.signal_escape_router/route]: Routed 1015 of 1040 signal pins
[2026-08-10 18:45:32.230905] [openram.router.signal_escape_router/route]: Routed 1016 of 1040 signal pins
[2026-08-10 18:45:34.435449] [openram.router.signal_escape_router/route]: Routed 1017 of 1040 signal pins
[2026-08-10 18:45:36.618551] [openram.router.signal_escape_router/route]: Routed 1018 of 1040 signal pins
[2026-08-10 18:45:38.829202] [openram.router.signal_escape_router/route]: Routed 1019 of 1040 signal pins
[2026-08-10 18:45:41.041650] [openram.router.signal_escape_router/route]: Routed 1020 of 1040 signal pins
[2026-08-10 18:45:43.249029] [openram.router.signal_escape_router/route]: Routed 1021 of 1040 signal pins
[2026-08-10 18:45:45.460461] [openram.router.signal_escape_router/route]: Routed 1022 of 1040 signal pins
[2026-08-10 18:45:47.664302] [openram.router.signal_escape_router/route]: Routed 1023 of 1040 signal pins
[2026-08-10 18:45:49.890225] [openram.router.signal_escape_router/route]: Routed 1024 of 1040 signal pins
[2026-08-10 18:45:52.131198] [openram.router.signal_escape_router/route]: Routed 1025 of 1040 signal pins
[2026-08-10 18:45:54.389468] [openram.router.signal_escape_router/route]: Routed 1026 of 1040 signal pins
[2026-08-10 18:45:56.653483] [openram.router.signal_escape_router/route]: Routed 1027 of 1040 signal pins
[2026-08-10 18:45:58.907910] [openram.router.signal_escape_router/route]: Routed 1028 of 1040 signal pins
[2026-08-10 18:45:59.014841] [openram.router.signal_escape_router/route]: Routed 1029 of 1040 signal pins
[2026-08-10 18:45:59.178816] [openram.router.signal_escape_router/route]: Routed 1030 of 1040 signal pins
[2026-08-10 18:45:59.361597] [openram.router.signal_escape_router/route]: Routed 1031 of 1040 signal pins
[2026-08-10 18:45:59.565985] [openram.router.signal_escape_router/route]: Routed 1032 of 1040 signal pins
[2026-08-10 18:45:59.778462] [openram.router.signal_escape_router/route]: Routed 1033 of 1040 signal pins
[2026-08-10 18:46:00.082335] [openram.router.signal_escape_router/route]: Routed 1034 of 1040 signal pins
[2026-08-10 18:46:04.192305] [openram.router.signal_escape_router/route]: Routed 1035 of 1040 signal pins
[2026-08-10 18:46:46.785281] [openram.router.signal_escape_router/route]: Routed 1036 of 1040 signal pins
[2026-08-10 18:46:50.939841] [openram.router.signal_escape_router/route]: Routed 1037 of 1040 signal pins
[2026-08-10 18:46:55.097598] [openram.router.signal_escape_router/route]: Routed 1038 of 1040 signal pins
[2026-08-10 18:47:37.929616] [openram.router.signal_escape_router/route]: Routed 1039 of 1040 signal pins
[2026-08-10 18:48:20.121991] [openram.router.signal_escape_router/route]: Routed 1040 of 1040 signal pins
[2026-08-10 18:48:21.107150] [openram.router.router_tech/__init__]: Minimum track width: 0.680
[2026-08-10 18:48:21.107545] [openram.router.router_tech/__init__]: Minimum track space: 0.300
[2026-08-10 18:48:21.107867] [openram.router.router_tech/__init__]: Minimum track wire width: 0.380
[2026-08-10 18:48:21.108195] [openram.router.router_tech/__init__]: Track factor: v[1.4705882352941178,1.4705882352941178]
[2026-08-10 18:48:21.108465] [openram.router.supply_router/route]: Running router for vdd and gnd...
[2026-08-10 18:57:05.207698] [openram.router.supply_router/route]: Routed 1 of 1356 supply pins
[2026-08-10 18:57:05.297747] [openram.router.supply_router/route]: Routed 2 of 1356 supply pins
[2026-08-10 18:57:05.389492] [openram.router.supply_router/route]: Routed 3 of 1356 supply pins
[2026-08-10 18:57:05.482649] [openram.router.supply_router/route]: Routed 4 of 1356 supply pins
[2026-08-10 18:57:05.580362] [openram.router.supply_router/route]: Routed 5 of 1356 supply pins
[2026-08-10 18:57:05.673484] [openram.router.supply_router/route]: Routed 6 of 1356 supply pins
[2026-08-10 18:57:05.768068] [openram.router.supply_router/route]: Routed 7 of 1356 supply pins
[2026-08-10 18:57:05.861639] [openram.router.supply_router/route]: Routed 8 of 1356 supply pins
[2026-08-10 18:57:05.961422] [openram.router.supply_router/route]: Routed 9 of 1356 supply pins
[2026-08-10 18:57:06.068887] [openram.router.supply_router/route]: Routed 10 of 1356 supply pins
[2026-08-10 18:57:06.175096] [openram.router.supply_router/route]: Routed 11 of 1356 supply pins
[2026-08-10 18:57:06.270774] [openram.router.supply_router/route]: Routed 12 of 1356 supply pins
[2026-08-10 18:57:06.364079] [openram.router.supply_router/route]: Routed 13 of 1356 supply pins
[2026-08-10 18:57:06.456834] [openram.router.supply_router/route]: Routed 14 of 1356 supply pins
[2026-08-10 18:57:06.551918] [openram.router.supply_router/route]: Routed 15 of 1356 supply pins
[2026-08-10 18:57:06.647772] [openram.router.supply_router/route]: Routed 16 of 1356 supply pins
[2026-08-10 18:57:06.746444] [openram.router.supply_router/route]: Routed 17 of 1356 supply pins
[2026-08-10 18:57:06.843378] [openram.router.supply_router/route]: Routed 18 of 1356 supply pins
[2026-08-10 18:57:06.943836] [openram.router.supply_router/route]: Routed 19 of 1356 supply pins
[2026-08-10 18:57:07.041843] [openram.router.supply_router/route]: Routed 20 of 1356 supply pins
[2026-08-10 18:57:07.142803] [openram.router.supply_router/route]: Routed 21 of 1356 supply pins
[2026-08-10 18:57:07.245215] [openram.router.supply_router/route]: Routed 22 of 1356 supply pins
[2026-08-10 18:57:07.349777] [openram.router.supply_router/route]: Routed 23 of 1356 supply pins
[2026-08-10 18:57:07.452694] [openram.router.supply_router/route]: Routed 24 of 1356 supply pins
[2026-08-10 18:57:07.556787] [openram.router.supply_router/route]: Routed 25 of 1356 supply pins
[2026-08-10 18:57:07.666501] [openram.router.supply_router/route]: Routed 26 of 1356 supply pins
[2026-08-10 18:57:07.780946] [openram.router.supply_router/route]: Routed 27 of 1356 supply pins
[2026-08-10 18:57:07.889217] [openram.router.supply_router/route]: Routed 28 of 1356 supply pins
[2026-08-10 18:57:07.996262] [openram.router.supply_router/route]: Routed 29 of 1356 supply pins
[2026-08-10 18:57:08.110134] [openram.router.supply_router/route]: Routed 30 of 1356 supply pins
[2026-08-10 18:57:08.226485] [openram.router.supply_router/route]: Routed 31 of 1356 supply pins
[2026-08-10 18:57:08.336340] [openram.router.supply_router/route]: Routed 32 of 1356 supply pins
[2026-08-10 18:57:08.447958] [openram.router.supply_router/route]: Routed 33 of 1356 supply pins
[2026-08-10 18:57:08.560297] [openram.router.supply_router/route]: Routed 34 of 1356 supply pins
[2026-08-10 18:57:08.673073] [openram.router.supply_router/route]: Routed 35 of 1356 supply pins
[2026-08-10 18:57:08.786719] [openram.router.supply_router/route]: Routed 36 of 1356 supply pins
[2026-08-10 18:57:08.901783] [openram.router.supply_router/route]: Routed 37 of 1356 supply pins
[2026-08-10 18:57:09.019431] [openram.router.supply_router/route]: Routed 38 of 1356 supply pins
[2026-08-10 18:57:09.137712] [openram.router.supply_router/route]: Routed 39 of 1356 supply pins
[2026-08-10 18:57:09.261249] [openram.router.supply_router/route]: Routed 40 of 1356 supply pins
[2026-08-10 18:57:09.383542] [openram.router.supply_router/route]: Routed 41 of 1356 supply pins
[2026-08-10 18:57:09.504255] [openram.router.supply_router/route]: Routed 42 of 1356 supply pins
[2026-08-10 18:57:09.627524] [openram.router.supply_router/route]: Routed 43 of 1356 supply pins
[2026-08-10 18:57:09.751551] [openram.router.supply_router/route]: Routed 44 of 1356 supply pins
[2026-08-10 18:57:09.882434] [openram.router.supply_router/route]: Routed 45 of 1356 supply pins
[2026-08-10 18:57:10.014694] [openram.router.supply_router/route]: Routed 46 of 1356 supply pins
[2026-08-10 18:57:10.142467] [openram.router.supply_router/route]: Routed 47 of 1356 supply pins
[2026-08-10 18:57:10.282223] [openram.router.supply_router/route]: Routed 48 of 1356 supply pins
[2026-08-10 18:57:10.413693] [openram.router.supply_router/route]: Routed 49 of 1356 supply pins
[2026-08-10 18:57:10.546114] [openram.router.supply_router/route]: Routed 50 of 1356 supply pins
[2026-08-10 18:57:10.680396] [openram.router.supply_router/route]: Routed 51 of 1356 supply pins
[2026-08-10 18:57:10.813857] [openram.router.supply_router/route]: Routed 52 of 1356 supply pins
[2026-08-10 18:57:10.948613] [openram.router.supply_router/route]: Routed 53 of 1356 supply pins
[2026-08-10 18:57:11.080824] [openram.router.supply_router/route]: Routed 54 of 1356 supply pins
[2026-08-10 18:57:11.213725] [openram.router.supply_router/route]: Routed 55 of 1356 supply pins
[2026-08-10 18:57:11.346899] [openram.router.supply_router/route]: Routed 56 of 1356 supply pins
[2026-08-10 18:57:11.483042] [openram.router.supply_router/route]: Routed 57 of 1356 supply pins
[2026-08-10 18:57:11.623608] [openram.router.supply_router/route]: Routed 58 of 1356 supply pins
[2026-08-10 18:57:11.762385] [openram.router.supply_router/route]: Routed 59 of 1356 supply pins
[2026-08-10 18:57:11.903584] [openram.router.supply_router/route]: Routed 60 of 1356 supply pins
[2026-08-10 18:57:12.052793] [openram.router.supply_router/route]: Routed 61 of 1356 supply pins
[2026-08-10 18:57:12.204338] [openram.router.supply_router/route]: Routed 62 of 1356 supply pins
[2026-08-10 18:57:12.363675] [openram.router.supply_router/route]: Routed 63 of 1356 supply pins
[2026-08-10 18:57:12.514043] [openram.router.supply_router/route]: Routed 64 of 1356 supply pins
[2026-08-10 18:57:12.665211] [openram.router.supply_router/route]: Routed 65 of 1356 supply pins
[2026-08-10 18:57:12.818375] [openram.router.supply_router/route]: Routed 66 of 1356 supply pins
[2026-08-10 18:57:12.972848] [openram.router.supply_router/route]: Routed 67 of 1356 supply pins
[2026-08-10 18:57:13.128696] [openram.router.supply_router/route]: Routed 68 of 1356 supply pins
[2026-08-10 18:57:13.288781] [openram.router.supply_router/route]: Routed 69 of 1356 supply pins
[2026-08-10 18:57:13.448203] [openram.router.supply_router/route]: Routed 70 of 1356 supply pins
[2026-08-10 18:57:13.610043] [openram.router.supply_router/route]: Routed 71 of 1356 supply pins
[2026-08-10 18:57:13.771755] [openram.router.supply_router/route]: Routed 72 of 1356 supply pins
[2026-08-10 18:57:13.938335] [openram.router.supply_router/route]: Routed 73 of 1356 supply pins
[2026-08-10 18:57:14.106127] [openram.router.supply_router/route]: Routed 74 of 1356 supply pins
[2026-08-10 18:57:14.282536] [openram.router.supply_router/route]: Routed 75 of 1356 supply pins
[2026-08-10 18:57:14.460106] [openram.router.supply_router/route]: Routed 76 of 1356 supply pins
[2026-08-10 18:57:14.633646] [openram.router.supply_router/route]: Routed 77 of 1356 supply pins
[2026-08-10 18:57:14.835363] [openram.router.supply_router/route]: Routed 78 of 1356 supply pins
[2026-08-10 18:57:14.912022] [openram.router.supply_router/route]: Routed 79 of 1356 supply pins
[2026-08-10 18:57:14.989149] [openram.router.supply_router/route]: Routed 80 of 1356 supply pins
[2026-08-10 18:57:15.064904] [openram.router.supply_router/route]: Routed 81 of 1356 supply pins
[2026-08-10 18:57:15.141760] [openram.router.supply_router/route]: Routed 82 of 1356 supply pins
[2026-08-10 18:57:15.219788] [openram.router.supply_router/route]: Routed 83 of 1356 supply pins
[2026-08-10 18:57:15.296112] [openram.router.supply_router/route]: Routed 84 of 1356 supply pins
[2026-08-10 18:57:15.376980] [openram.router.supply_router/route]: Routed 85 of 1356 supply pins
[2026-08-10 18:57:15.456976] [openram.router.supply_router/route]: Routed 86 of 1356 supply pins
[2026-08-10 18:57:15.537440] [openram.router.supply_router/route]: Routed 87 of 1356 supply pins
[2026-08-10 18:57:15.617019] [openram.router.supply_router/route]: Routed 88 of 1356 supply pins
[2026-08-10 18:57:15.696260] [openram.router.supply_router/route]: Routed 89 of 1356 supply pins
[2026-08-10 18:57:15.776352] [openram.router.supply_router/route]: Routed 90 of 1356 supply pins
[2026-08-10 18:57:15.856235] [openram.router.supply_router/route]: Routed 91 of 1356 supply pins
[2026-08-10 18:57:15.984427] [openram.router.supply_router/route]: Routed 92 of 1356 supply pins
[2026-08-10 18:57:16.071165] [openram.router.supply_router/route]: Routed 93 of 1356 supply pins
[2026-08-10 18:57:16.155141] [openram.router.supply_router/route]: Routed 94 of 1356 supply pins
[2026-08-10 18:57:16.239106] [openram.router.supply_router/route]: Routed 95 of 1356 supply pins
[2026-08-10 18:57:16.325658] [openram.router.supply_router/route]: Routed 96 of 1356 supply pins
[2026-08-10 18:57:16.413290] [openram.router.supply_router/route]: Routed 97 of 1356 supply pins
[2026-08-10 18:57:16.507466] [openram.router.supply_router/route]: Routed 98 of 1356 supply pins
[2026-08-10 18:57:16.597890] [openram.router.supply_router/route]: Routed 99 of 1356 supply pins
[2026-08-10 18:57:16.685592] [openram.router.supply_router/route]: Routed 100 of 1356 supply pins
[2026-08-10 18:57:16.772836] [openram.router.supply_router/route]: Routed 101 of 1356 supply pins
[2026-08-10 18:57:16.861650] [openram.router.supply_router/route]: Routed 102 of 1356 supply pins
[2026-08-10 18:57:16.949857] [openram.router.supply_router/route]: Routed 103 of 1356 supply pins
[2026-08-10 18:57:17.040832] [openram.router.supply_router/route]: Routed 104 of 1356 supply pins
[2026-08-10 18:57:17.130268] [openram.router.supply_router/route]: Routed 105 of 1356 supply pins
[2026-08-10 18:57:17.223007] [openram.router.supply_router/route]: Routed 106 of 1356 supply pins
[2026-08-10 18:57:17.351843] [openram.router.supply_router/route]: Routed 107 of 1356 supply pins
[2026-08-10 18:57:17.450581] [openram.router.supply_router/route]: Routed 108 of 1356 supply pins
[2026-08-10 18:57:17.544721] [openram.router.supply_router/route]: Routed 109 of 1356 supply pins
[2026-08-10 18:57:17.637141] [openram.router.supply_router/route]: Routed 110 of 1356 supply pins
[2026-08-10 18:57:17.731016] [openram.router.supply_router/route]: Routed 111 of 1356 supply pins
[2026-08-10 18:57:17.827724] [openram.router.supply_router/route]: Routed 112 of 1356 supply pins
[2026-08-10 18:57:17.923781] [openram.router.supply_router/route]: Routed 113 of 1356 supply pins
[2026-08-10 18:57:18.021998] [openram.router.supply_router/route]: Routed 114 of 1356 supply pins
[2026-08-10 18:57:18.121392] [openram.router.supply_router/route]: Routed 115 of 1356 supply pins
[2026-08-10 18:57:18.222918] [openram.router.supply_router/route]: Routed 116 of 1356 supply pins
[2026-08-10 18:57:18.323480] [openram.router.supply_router/route]: Routed 117 of 1356 supply pins
[2026-08-10 18:57:18.425883] [openram.router.supply_router/route]: Routed 118 of 1356 supply pins
[2026-08-10 18:57:18.533140] [openram.router.supply_router/route]: Routed 119 of 1356 supply pins
[2026-08-10 18:57:18.647702] [openram.router.supply_router/route]: Routed 120 of 1356 supply pins
[2026-08-10 18:57:18.756905] [openram.router.supply_router/route]: Routed 121 of 1356 supply pins
[2026-08-10 18:57:18.887100] [openram.router.supply_router/route]: Routed 122 of 1356 supply pins
[2026-08-10 18:57:19.005474] [openram.router.supply_router/route]: Routed 123 of 1356 supply pins
[2026-08-10 18:57:19.114138] [openram.router.supply_router/route]: Routed 124 of 1356 supply pins
[2026-08-10 18:57:19.224981] [openram.router.supply_router/route]: Routed 125 of 1356 supply pins
[2026-08-10 18:57:19.328376] [openram.router.supply_router/route]: Routed 126 of 1356 supply pins
[2026-08-10 18:57:19.431739] [openram.router.supply_router/route]: Routed 127 of 1356 supply pins
[2026-08-10 18:57:19.537401] [openram.router.supply_router/route]: Routed 128 of 1356 supply pins
[2026-08-10 18:57:19.645198] [openram.router.supply_router/route]: Routed 129 of 1356 supply pins
[2026-08-10 18:57:19.753371] [openram.router.supply_router/route]: Routed 130 of 1356 supply pins
[2026-08-10 18:57:19.862979] [openram.router.supply_router/route]: Routed 131 of 1356 supply pins
[2026-08-10 18:57:19.976859] [openram.router.supply_router/route]: Routed 132 of 1356 supply pins
[2026-08-10 18:57:20.091220] [openram.router.supply_router/route]: Routed 133 of 1356 supply pins
[2026-08-10 18:57:20.208892] [openram.router.supply_router/route]: Routed 134 of 1356 supply pins
[2026-08-10 18:57:20.337867] [openram.router.supply_router/route]: Routed 135 of 1356 supply pins
[2026-08-10 18:57:20.460059] [openram.router.supply_router/route]: Routed 136 of 1356 supply pins
[2026-08-10 18:57:20.592973] [openram.router.supply_router/route]: Routed 137 of 1356 supply pins
[2026-08-10 18:57:20.741039] [openram.router.supply_router/route]: Routed 138 of 1356 supply pins
[2026-08-10 18:57:20.868014] [openram.router.supply_router/route]: Routed 139 of 1356 supply pins
[2026-08-10 18:57:20.993381] [openram.router.supply_router/route]: Routed 140 of 1356 supply pins
[2026-08-10 18:57:21.120210] [openram.router.supply_router/route]: Routed 141 of 1356 supply pins
[2026-08-10 18:57:21.255723] [openram.router.supply_router/route]: Routed 142 of 1356 supply pins
[2026-08-10 18:57:21.398342] [openram.router.supply_router/route]: Routed 143 of 1356 supply pins
[2026-08-10 18:57:21.541171] [openram.router.supply_router/route]: Routed 144 of 1356 supply pins
[2026-08-10 18:57:21.689595] [openram.router.supply_router/route]: Routed 145 of 1356 supply pins
[2026-08-10 18:57:21.835425] [openram.router.supply_router/route]: Routed 146 of 1356 supply pins
[2026-08-10 18:57:21.982372] [openram.router.supply_router/route]: Routed 147 of 1356 supply pins
[2026-08-10 18:57:22.130645] [openram.router.supply_router/route]: Routed 148 of 1356 supply pins
[2026-08-10 18:57:22.279060] [openram.router.supply_router/route]: Routed 149 of 1356 supply pins
[2026-08-10 18:57:22.427038] [openram.router.supply_router/route]: Routed 150 of 1356 supply pins
[2026-08-10 18:57:22.627626] [openram.router.supply_router/route]: Routed 151 of 1356 supply pins
[2026-08-10 18:57:22.762940] [openram.router.supply_router/route]: Routed 152 of 1356 supply pins
[2026-08-10 18:57:22.922793] [openram.router.supply_router/route]: Routed 153 of 1356 supply pins
[2026-08-10 18:57:23.085700] [openram.router.supply_router/route]: Routed 154 of 1356 supply pins
[2026-08-10 18:57:23.277543] [openram.router.supply_router/route]: Routed 155 of 1356 supply pins
[2026-08-10 18:57:23.481122] [openram.router.supply_router/route]: Routed 156 of 1356 supply pins
[2026-08-10 18:57:23.711866] [openram.router.supply_router/route]: Routed 157 of 1356 supply pins
[2026-08-10 18:57:23.954545] [openram.router.supply_router/route]: Routed 158 of 1356 supply pins
[2026-08-10 18:57:24.222498] [openram.router.supply_router/route]: Routed 159 of 1356 supply pins
[2026-08-10 18:57:24.502607] [openram.router.supply_router/route]: Routed 160 of 1356 supply pins
[2026-08-10 18:57:24.798901] [openram.router.supply_router/route]: Routed 161 of 1356 supply pins
[2026-08-10 18:57:25.140664] [openram.router.supply_router/route]: Routed 162 of 1356 supply pins
[2026-08-10 18:57:25.475698] [openram.router.supply_router/route]: Routed 163 of 1356 supply pins
[2026-08-10 18:57:25.832177] [openram.router.supply_router/route]: Routed 164 of 1356 supply pins
[2026-08-10 18:57:26.197630] [openram.router.supply_router/route]: Routed 165 of 1356 supply pins
[2026-08-10 18:57:26.587471] [openram.router.supply_router/route]: Routed 166 of 1356 supply pins
[2026-08-10 18:57:27.003329] [openram.router.supply_router/route]: Routed 167 of 1356 supply pins
[2026-08-10 18:57:27.453176] [openram.router.supply_router/route]: Routed 168 of 1356 supply pins
[2026-08-10 18:57:27.906196] [openram.router.supply_router/route]: Routed 169 of 1356 supply pins
[2026-08-10 18:57:28.376016] [openram.router.supply_router/route]: Routed 170 of 1356 supply pins
[2026-08-10 18:57:28.863695] [openram.router.supply_router/route]: Routed 171 of 1356 supply pins
[2026-08-10 18:57:29.394408] [openram.router.supply_router/route]: Routed 172 of 1356 supply pins
[2026-08-10 18:57:29.566953] [openram.router.supply_router/route]: Routed 173 of 1356 supply pins
[2026-08-10 18:57:29.741812] [openram.router.supply_router/route]: Routed 174 of 1356 supply pins
[2026-08-10 18:57:29.916234] [openram.router.supply_router/route]: Routed 175 of 1356 supply pins
[2026-08-10 18:57:31.058037] [openram.router.supply_router/route]: Routed 176 of 1356 supply pins
[2026-08-10 18:57:32.246212] [openram.router.supply_router/route]: Routed 177 of 1356 supply pins
[2026-08-10 18:57:32.338074] [openram.router.supply_router/route]: Routed 178 of 1356 supply pins
[2026-08-10 18:57:32.427774] [openram.router.supply_router/route]: Routed 179 of 1356 supply pins
[2026-08-10 18:57:32.518275] [openram.router.supply_router/route]: Routed 180 of 1356 supply pins
[2026-08-10 18:57:32.610250] [openram.router.supply_router/route]: Routed 181 of 1356 supply pins
[2026-08-10 18:57:32.700492] [openram.router.supply_router/route]: Routed 182 of 1356 supply pins
[2026-08-10 18:57:32.791709] [openram.router.supply_router/route]: Routed 183 of 1356 supply pins
[2026-08-10 18:57:32.884943] [openram.router.supply_router/route]: Routed 184 of 1356 supply pins
[2026-08-10 18:57:32.980346] [openram.router.supply_router/route]: Routed 185 of 1356 supply pins
[2026-08-10 18:57:33.073036] [openram.router.supply_router/route]: Routed 186 of 1356 supply pins
[2026-08-10 18:57:33.166272] [openram.router.supply_router/route]: Routed 187 of 1356 supply pins
[2026-08-10 18:57:33.270862] [openram.router.supply_router/route]: Routed 188 of 1356 supply pins
[2026-08-10 18:57:33.368716] [openram.router.supply_router/route]: Routed 189 of 1356 supply pins
[2026-08-10 18:57:33.462328] [openram.router.supply_router/route]: Routed 190 of 1356 supply pins
[2026-08-10 18:57:33.560329] [openram.router.supply_router/route]: Routed 191 of 1356 supply pins
[2026-08-10 18:57:33.665099] [openram.router.supply_router/route]: Routed 192 of 1356 supply pins
[2026-08-10 18:57:34.198497] [openram.router.supply_router/route]: Routed 193 of 1356 supply pins
[2026-08-10 18:57:34.744647] [openram.router.supply_router/route]: Routed 194 of 1356 supply pins
[2026-08-10 18:57:35.335488] [openram.router.supply_router/route]: Routed 195 of 1356 supply pins
[2026-08-10 18:57:35.957953] [openram.router.supply_router/route]: Routed 196 of 1356 supply pins
[2026-08-10 18:57:36.581765] [openram.router.supply_router/route]: Routed 197 of 1356 supply pins
[2026-08-10 18:57:37.217216] [openram.router.supply_router/route]: Routed 198 of 1356 supply pins
[2026-08-10 18:57:37.876082] [openram.router.supply_router/route]: Routed 199 of 1356 supply pins
[2026-08-10 18:57:38.551727] [openram.router.supply_router/route]: Routed 200 of 1356 supply pins
[2026-08-10 18:57:39.241659] [openram.router.supply_router/route]: Routed 201 of 1356 supply pins
[2026-08-10 18:57:39.962841] [openram.router.supply_router/route]: Routed 202 of 1356 supply pins
[2026-08-10 18:57:40.704500] [openram.router.supply_router/route]: Routed 203 of 1356 supply pins
[2026-08-10 18:57:41.464168] [openram.router.supply_router/route]: Routed 204 of 1356 supply pins
[2026-08-10 18:57:42.246719] [openram.router.supply_router/route]: Routed 205 of 1356 supply pins
[2026-08-10 18:57:43.039374] [openram.router.supply_router/route]: Routed 206 of 1356 supply pins
[2026-08-10 18:57:43.857829] [openram.router.supply_router/route]: Routed 207 of 1356 supply pins
[2026-08-10 18:57:44.696025] [openram.router.supply_router/route]: Routed 208 of 1356 supply pins
[2026-08-10 18:57:45.537729] [openram.router.supply_router/route]: Routed 209 of 1356 supply pins
[2026-08-10 18:57:46.406153] [openram.router.supply_router/route]: Routed 210 of 1356 supply pins
[2026-08-10 18:57:47.295493] [openram.router.supply_router/route]: Routed 211 of 1356 supply pins
[2026-08-10 18:57:48.212282] [openram.router.supply_router/route]: Routed 212 of 1356 supply pins
[2026-08-10 18:57:49.164265] [openram.router.supply_router/route]: Routed 213 of 1356 supply pins
[2026-08-10 18:57:50.131133] [openram.router.supply_router/route]: Routed 214 of 1356 supply pins
[2026-08-10 18:57:51.120872] [openram.router.supply_router/route]: Routed 215 of 1356 supply pins
[2026-08-10 18:57:52.135341] [openram.router.supply_router/route]: Routed 216 of 1356 supply pins
[2026-08-10 18:57:53.157722] [openram.router.supply_router/route]: Routed 217 of 1356 supply pins
[2026-08-10 18:57:54.198618] [openram.router.supply_router/route]: Routed 218 of 1356 supply pins
[2026-08-10 18:57:55.241585] [openram.router.supply_router/route]: Routed 219 of 1356 supply pins
[2026-08-10 18:57:56.311927] [openram.router.supply_router/route]: Routed 220 of 1356 supply pins
[2026-08-10 18:57:57.403097] [openram.router.supply_router/route]: Routed 221 of 1356 supply pins
[2026-08-10 18:57:58.510354] [openram.router.supply_router/route]: Routed 222 of 1356 supply pins
[2026-08-10 18:57:59.629041] [openram.router.supply_router/route]: Routed 223 of 1356 supply pins
[2026-08-10 18:58:00.762619] [openram.router.supply_router/route]: Routed 224 of 1356 supply pins
[2026-08-10 18:58:01.913886] [openram.router.supply_router/route]: Routed 225 of 1356 supply pins
[2026-08-10 18:58:03.083874] [openram.router.supply_router/route]: Routed 226 of 1356 supply pins
[2026-08-10 18:58:04.277948] [openram.router.supply_router/route]: Routed 227 of 1356 supply pins
[2026-08-10 18:58:05.483203] [openram.router.supply_router/route]: Routed 228 of 1356 supply pins
[2026-08-10 18:58:06.715907] [openram.router.supply_router/route]: Routed 229 of 1356 supply pins
[2026-08-10 18:58:07.978660] [openram.router.supply_router/route]: Routed 230 of 1356 supply pins
[2026-08-10 18:58:09.260437] [openram.router.supply_router/route]: Routed 231 of 1356 supply pins
[2026-08-10 18:58:10.539640] [openram.router.supply_router/route]: Routed 232 of 1356 supply pins
[2026-08-10 18:58:11.840958] [openram.router.supply_router/route]: Routed 233 of 1356 supply pins
[2026-08-10 18:58:13.183442] [openram.router.supply_router/route]: Routed 234 of 1356 supply pins
[2026-08-10 18:58:14.517067] [openram.router.supply_router/route]: Routed 235 of 1356 supply pins
[2026-08-10 18:58:15.901717] [openram.router.supply_router/route]: Routed 236 of 1356 supply pins
[2026-08-10 18:58:17.308676] [openram.router.supply_router/route]: Routed 237 of 1356 supply pins
[2026-08-10 18:58:18.695392] [openram.router.supply_router/route]: Routed 238 of 1356 supply pins
[2026-08-10 18:58:20.135322] [openram.router.supply_router/route]: Routed 239 of 1356 supply pins
[2026-08-10 18:58:21.583059] [openram.router.supply_router/route]: Routed 240 of 1356 supply pins
[2026-08-10 18:58:23.053133] [openram.router.supply_router/route]: Routed 241 of 1356 supply pins
[2026-08-10 18:58:24.559424] [openram.router.supply_router/route]: Routed 242 of 1356 supply pins
[2026-08-10 18:58:26.089306] [openram.router.supply_router/route]: Routed 243 of 1356 supply pins
[2026-08-10 18:58:27.607469] [openram.router.supply_router/route]: Routed 244 of 1356 supply pins
[2026-08-10 18:58:29.161383] [openram.router.supply_router/route]: Routed 245 of 1356 supply pins
[2026-08-10 18:58:30.727370] [openram.router.supply_router/route]: Routed 246 of 1356 supply pins
[2026-08-10 18:58:32.315155] [openram.router.supply_router/route]: Routed 247 of 1356 supply pins
[2026-08-10 18:58:33.934745] [openram.router.supply_router/route]: Routed 248 of 1356 supply pins
[2026-08-10 18:58:35.546740] [openram.router.supply_router/route]: Routed 249 of 1356 supply pins
[2026-08-10 18:58:37.191161] [openram.router.supply_router/route]: Routed 250 of 1356 supply pins
[2026-08-10 18:58:38.877923] [openram.router.supply_router/route]: Routed 251 of 1356 supply pins
[2026-08-10 18:58:46.794712] [openram.router.supply_router/route]: Routed 252 of 1356 supply pins
[2026-08-10 18:58:54.702282] [openram.router.supply_router/route]: Routed 253 of 1356 supply pins
[2026-08-10 18:58:54.834717] [openram.router.supply_router/route]: Routed 254 of 1356 supply pins
[2026-08-10 18:58:54.986286] [openram.router.supply_router/route]: Routed 255 of 1356 supply pins
[2026-08-10 18:58:55.151362] [openram.router.supply_router/route]: Routed 256 of 1356 supply pins
[2026-08-10 18:58:55.329086] [openram.router.supply_router/route]: Routed 257 of 1356 supply pins
[2026-08-10 18:58:55.527381] [openram.router.supply_router/route]: Routed 258 of 1356 supply pins
[2026-08-10 18:58:55.744437] [openram.router.supply_router/route]: Routed 259 of 1356 supply pins
[2026-08-10 18:58:55.981024] [openram.router.supply_router/route]: Routed 260 of 1356 supply pins
[2026-08-10 18:58:56.232546] [openram.router.supply_router/route]: Routed 261 of 1356 supply pins
[2026-08-10 18:58:56.516374] [openram.router.supply_router/route]: Routed 262 of 1356 supply pins
[2026-08-10 18:58:56.807235] [openram.router.supply_router/route]: Routed 263 of 1356 supply pins
[2026-08-10 18:58:57.127303] [openram.router.supply_router/route]: Routed 264 of 1356 supply pins
[2026-08-10 18:58:57.453219] [openram.router.supply_router/route]: Routed 265 of 1356 supply pins
[2026-08-10 18:58:57.797163] [openram.router.supply_router/route]: Routed 266 of 1356 supply pins
[2026-08-10 18:58:58.176609] [openram.router.supply_router/route]: Routed 267 of 1356 supply pins
[2026-08-10 18:58:58.582844] [openram.router.supply_router/route]: Routed 268 of 1356 supply pins
[2026-08-10 18:58:58.994986] [openram.router.supply_router/route]: Routed 269 of 1356 supply pins
[2026-08-10 18:58:59.421944] [openram.router.supply_router/route]: Routed 270 of 1356 supply pins
[2026-08-10 18:58:59.862637] [openram.router.supply_router/route]: Routed 271 of 1356 supply pins
[2026-08-10 18:59:00.322723] [openram.router.supply_router/route]: Routed 272 of 1356 supply pins
[2026-08-10 18:59:00.783556] [openram.router.supply_router/route]: Routed 273 of 1356 supply pins
[2026-08-10 18:59:01.281774] [openram.router.supply_router/route]: Routed 274 of 1356 supply pins
[2026-08-10 18:59:01.381657] [openram.router.supply_router/route]: Routed 275 of 1356 supply pins
[2026-08-10 18:59:01.480550] [openram.router.supply_router/route]: Routed 276 of 1356 supply pins
[2026-08-10 18:59:01.581101] [openram.router.supply_router/route]: Routed 277 of 1356 supply pins
[2026-08-10 18:59:01.689789] [openram.router.supply_router/route]: Routed 278 of 1356 supply pins
[2026-08-10 18:59:01.800778] [openram.router.supply_router/route]: Routed 279 of 1356 supply pins
[2026-08-10 18:59:01.928195] [openram.router.supply_router/route]: Routed 280 of 1356 supply pins
[2026-08-10 18:59:02.058838] [openram.router.supply_router/route]: Routed 281 of 1356 supply pins
[2026-08-10 18:59:02.173836] [openram.router.supply_router/route]: Routed 282 of 1356 supply pins
[2026-08-10 18:59:02.283651] [openram.router.supply_router/route]: Routed 283 of 1356 supply pins
[2026-08-10 18:59:02.391625] [openram.router.supply_router/route]: Routed 284 of 1356 supply pins
[2026-08-10 18:59:02.501354] [openram.router.supply_router/route]: Routed 285 of 1356 supply pins
[2026-08-10 18:59:02.610568] [openram.router.supply_router/route]: Routed 286 of 1356 supply pins
[2026-08-10 18:59:02.718276] [openram.router.supply_router/route]: Routed 287 of 1356 supply pins
[2026-08-10 18:59:02.829568] [openram.router.supply_router/route]: Routed 288 of 1356 supply pins
[2026-08-10 18:59:02.942428] [openram.router.supply_router/route]: Routed 289 of 1356 supply pins
[2026-08-10 18:59:03.055976] [openram.router.supply_router/route]: Routed 290 of 1356 supply pins
[2026-08-10 18:59:03.174326] [openram.router.supply_router/route]: Routed 291 of 1356 supply pins
[2026-08-10 18:59:03.297419] [openram.router.supply_router/route]: Routed 292 of 1356 supply pins
[2026-08-10 18:59:03.412338] [openram.router.supply_router/route]: Routed 293 of 1356 supply pins
[2026-08-10 18:59:03.528149] [openram.router.supply_router/route]: Routed 294 of 1356 supply pins
[2026-08-10 18:59:03.644821] [openram.router.supply_router/route]: Routed 295 of 1356 supply pins
[2026-08-10 18:59:03.762395] [openram.router.supply_router/route]: Routed 296 of 1356 supply pins
[2026-08-10 18:59:03.880999] [openram.router.supply_router/route]: Routed 297 of 1356 supply pins
[2026-08-10 18:59:04.001300] [openram.router.supply_router/route]: Routed 298 of 1356 supply pins
[2026-08-10 18:59:04.123039] [openram.router.supply_router/route]: Routed 299 of 1356 supply pins
[2026-08-10 18:59:04.249245] [openram.router.supply_router/route]: Routed 300 of 1356 supply pins
[2026-08-10 18:59:04.381673] [openram.router.supply_router/route]: Routed 301 of 1356 supply pins
[2026-08-10 18:59:04.507637] [openram.router.supply_router/route]: Routed 302 of 1356 supply pins
[2026-08-10 18:59:04.632331] [openram.router.supply_router/route]: Routed 303 of 1356 supply pins
[2026-08-10 18:59:04.760031] [openram.router.supply_router/route]: Routed 304 of 1356 supply pins
[2026-08-10 18:59:04.887302] [openram.router.supply_router/route]: Routed 305 of 1356 supply pins
[2026-08-10 18:59:05.016906] [openram.router.supply_router/route]: Routed 306 of 1356 supply pins
[2026-08-10 18:59:05.148485] [openram.router.supply_router/route]: Routed 307 of 1356 supply pins
[2026-08-10 18:59:05.285961] [openram.router.supply_router/route]: Routed 308 of 1356 supply pins
[2026-08-10 18:59:05.425164] [openram.router.supply_router/route]: Routed 309 of 1356 supply pins
[2026-08-10 18:59:05.558151] [openram.router.supply_router/route]: Routed 310 of 1356 supply pins
[2026-08-10 18:59:05.689107] [openram.router.supply_router/route]: Routed 311 of 1356 supply pins
[2026-08-10 18:59:05.823309] [openram.router.supply_router/route]: Routed 312 of 1356 supply pins
[2026-08-10 18:59:05.958734] [openram.router.supply_router/route]: Routed 313 of 1356 supply pins
[2026-08-10 18:59:06.093765] [openram.router.supply_router/route]: Routed 314 of 1356 supply pins
[2026-08-10 18:59:06.230347] [openram.router.supply_router/route]: Routed 315 of 1356 supply pins
[2026-08-10 18:59:06.369431] [openram.router.supply_router/route]: Routed 316 of 1356 supply pins
[2026-08-10 18:59:06.517905] [openram.router.supply_router/route]: Routed 317 of 1356 supply pins
[2026-08-10 18:59:06.660463] [openram.router.supply_router/route]: Routed 318 of 1356 supply pins
[2026-08-10 18:59:06.802963] [openram.router.supply_router/route]: Routed 319 of 1356 supply pins
[2026-08-10 18:59:06.951035] [openram.router.supply_router/route]: Routed 320 of 1356 supply pins
[2026-08-10 18:59:07.099427] [openram.router.supply_router/route]: Routed 321 of 1356 supply pins
[2026-08-10 18:59:07.248750] [openram.router.supply_router/route]: Routed 322 of 1356 supply pins
[2026-08-10 18:59:07.404828] [openram.router.supply_router/route]: Routed 323 of 1356 supply pins
[2026-08-10 18:59:07.559804] [openram.router.supply_router/route]: Routed 324 of 1356 supply pins
[2026-08-10 18:59:07.712251] [openram.router.supply_router/route]: Routed 325 of 1356 supply pins
[2026-08-10 18:59:07.865958] [openram.router.supply_router/route]: Routed 326 of 1356 supply pins
[2026-08-10 18:59:08.021575] [openram.router.supply_router/route]: Routed 327 of 1356 supply pins
[2026-08-10 18:59:08.460447] [openram.router.supply_router/route]: Routed 328 of 1356 supply pins
[2026-08-10 18:59:08.634320] [openram.router.supply_router/route]: Routed 329 of 1356 supply pins
[2026-08-10 18:59:08.809627] [openram.router.supply_router/route]: Routed 330 of 1356 supply pins
[2026-08-10 18:59:08.985798] [openram.router.supply_router/route]: Routed 331 of 1356 supply pins
[2026-08-10 18:59:09.159337] [openram.router.supply_router/route]: Routed 332 of 1356 supply pins
[2026-08-10 18:59:09.333347] [openram.router.supply_router/route]: Routed 333 of 1356 supply pins
[2026-08-10 18:59:09.513723] [openram.router.supply_router/route]: Routed 334 of 1356 supply pins
[2026-08-10 18:59:09.692336] [openram.router.supply_router/route]: Routed 335 of 1356 supply pins
[2026-08-10 18:59:09.933175] [openram.router.supply_router/route]: Routed 336 of 1356 supply pins
[2026-08-10 18:59:10.186886] [openram.router.supply_router/route]: Routed 337 of 1356 supply pins
[2026-08-10 18:59:10.448718] [openram.router.supply_router/route]: Routed 338 of 1356 supply pins
[2026-08-10 18:59:10.727177] [openram.router.supply_router/route]: Routed 339 of 1356 supply pins
[2026-08-10 18:59:11.021064] [openram.router.supply_router/route]: Routed 340 of 1356 supply pins
[2026-08-10 18:59:13.325884] [openram.router.supply_router/route]: Routed 341 of 1356 supply pins
[2026-08-10 18:59:15.564036] [openram.router.supply_router/route]: Routed 342 of 1356 supply pins
[2026-08-10 18:59:15.888265] [openram.router.supply_router/route]: Routed 343 of 1356 supply pins
[2026-08-10 18:59:16.210910] [openram.router.supply_router/route]: Routed 344 of 1356 supply pins
[2026-08-10 18:59:16.546630] [openram.router.supply_router/route]: Routed 345 of 1356 supply pins
[2026-08-10 18:59:16.896084] [openram.router.supply_router/route]: Routed 346 of 1356 supply pins
[2026-08-10 18:59:17.267373] [openram.router.supply_router/route]: Routed 347 of 1356 supply pins
[2026-08-10 18:59:17.639154] [openram.router.supply_router/route]: Routed 348 of 1356 supply pins
[2026-08-10 18:59:18.033251] [openram.router.supply_router/route]: Routed 349 of 1356 supply pins
[2026-08-10 18:59:18.425800] [openram.router.supply_router/route]: Routed 350 of 1356 supply pins
[2026-08-10 18:59:18.831828] [openram.router.supply_router/route]: Routed 351 of 1356 supply pins
[2026-08-10 18:59:19.253121] [openram.router.supply_router/route]: Routed 352 of 1356 supply pins
[2026-08-10 18:59:19.691250] [openram.router.supply_router/route]: Routed 353 of 1356 supply pins
[2026-08-10 18:59:20.154173] [openram.router.supply_router/route]: Routed 354 of 1356 supply pins
[2026-08-10 18:59:20.605199] [openram.router.supply_router/route]: Routed 355 of 1356 supply pins
[2026-08-10 18:59:21.068311] [openram.router.supply_router/route]: Routed 356 of 1356 supply pins
[2026-08-10 18:59:21.560490] [openram.router.supply_router/route]: Routed 357 of 1356 supply pins
[2026-08-10 18:59:22.059001] [openram.router.supply_router/route]: Routed 358 of 1356 supply pins
[2026-08-10 18:59:22.559136] [openram.router.supply_router/route]: Routed 359 of 1356 supply pins
[2026-08-10 18:59:23.076023] [openram.router.supply_router/route]: Routed 360 of 1356 supply pins
[2026-08-10 18:59:23.612307] [openram.router.supply_router/route]: Routed 361 of 1356 supply pins
[2026-08-10 18:59:24.179800] [openram.router.supply_router/route]: Routed 362 of 1356 supply pins
[2026-08-10 18:59:24.738857] [openram.router.supply_router/route]: Routed 363 of 1356 supply pins
[2026-08-10 18:59:25.303376] [openram.router.supply_router/route]: Routed 364 of 1356 supply pins
[2026-08-10 18:59:25.886827] [openram.router.supply_router/route]: Routed 365 of 1356 supply pins
[2026-08-10 18:59:26.491613] [openram.router.supply_router/route]: Routed 366 of 1356 supply pins
[2026-08-10 18:59:27.086108] [openram.router.supply_router/route]: Routed 367 of 1356 supply pins
[2026-08-10 18:59:27.686409] [openram.router.supply_router/route]: Routed 368 of 1356 supply pins
[2026-08-10 18:59:28.314486] [openram.router.supply_router/route]: Routed 369 of 1356 supply pins
[2026-08-10 18:59:28.941745] [openram.router.supply_router/route]: Routed 370 of 1356 supply pins
[2026-08-10 18:59:29.572756] [openram.router.supply_router/route]: Routed 371 of 1356 supply pins
[2026-08-10 18:59:30.228771] [openram.router.supply_router/route]: Routed 372 of 1356 supply pins
[2026-08-10 18:59:30.902180] [openram.router.supply_router/route]: Routed 373 of 1356 supply pins
[2026-08-10 18:59:31.582573] [openram.router.supply_router/route]: Routed 374 of 1356 supply pins
[2026-08-10 18:59:32.296772] [openram.router.supply_router/route]: Routed 375 of 1356 supply pins
[2026-08-10 18:59:33.032573] [openram.router.supply_router/route]: Routed 376 of 1356 supply pins
[2026-08-10 18:59:33.775348] [openram.router.supply_router/route]: Routed 377 of 1356 supply pins
[2026-08-10 18:59:34.526650] [openram.router.supply_router/route]: Routed 378 of 1356 supply pins
[2026-08-10 18:59:35.278115] [openram.router.supply_router/route]: Routed 379 of 1356 supply pins
[2026-08-10 18:59:36.031986] [openram.router.supply_router/route]: Routed 380 of 1356 supply pins
[2026-08-10 18:59:36.818450] [openram.router.supply_router/route]: Routed 381 of 1356 supply pins
[2026-08-10 18:59:37.597701] [openram.router.supply_router/route]: Routed 382 of 1356 supply pins
[2026-08-10 18:59:38.389186] [openram.router.supply_router/route]: Routed 383 of 1356 supply pins
[2026-08-10 18:59:39.202875] [openram.router.supply_router/route]: Routed 384 of 1356 supply pins
[2026-08-10 18:59:40.011196] [openram.router.supply_router/route]: Routed 385 of 1356 supply pins
[2026-08-10 18:59:40.832477] [openram.router.supply_router/route]: Routed 386 of 1356 supply pins
[2026-08-10 18:59:41.696501] [openram.router.supply_router/route]: Routed 387 of 1356 supply pins
[2026-08-10 18:59:42.554549] [openram.router.supply_router/route]: Routed 388 of 1356 supply pins
[2026-08-10 18:59:43.448123] [openram.router.supply_router/route]: Routed 389 of 1356 supply pins
[2026-08-10 18:59:44.304811] [openram.router.supply_router/route]: Routed 390 of 1356 supply pins
[2026-08-10 18:59:45.188060] [openram.router.supply_router/route]: Routed 391 of 1356 supply pins
[2026-08-10 18:59:46.085155] [openram.router.supply_router/route]: Routed 392 of 1356 supply pins
[2026-08-10 18:59:46.992323] [openram.router.supply_router/route]: Routed 393 of 1356 supply pins
[2026-08-10 18:59:47.922110] [openram.router.supply_router/route]: Routed 394 of 1356 supply pins
[2026-08-10 18:59:48.832030] [openram.router.supply_router/route]: Routed 395 of 1356 supply pins
[2026-08-10 18:59:49.791311] [openram.router.supply_router/route]: Routed 396 of 1356 supply pins
[2026-08-10 18:59:50.725336] [openram.router.supply_router/route]: Routed 397 of 1356 supply pins
[2026-08-10 18:59:51.697393] [openram.router.supply_router/route]: Routed 398 of 1356 supply pins
[2026-08-10 18:59:52.670895] [openram.router.supply_router/route]: Routed 399 of 1356 supply pins
[2026-08-10 18:59:53.671721] [openram.router.supply_router/route]: Routed 400 of 1356 supply pins
[2026-08-10 18:59:54.673897] [openram.router.supply_router/route]: Routed 401 of 1356 supply pins
[2026-08-10 18:59:55.687004] [openram.router.supply_router/route]: Routed 402 of 1356 supply pins
[2026-08-10 18:59:56.718875] [openram.router.supply_router/route]: Routed 403 of 1356 supply pins
[2026-08-10 18:59:57.777346] [openram.router.supply_router/route]: Routed 404 of 1356 supply pins
[2026-08-10 18:59:58.846415] [openram.router.supply_router/route]: Routed 405 of 1356 supply pins
[2026-08-10 18:59:59.933934] [openram.router.supply_router/route]: Routed 406 of 1356 supply pins
[2026-08-10 19:00:01.029458] [openram.router.supply_router/route]: Routed 407 of 1356 supply pins
[2026-08-10 19:00:02.130942] [openram.router.supply_router/route]: Routed 408 of 1356 supply pins
[2026-08-10 19:00:03.243904] [openram.router.supply_router/route]: Routed 409 of 1356 supply pins
[2026-08-10 19:00:04.361589] [openram.router.supply_router/route]: Routed 410 of 1356 supply pins
[2026-08-10 19:00:05.499702] [openram.router.supply_router/route]: Routed 411 of 1356 supply pins
[2026-08-10 19:00:06.644516] [openram.router.supply_router/route]: Routed 412 of 1356 supply pins
[2026-08-10 19:00:07.807539] [openram.router.supply_router/route]: Routed 413 of 1356 supply pins
[2026-08-10 19:00:08.974910] [openram.router.supply_router/route]: Routed 414 of 1356 supply pins
[2026-08-10 19:00:10.157950] [openram.router.supply_router/route]: Routed 415 of 1356 supply pins
[2026-08-10 19:00:11.350563] [openram.router.supply_router/route]: Routed 416 of 1356 supply pins
[2026-08-10 19:00:12.565169] [openram.router.supply_router/route]: Routed 417 of 1356 supply pins
[2026-08-10 19:00:13.810129] [openram.router.supply_router/route]: Routed 418 of 1356 supply pins
[2026-08-10 19:00:15.049431] [openram.router.supply_router/route]: Routed 419 of 1356 supply pins
[2026-08-10 19:00:16.297501] [openram.router.supply_router/route]: Routed 420 of 1356 supply pins
[2026-08-10 19:00:17.573001] [openram.router.supply_router/route]: Routed 421 of 1356 supply pins
[2026-08-10 19:00:18.849265] [openram.router.supply_router/route]: Routed 422 of 1356 supply pins
[2026-08-10 19:00:20.128714] [openram.router.supply_router/route]: Routed 423 of 1356 supply pins
[2026-08-10 19:00:22.383823] [openram.router.supply_router/route]: Routed 424 of 1356 supply pins
[2026-08-10 19:00:23.683599] [openram.router.supply_router/route]: Routed 425 of 1356 supply pins
[2026-08-10 19:00:25.013255] [openram.router.supply_router/route]: Routed 426 of 1356 supply pins
[2026-08-10 19:00:26.361889] [openram.router.supply_router/route]: Routed 427 of 1356 supply pins
[2026-08-10 19:00:27.721797] [openram.router.supply_router/route]: Routed 428 of 1356 supply pins
[2026-08-10 19:00:29.103431] [openram.router.supply_router/route]: Routed 429 of 1356 supply pins
[2026-08-10 19:00:30.501576] [openram.router.supply_router/route]: Routed 430 of 1356 supply pins
[2026-08-10 19:00:31.921674] [openram.router.supply_router/route]: Routed 431 of 1356 supply pins
[2026-08-10 19:00:33.352453] [openram.router.supply_router/route]: Routed 432 of 1356 supply pins
[2026-08-10 19:00:34.763209] [openram.router.supply_router/route]: Routed 433 of 1356 supply pins
[2026-08-10 19:00:36.214019] [openram.router.supply_router/route]: Routed 434 of 1356 supply pins
[2026-08-10 19:00:37.655469] [openram.router.supply_router/route]: Routed 435 of 1356 supply pins
[2026-08-10 19:00:39.120689] [openram.router.supply_router/route]: Routed 436 of 1356 supply pins
[2026-08-10 19:00:40.607169] [openram.router.supply_router/route]: Routed 437 of 1356 supply pins
[2026-08-10 19:00:42.080621] [openram.router.supply_router/route]: Routed 438 of 1356 supply pins
[2026-08-10 19:00:43.576261] [openram.router.supply_router/route]: Routed 439 of 1356 supply pins
[2026-08-10 19:00:45.101189] [openram.router.supply_router/route]: Routed 440 of 1356 supply pins
[2026-08-10 19:00:46.643262] [openram.router.supply_router/route]: Routed 441 of 1356 supply pins
[2026-08-10 19:00:48.198822] [openram.router.supply_router/route]: Routed 442 of 1356 supply pins
[2026-08-10 19:00:49.703800] [openram.router.supply_router/route]: Routed 443 of 1356 supply pins
[2026-08-10 19:00:51.235701] [openram.router.supply_router/route]: Routed 444 of 1356 supply pins
[2026-08-10 19:00:52.775812] [openram.router.supply_router/route]: Routed 445 of 1356 supply pins
[2026-08-10 19:00:54.342023] [openram.router.supply_router/route]: Routed 446 of 1356 supply pins
[2026-08-10 19:00:55.887158] [openram.router.supply_router/route]: Routed 447 of 1356 supply pins
[2026-08-10 19:00:57.480149] [openram.router.supply_router/route]: Routed 448 of 1356 supply pins
[2026-08-10 19:00:59.093089] [openram.router.supply_router/route]: Routed 449 of 1356 supply pins
[2026-08-10 19:01:00.695825] [openram.router.supply_router/route]: Routed 450 of 1356 supply pins
[2026-08-10 19:01:02.322024] [openram.router.supply_router/route]: Routed 451 of 1356 supply pins
[2026-08-10 19:01:03.963345] [openram.router.supply_router/route]: Routed 452 of 1356 supply pins
[2026-08-10 19:01:05.639236] [openram.router.supply_router/route]: Routed 453 of 1356 supply pins
[2026-08-10 19:01:07.314851] [openram.router.supply_router/route]: Routed 454 of 1356 supply pins
[2026-08-10 19:01:09.023929] [openram.router.supply_router/route]: Routed 455 of 1356 supply pins
[2026-08-10 19:01:10.748581] [openram.router.supply_router/route]: Routed 456 of 1356 supply pins
[2026-08-10 19:01:12.468996] [openram.router.supply_router/route]: Routed 457 of 1356 supply pins
[2026-08-10 19:01:14.213433] [openram.router.supply_router/route]: Routed 458 of 1356 supply pins
[2026-08-10 19:01:15.958474] [openram.router.supply_router/route]: Routed 459 of 1356 supply pins
[2026-08-10 19:01:17.710742] [openram.router.supply_router/route]: Routed 460 of 1356 supply pins
[2026-08-10 19:01:19.491902] [openram.router.supply_router/route]: Routed 461 of 1356 supply pins
[2026-08-10 19:01:21.304534] [openram.router.supply_router/route]: Routed 462 of 1356 supply pins
[2026-08-10 19:01:23.138012] [openram.router.supply_router/route]: Routed 463 of 1356 supply pins
[2026-08-10 19:01:24.973400] [openram.router.supply_router/route]: Routed 464 of 1356 supply pins
[2026-08-10 19:01:26.809605] [openram.router.supply_router/route]: Routed 465 of 1356 supply pins
[2026-08-10 19:01:28.676556] [openram.router.supply_router/route]: Routed 466 of 1356 supply pins
[2026-08-10 19:01:30.562941] [openram.router.supply_router/route]: Routed 467 of 1356 supply pins
[2026-08-10 19:01:32.453557] [openram.router.supply_router/route]: Routed 468 of 1356 supply pins
[2026-08-10 19:01:34.354966] [openram.router.supply_router/route]: Routed 469 of 1356 supply pins
[2026-08-10 19:01:36.291453] [openram.router.supply_router/route]: Routed 470 of 1356 supply pins
[2026-08-10 19:01:38.224261] [openram.router.supply_router/route]: Routed 471 of 1356 supply pins
[2026-08-10 19:01:40.200662] [openram.router.supply_router/route]: Routed 472 of 1356 supply pins
[2026-08-10 19:01:42.138280] [openram.router.supply_router/route]: Routed 473 of 1356 supply pins
[2026-08-10 19:01:44.062117] [openram.router.supply_router/route]: Routed 474 of 1356 supply pins
[2026-08-10 19:01:46.018067] [openram.router.supply_router/route]: Routed 475 of 1356 supply pins
[2026-08-10 19:01:48.024666] [openram.router.supply_router/route]: Routed 476 of 1356 supply pins
[2026-08-10 19:01:50.053189] [openram.router.supply_router/route]: Routed 477 of 1356 supply pins
[2026-08-10 19:01:52.068948] [openram.router.supply_router/route]: Routed 478 of 1356 supply pins
[2026-08-10 19:01:54.114644] [openram.router.supply_router/route]: Routed 479 of 1356 supply pins
[2026-08-10 19:01:56.149233] [openram.router.supply_router/route]: Routed 480 of 1356 supply pins
[2026-08-10 19:01:58.198587] [openram.router.supply_router/route]: Routed 481 of 1356 supply pins
[2026-08-10 19:02:00.320565] [openram.router.supply_router/route]: Routed 482 of 1356 supply pins
[2026-08-10 19:02:02.421522] [openram.router.supply_router/route]: Routed 483 of 1356 supply pins
[2026-08-10 19:02:04.532104] [openram.router.supply_router/route]: Routed 484 of 1356 supply pins
[2026-08-10 19:02:06.650233] [openram.router.supply_router/route]: Routed 485 of 1356 supply pins
[2026-08-10 19:02:08.801143] [openram.router.supply_router/route]: Routed 486 of 1356 supply pins
[2026-08-10 19:02:10.958438] [openram.router.supply_router/route]: Routed 487 of 1356 supply pins
[2026-08-10 19:02:13.172352] [openram.router.supply_router/route]: Routed 488 of 1356 supply pins
[2026-08-10 19:02:15.393911] [openram.router.supply_router/route]: Routed 489 of 1356 supply pins
[2026-08-10 19:02:17.619036] [openram.router.supply_router/route]: Routed 490 of 1356 supply pins
[2026-08-10 19:02:19.866170] [openram.router.supply_router/route]: Routed 491 of 1356 supply pins
[2026-08-10 19:02:22.121198] [openram.router.supply_router/route]: Routed 492 of 1356 supply pins
[2026-08-10 19:02:24.403560] [openram.router.supply_router/route]: Routed 493 of 1356 supply pins
[2026-08-10 19:02:26.693385] [openram.router.supply_router/route]: Routed 494 of 1356 supply pins
[2026-08-10 19:02:28.969878] [openram.router.supply_router/route]: Routed 495 of 1356 supply pins
[2026-08-10 19:02:31.259573] [openram.router.supply_router/route]: Routed 496 of 1356 supply pins
[2026-08-10 19:02:33.579905] [openram.router.supply_router/route]: Routed 497 of 1356 supply pins
[2026-08-10 19:02:35.918878] [openram.router.supply_router/route]: Routed 498 of 1356 supply pins
[2026-08-10 19:02:38.271810] [openram.router.supply_router/route]: Routed 499 of 1356 supply pins
[2026-08-10 19:02:40.645077] [openram.router.supply_router/route]: Routed 500 of 1356 supply pins
[2026-08-10 19:02:43.034016] [openram.router.supply_router/route]: Routed 501 of 1356 supply pins
[2026-08-10 19:02:45.413710] [openram.router.supply_router/route]: Routed 502 of 1356 supply pins
[2026-08-10 19:02:47.834837] [openram.router.supply_router/route]: Routed 503 of 1356 supply pins
[2026-08-10 19:02:50.265663] [openram.router.supply_router/route]: Routed 504 of 1356 supply pins
[2026-08-10 19:02:52.715167] [openram.router.supply_router/route]: Routed 505 of 1356 supply pins
[2026-08-10 19:02:55.194053] [openram.router.supply_router/route]: Routed 506 of 1356 supply pins
[2026-08-10 19:02:57.510068] [openram.router.supply_router/route]: Routed 507 of 1356 supply pins
[2026-08-10 19:02:59.993935] [openram.router.supply_router/route]: Routed 508 of 1356 supply pins
[2026-08-10 19:03:02.448309] [openram.router.supply_router/route]: Routed 509 of 1356 supply pins
[2026-08-10 19:03:04.917871] [openram.router.supply_router/route]: Routed 510 of 1356 supply pins
[2026-08-10 19:03:07.452632] [openram.router.supply_router/route]: Routed 511 of 1356 supply pins
[2026-08-10 19:03:10.008275] [openram.router.supply_router/route]: Routed 512 of 1356 supply pins
[2026-08-10 19:03:12.589171] [openram.router.supply_router/route]: Routed 513 of 1356 supply pins
[2026-08-10 19:03:15.154042] [openram.router.supply_router/route]: Routed 514 of 1356 supply pins
[2026-08-10 19:03:17.740869] [openram.router.supply_router/route]: Routed 515 of 1356 supply pins
[2026-08-10 19:03:20.344854] [openram.router.supply_router/route]: Routed 516 of 1356 supply pins
[2026-08-10 19:03:23.011978] [openram.router.supply_router/route]: Routed 517 of 1356 supply pins
[2026-08-10 19:03:25.652554] [openram.router.supply_router/route]: Routed 518 of 1356 supply pins
[2026-08-10 19:03:29.673083] [openram.router.supply_router/route]: Routed 519 of 1356 supply pins
[2026-08-10 19:03:32.333531] [openram.router.supply_router/route]: Routed 520 of 1356 supply pins
[2026-08-10 19:03:35.016532] [openram.router.supply_router/route]: Routed 521 of 1356 supply pins
[2026-08-10 19:03:37.718465] [openram.router.supply_router/route]: Routed 522 of 1356 supply pins
[2026-08-10 19:03:40.436829] [openram.router.supply_router/route]: Routed 523 of 1356 supply pins
[2026-08-10 19:03:43.150609] [openram.router.supply_router/route]: Routed 524 of 1356 supply pins
[2026-08-10 19:03:45.884041] [openram.router.supply_router/route]: Routed 525 of 1356 supply pins
[2026-08-10 19:03:48.627395] [openram.router.supply_router/route]: Routed 526 of 1356 supply pins
[2026-08-10 19:03:51.373811] [openram.router.supply_router/route]: Routed 527 of 1356 supply pins
[2026-08-10 19:03:54.160842] [openram.router.supply_router/route]: Routed 528 of 1356 supply pins
[2026-08-10 19:03:56.976544] [openram.router.supply_router/route]: Routed 529 of 1356 supply pins
[2026-08-10 19:03:59.789760] [openram.router.supply_router/route]: Routed 530 of 1356 supply pins
[2026-08-10 19:04:00.869446] [openram.router.supply_router/route]: Routed 531 of 1356 supply pins
[2026-08-10 19:04:01.930966] [openram.router.supply_router/route]: Routed 532 of 1356 supply pins
[2026-08-10 19:04:03.008044] [openram.router.supply_router/route]: Routed 533 of 1356 supply pins
[2026-08-10 19:04:04.072628] [openram.router.supply_router/route]: Routed 534 of 1356 supply pins
[2026-08-10 19:04:05.144865] [openram.router.supply_router/route]: Routed 535 of 1356 supply pins
[2026-08-10 19:04:06.198715] [openram.router.supply_router/route]: Routed 536 of 1356 supply pins
[2026-08-10 19:04:07.280964] [openram.router.supply_router/route]: Routed 537 of 1356 supply pins
[2026-08-10 19:04:16.730966] [openram.router.supply_router/route]: Routed 538 of 1356 supply pins
[2026-08-10 19:04:26.834269] [openram.router.supply_router/route]: Routed 539 of 1356 supply pins
[2026-08-10 19:04:27.900975] [openram.router.supply_router/route]: Routed 540 of 1356 supply pins
[2026-08-10 19:04:28.969061] [openram.router.supply_router/route]: Routed 541 of 1356 supply pins
[2026-08-10 19:04:30.037768] [openram.router.supply_router/route]: Routed 542 of 1356 supply pins
[2026-08-10 19:04:31.109141] [openram.router.supply_router/route]: Routed 543 of 1356 supply pins
[2026-08-10 19:04:32.182661] [openram.router.supply_router/route]: Routed 544 of 1356 supply pins
[2026-08-10 19:04:33.253383] [openram.router.supply_router/route]: Routed 545 of 1356 supply pins
[2026-08-10 19:04:34.326241] [openram.router.supply_router/route]: Routed 546 of 1356 supply pins
[2026-08-10 19:04:35.401685] [openram.router.supply_router/route]: Routed 547 of 1356 supply pins
[2026-08-10 19:04:36.479955] [openram.router.supply_router/route]: Routed 548 of 1356 supply pins
[2026-08-10 19:04:37.560588] [openram.router.supply_router/route]: Routed 549 of 1356 supply pins
[2026-08-10 19:04:38.629198] [openram.router.supply_router/route]: Routed 550 of 1356 supply pins
[2026-08-10 19:04:39.717267] [openram.router.supply_router/route]: Routed 551 of 1356 supply pins
[2026-08-10 19:04:40.776184] [openram.router.supply_router/route]: Routed 552 of 1356 supply pins
[2026-08-10 19:04:41.830698] [openram.router.supply_router/route]: Routed 553 of 1356 supply pins
[2026-08-10 19:04:42.897047] [openram.router.supply_router/route]: Routed 554 of 1356 supply pins
[2026-08-10 19:04:43.972101] [openram.router.supply_router/route]: Routed 555 of 1356 supply pins
[2026-08-10 19:04:45.048329] [openram.router.supply_router/route]: Routed 556 of 1356 supply pins
[2026-08-10 19:04:46.107613] [openram.router.supply_router/route]: Routed 557 of 1356 supply pins
[2026-08-10 19:04:47.165844] [openram.router.supply_router/route]: Routed 558 of 1356 supply pins
[2026-08-10 19:04:48.250960] [openram.router.supply_router/route]: Routed 559 of 1356 supply pins
[2026-08-10 19:04:49.319336] [openram.router.supply_router/route]: Routed 560 of 1356 supply pins
[2026-08-10 19:04:50.383120] [openram.router.supply_router/route]: Routed 561 of 1356 supply pins
[2026-08-10 19:04:51.450948] [openram.router.supply_router/route]: Routed 562 of 1356 supply pins
[2026-08-10 19:04:52.539742] [openram.router.supply_router/route]: Routed 563 of 1356 supply pins
[2026-08-10 19:04:53.603185] [openram.router.supply_router/route]: Routed 564 of 1356 supply pins
[2026-08-10 19:04:54.694535] [openram.router.supply_router/route]: Routed 565 of 1356 supply pins
[2026-08-10 19:04:55.775826] [openram.router.supply_router/route]: Routed 566 of 1356 supply pins
[2026-08-10 19:04:56.874212] [openram.router.supply_router/route]: Routed 567 of 1356 supply pins
[2026-08-10 19:04:57.944107] [openram.router.supply_router/route]: Routed 568 of 1356 supply pins
[2026-08-10 19:04:59.036938] [openram.router.supply_router/route]: Routed 569 of 1356 supply pins
[2026-08-10 19:05:00.143356] [openram.router.supply_router/route]: Routed 570 of 1356 supply pins
[2026-08-10 19:05:01.249729] [openram.router.supply_router/route]: Routed 571 of 1356 supply pins
[2026-08-10 19:05:02.324747] [openram.router.supply_router/route]: Routed 572 of 1356 supply pins
[2026-08-10 19:05:03.427336] [openram.router.supply_router/route]: Routed 573 of 1356 supply pins
[2026-08-10 19:05:04.500888] [openram.router.supply_router/route]: Routed 574 of 1356 supply pins
[2026-08-10 19:05:05.601176] [openram.router.supply_router/route]: Routed 575 of 1356 supply pins
[2026-08-10 19:05:06.676120] [openram.router.supply_router/route]: Routed 576 of 1356 supply pins
[2026-08-10 19:05:07.789652] [openram.router.supply_router/route]: Routed 577 of 1356 supply pins
[2026-08-10 19:05:08.874812] [openram.router.supply_router/route]: Routed 578 of 1356 supply pins
[2026-08-10 19:05:09.970504] [openram.router.supply_router/route]: Routed 579 of 1356 supply pins
[2026-08-10 19:05:11.044063] [openram.router.supply_router/route]: Routed 580 of 1356 supply pins
[2026-08-10 19:05:12.150434] [openram.router.supply_router/route]: Routed 581 of 1356 supply pins
[2026-08-10 19:05:13.254904] [openram.router.supply_router/route]: Routed 582 of 1356 supply pins
[2026-08-10 19:05:14.359094] [openram.router.supply_router/route]: Routed 583 of 1356 supply pins
[2026-08-10 19:05:15.443405] [openram.router.supply_router/route]: Routed 584 of 1356 supply pins
[2026-08-10 19:05:16.555191] [openram.router.supply_router/route]: Routed 585 of 1356 supply pins
[2026-08-10 19:05:17.649983] [openram.router.supply_router/route]: Routed 586 of 1356 supply pins
[2026-08-10 19:05:18.744356] [openram.router.supply_router/route]: Routed 587 of 1356 supply pins
[2026-08-10 19:05:19.834800] [openram.router.supply_router/route]: Routed 588 of 1356 supply pins
[2026-08-10 19:05:20.973792] [openram.router.supply_router/route]: Routed 589 of 1356 supply pins
[2026-08-10 19:05:21.054730] [openram.router.supply_router/route]: Routed 590 of 1356 supply pins
[2026-08-10 19:05:21.134994] [openram.router.supply_router/route]: Routed 591 of 1356 supply pins
[2026-08-10 19:05:21.216727] [openram.router.supply_router/route]: Routed 592 of 1356 supply pins
[2026-08-10 19:05:21.298447] [openram.router.supply_router/route]: Routed 593 of 1356 supply pins
[2026-08-10 19:05:21.383071] [openram.router.supply_router/route]: Routed 594 of 1356 supply pins
[2026-08-10 19:05:21.467178] [openram.router.supply_router/route]: Routed 595 of 1356 supply pins
[2026-08-10 19:05:21.553246] [openram.router.supply_router/route]: Routed 596 of 1356 supply pins
[2026-08-10 19:05:21.636837] [openram.router.supply_router/route]: Routed 597 of 1356 supply pins
[2026-08-10 19:05:21.725565] [openram.router.supply_router/route]: Routed 598 of 1356 supply pins
[2026-08-10 19:05:21.815730] [openram.router.supply_router/route]: Routed 599 of 1356 supply pins
[2026-08-10 19:05:21.902917] [openram.router.supply_router/route]: Routed 600 of 1356 supply pins
[2026-08-10 19:05:21.989796] [openram.router.supply_router/route]: Routed 601 of 1356 supply pins
[2026-08-10 19:05:22.076892] [openram.router.supply_router/route]: Routed 602 of 1356 supply pins
[2026-08-10 19:05:22.228664] [openram.router.supply_router/route]: Routed 603 of 1356 supply pins
[2026-08-10 19:05:22.325194] [openram.router.supply_router/route]: Routed 604 of 1356 supply pins
[2026-08-10 19:05:22.414665] [openram.router.supply_router/route]: Routed 605 of 1356 supply pins
[2026-08-10 19:05:22.503039] [openram.router.supply_router/route]: Routed 606 of 1356 supply pins
[2026-08-10 19:05:22.593797] [openram.router.supply_router/route]: Routed 607 of 1356 supply pins
[2026-08-10 19:05:22.683753] [openram.router.supply_router/route]: Routed 608 of 1356 supply pins
[2026-08-10 19:05:22.773902] [openram.router.supply_router/route]: Routed 609 of 1356 supply pins
[2026-08-10 19:05:22.865371] [openram.router.supply_router/route]: Routed 610 of 1356 supply pins
[2026-08-10 19:05:22.957782] [openram.router.supply_router/route]: Routed 611 of 1356 supply pins
[2026-08-10 19:05:23.051047] [openram.router.supply_router/route]: Routed 612 of 1356 supply pins
[2026-08-10 19:05:23.144588] [openram.router.supply_router/route]: Routed 613 of 1356 supply pins
[2026-08-10 19:05:23.241196] [openram.router.supply_router/route]: Routed 614 of 1356 supply pins
[2026-08-10 19:05:23.337605] [openram.router.supply_router/route]: Routed 615 of 1356 supply pins
[2026-08-10 19:05:23.434653] [openram.router.supply_router/route]: Routed 616 of 1356 supply pins
[2026-08-10 19:05:27.560624] [openram.router.supply_router/route]: Routed 617 of 1356 supply pins
[2026-08-10 19:05:29.193039] [openram.router.supply_router/route]: Routed 618 of 1356 supply pins
[2026-08-10 19:05:29.445713] [openram.router.supply_router/route]: Routed 619 of 1356 supply pins
[2026-08-10 19:05:31.120567] [openram.router.supply_router/route]: Routed 620 of 1356 supply pins
[2026-08-10 19:05:32.842054] [openram.router.supply_router/route]: Routed 621 of 1356 supply pins
[2026-08-10 19:05:34.633308] [openram.router.supply_router/route]: Routed 622 of 1356 supply pins
[2026-08-10 19:05:36.377567] [openram.router.supply_router/route]: Routed 623 of 1356 supply pins
[2026-08-10 19:05:38.212219] [openram.router.supply_router/route]: Routed 624 of 1356 supply pins
[2026-08-10 19:05:40.000156] [openram.router.supply_router/route]: Routed 625 of 1356 supply pins
[2026-08-10 19:05:41.875981] [openram.router.supply_router/route]: Routed 626 of 1356 supply pins
[2026-08-10 19:05:41.963187] [openram.router.supply_router/route]: Routed 627 of 1356 supply pins
[2026-08-10 19:05:42.044345] [openram.router.supply_router/route]: Routed 628 of 1356 supply pins
[2026-08-10 19:05:42.161532] [openram.router.supply_router/route]: Routed 629 of 1356 supply pins
[2026-08-10 19:05:42.282515] [openram.router.supply_router/route]: Routed 630 of 1356 supply pins
[2026-08-10 19:05:42.374354] [openram.router.supply_router/route]: Routed 631 of 1356 supply pins
[2026-08-10 19:05:42.467298] [openram.router.supply_router/route]: Routed 632 of 1356 supply pins
[2026-08-10 19:05:42.561195] [openram.router.supply_router/route]: Routed 633 of 1356 supply pins
[2026-08-10 19:05:42.714331] [openram.router.supply_router/route]: Routed 634 of 1356 supply pins
[2026-08-10 19:05:42.816749] [openram.router.supply_router/route]: Routed 635 of 1356 supply pins
[2026-08-10 19:05:42.911576] [openram.router.supply_router/route]: Routed 636 of 1356 supply pins
[2026-08-10 19:05:43.003817] [openram.router.supply_router/route]: Routed 637 of 1356 supply pins
[2026-08-10 19:05:43.096356] [openram.router.supply_router/route]: Routed 638 of 1356 supply pins
[2026-08-10 19:05:43.191003] [openram.router.supply_router/route]: Routed 639 of 1356 supply pins
[2026-08-10 19:05:43.286136] [openram.router.supply_router/route]: Routed 640 of 1356 supply pins
[2026-08-10 19:05:43.384745] [openram.router.supply_router/route]: Routed 641 of 1356 supply pins
[2026-08-10 19:05:43.479285] [openram.router.supply_router/route]: Routed 642 of 1356 supply pins
[2026-08-10 19:05:43.575759] [openram.router.supply_router/route]: Routed 643 of 1356 supply pins
[2026-08-10 19:05:43.674194] [openram.router.supply_router/route]: Routed 644 of 1356 supply pins
[2026-08-10 19:05:43.777987] [openram.router.supply_router/route]: Routed 645 of 1356 supply pins
[2026-08-10 19:05:43.882980] [openram.router.supply_router/route]: Routed 646 of 1356 supply pins
[2026-08-10 19:05:43.984328] [openram.router.supply_router/route]: Routed 647 of 1356 supply pins
[2026-08-10 19:05:44.082887] [openram.router.supply_router/route]: Routed 648 of 1356 supply pins
[2026-08-10 19:05:44.232208] [openram.router.supply_router/route]: Routed 649 of 1356 supply pins
[2026-08-10 19:05:44.340542] [openram.router.supply_router/route]: Routed 650 of 1356 supply pins
[2026-08-10 19:05:44.443408] [openram.router.supply_router/route]: Routed 651 of 1356 supply pins
[2026-08-10 19:05:44.548340] [openram.router.supply_router/route]: Routed 652 of 1356 supply pins
[2026-08-10 19:05:44.651063] [openram.router.supply_router/route]: Routed 653 of 1356 supply pins
[2026-08-10 19:05:44.759258] [openram.router.supply_router/route]: Routed 654 of 1356 supply pins
[2026-08-10 19:05:44.869044] [openram.router.supply_router/route]: Routed 655 of 1356 supply pins
[2026-08-10 19:05:44.977601] [openram.router.supply_router/route]: Routed 656 of 1356 supply pins
[2026-08-10 19:05:45.082341] [openram.router.supply_router/route]: Routed 657 of 1356 supply pins
[2026-08-10 19:05:45.191206] [openram.router.supply_router/route]: Routed 658 of 1356 supply pins
[2026-08-10 19:05:45.300388] [openram.router.supply_router/route]: Routed 659 of 1356 supply pins
[2026-08-10 19:05:45.411370] [openram.router.supply_router/route]: Routed 660 of 1356 supply pins
[2026-08-10 19:05:45.521126] [openram.router.supply_router/route]: Routed 661 of 1356 supply pins
[2026-08-10 19:05:45.641140] [openram.router.supply_router/route]: Routed 662 of 1356 supply pins
[2026-08-10 19:05:45.790293] [openram.router.supply_router/route]: Routed 663 of 1356 supply pins
[2026-08-10 19:05:45.937606] [openram.router.supply_router/route]: Routed 664 of 1356 supply pins
[2026-08-10 19:05:46.038053] [openram.router.supply_router/route]: Routed 665 of 1356 supply pins
[2026-08-10 19:05:46.134325] [openram.router.supply_router/route]: Routed 666 of 1356 supply pins
[2026-08-10 19:05:46.229843] [openram.router.supply_router/route]: Routed 667 of 1356 supply pins
[2026-08-10 19:05:46.325573] [openram.router.supply_router/route]: Routed 668 of 1356 supply pins
[2026-08-10 19:05:46.422240] [openram.router.supply_router/route]: Routed 669 of 1356 supply pins
[2026-08-10 19:05:46.516813] [openram.router.supply_router/route]: Routed 670 of 1356 supply pins
[2026-08-10 19:05:46.613122] [openram.router.supply_router/route]: Routed 671 of 1356 supply pins
[2026-08-10 19:05:46.708397] [openram.router.supply_router/route]: Routed 672 of 1356 supply pins
[2026-08-10 19:05:46.806942] [openram.router.supply_router/route]: Routed 673 of 1356 supply pins
[2026-08-10 19:05:46.914779] [openram.router.supply_router/route]: Routed 674 of 1356 supply pins
[2026-08-10 19:05:47.015234] [openram.router.supply_router/route]: Routed 675 of 1356 supply pins
[2026-08-10 19:05:47.112960] [openram.router.supply_router/route]: Routed 676 of 1356 supply pins
[2026-08-10 19:05:47.212370] [openram.router.supply_router/route]: Routed 677 of 1356 supply pins
[2026-08-10 19:05:47.311095] [openram.router.supply_router/route]: Routed 678 of 1356 supply pins
[2026-08-10 19:05:47.411147] [openram.router.supply_router/route]: Routed 679 of 1356 supply pins
[2026-08-10 19:05:47.510315] [openram.router.supply_router/route]: Routed 680 of 1356 supply pins
[2026-08-10 19:05:47.615010] [openram.router.supply_router/route]: Routed 681 of 1356 supply pins
[2026-08-10 19:05:47.716198] [openram.router.supply_router/route]: Routed 682 of 1356 supply pins
[2026-08-10 19:05:47.817048] [openram.router.supply_router/route]: Routed 683 of 1356 supply pins
[2026-08-10 19:05:47.919805] [openram.router.supply_router/route]: Routed 684 of 1356 supply pins
[2026-08-10 19:05:48.025052] [openram.router.supply_router/route]: Routed 685 of 1356 supply pins
[2026-08-10 19:05:48.134854] [openram.router.supply_router/route]: Routed 686 of 1356 supply pins
[2026-08-10 19:05:48.244629] [openram.router.supply_router/route]: Routed 687 of 1356 supply pins
[2026-08-10 19:05:48.351749] [openram.router.supply_router/route]: Routed 688 of 1356 supply pins
[2026-08-10 19:05:48.458842] [openram.router.supply_router/route]: Routed 689 of 1356 supply pins
[2026-08-10 19:05:48.564975] [openram.router.supply_router/route]: Routed 690 of 1356 supply pins
[2026-08-10 19:05:48.672218] [openram.router.supply_router/route]: Routed 691 of 1356 supply pins
[2026-08-10 19:05:48.780732] [openram.router.supply_router/route]: Routed 692 of 1356 supply pins
[2026-08-10 19:05:48.890086] [openram.router.supply_router/route]: Routed 693 of 1356 supply pins
[2026-08-10 19:05:49.011862] [openram.router.supply_router/route]: Routed 694 of 1356 supply pins
[2026-08-10 19:05:49.124189] [openram.router.supply_router/route]: Routed 695 of 1356 supply pins
[2026-08-10 19:05:49.239647] [openram.router.supply_router/route]: Routed 696 of 1356 supply pins
[2026-08-10 19:05:49.355654] [openram.router.supply_router/route]: Routed 697 of 1356 supply pins
[2026-08-10 19:05:49.470525] [openram.router.supply_router/route]: Routed 698 of 1356 supply pins
[2026-08-10 19:05:49.591495] [openram.router.supply_router/route]: Routed 699 of 1356 supply pins
[2026-08-10 19:05:49.711346] [openram.router.supply_router/route]: Routed 700 of 1356 supply pins
[2026-08-10 19:05:49.833232] [openram.router.supply_router/route]: Routed 701 of 1356 supply pins
[2026-08-10 19:05:49.952812] [openram.router.supply_router/route]: Routed 702 of 1356 supply pins
[2026-08-10 19:05:50.071758] [openram.router.supply_router/route]: Routed 703 of 1356 supply pins
[2026-08-10 19:05:50.193816] [openram.router.supply_router/route]: Routed 704 of 1356 supply pins
[2026-08-10 19:05:50.324742] [openram.router.supply_router/route]: Routed 705 of 1356 supply pins
[2026-08-10 19:05:50.452949] [openram.router.supply_router/route]: Routed 706 of 1356 supply pins
[2026-08-10 19:05:50.579424] [openram.router.supply_router/route]: Routed 707 of 1356 supply pins
[2026-08-10 19:05:50.705348] [openram.router.supply_router/route]: Routed 708 of 1356 supply pins
[2026-08-10 19:05:50.833004] [openram.router.supply_router/route]: Routed 709 of 1356 supply pins
[2026-08-10 19:05:50.962245] [openram.router.supply_router/route]: Routed 710 of 1356 supply pins
[2026-08-10 19:05:51.101440] [openram.router.supply_router/route]: Routed 711 of 1356 supply pins
[2026-08-10 19:05:51.236630] [openram.router.supply_router/route]: Routed 712 of 1356 supply pins
[2026-08-10 19:05:51.370157] [openram.router.supply_router/route]: Routed 713 of 1356 supply pins
[2026-08-10 19:05:51.504022] [openram.router.supply_router/route]: Routed 714 of 1356 supply pins
[2026-08-10 19:05:51.649766] [openram.router.supply_router/route]: Routed 715 of 1356 supply pins
[2026-08-10 19:05:51.812974] [openram.router.supply_router/route]: Routed 716 of 1356 supply pins
[2026-08-10 19:05:52.000750] [openram.router.supply_router/route]: Routed 717 of 1356 supply pins
[2026-08-10 19:05:52.193665] [openram.router.supply_router/route]: Routed 718 of 1356 supply pins
[2026-08-10 19:05:52.417518] [openram.router.supply_router/route]: Routed 719 of 1356 supply pins
[2026-08-10 19:05:52.660686] [openram.router.supply_router/route]: Routed 720 of 1356 supply pins
[2026-08-10 19:05:52.920444] [openram.router.supply_router/route]: Routed 721 of 1356 supply pins
[2026-08-10 19:05:53.201753] [openram.router.supply_router/route]: Routed 722 of 1356 supply pins
[2026-08-10 19:05:53.505311] [openram.router.supply_router/route]: Routed 723 of 1356 supply pins
[2026-08-10 19:05:53.816620] [openram.router.supply_router/route]: Routed 724 of 1356 supply pins
[2026-08-10 19:05:54.144789] [openram.router.supply_router/route]: Routed 725 of 1356 supply pins
[2026-08-10 19:05:54.492006] [openram.router.supply_router/route]: Routed 726 of 1356 supply pins
[2026-08-10 19:05:54.863044] [openram.router.supply_router/route]: Routed 727 of 1356 supply pins
[2026-08-10 19:05:55.250517] [openram.router.supply_router/route]: Routed 728 of 1356 supply pins
[2026-08-10 19:05:55.651856] [openram.router.supply_router/route]: Routed 729 of 1356 supply pins
[2026-08-10 19:05:56.072713] [openram.router.supply_router/route]: Routed 730 of 1356 supply pins
[2026-08-10 19:05:56.509601] [openram.router.supply_router/route]: Routed 731 of 1356 supply pins
[2026-08-10 19:05:56.977168] [openram.router.supply_router/route]: Routed 732 of 1356 supply pins
[2026-08-10 19:05:57.458727] [openram.router.supply_router/route]: Routed 733 of 1356 supply pins
[2026-08-10 19:05:57.940203] [openram.router.supply_router/route]: Routed 734 of 1356 supply pins
[2026-08-10 19:05:58.450102] [openram.router.supply_router/route]: Routed 735 of 1356 supply pins
[2026-08-10 19:05:58.970276] [openram.router.supply_router/route]: Routed 736 of 1356 supply pins
[2026-08-10 19:05:59.536000] [openram.router.supply_router/route]: Routed 737 of 1356 supply pins
[2026-08-10 19:06:00.090427] [openram.router.supply_router/route]: Routed 738 of 1356 supply pins
[2026-08-10 19:06:00.666692] [openram.router.supply_router/route]: Routed 739 of 1356 supply pins
[2026-08-10 19:06:01.278455] [openram.router.supply_router/route]: Routed 740 of 1356 supply pins
[2026-08-10 19:06:01.919644] [openram.router.supply_router/route]: Routed 741 of 1356 supply pins
[2026-08-10 19:06:02.561594] [openram.router.supply_router/route]: Routed 742 of 1356 supply pins
[2026-08-10 19:06:03.207450] [openram.router.supply_router/route]: Routed 743 of 1356 supply pins
[2026-08-10 19:06:03.902825] [openram.router.supply_router/route]: Routed 744 of 1356 supply pins
[2026-08-10 19:06:12.076942] [openram.router.supply_router/route]: Routed 745 of 1356 supply pins
[2026-08-10 19:06:12.774298] [openram.router.supply_router/route]: Routed 746 of 1356 supply pins
[2026-08-10 19:06:13.490887] [openram.router.supply_router/route]: Routed 747 of 1356 supply pins
[2026-08-10 19:06:14.228357] [openram.router.supply_router/route]: Routed 748 of 1356 supply pins
[2026-08-10 19:06:15.018231] [openram.router.supply_router/route]: Routed 749 of 1356 supply pins
[2026-08-10 19:06:15.831518] [openram.router.supply_router/route]: Routed 750 of 1356 supply pins
[2026-08-10 19:06:16.691688] [openram.router.supply_router/route]: Routed 751 of 1356 supply pins
[2026-08-10 19:06:17.565488] [openram.router.supply_router/route]: Routed 752 of 1356 supply pins
[2026-08-10 19:06:18.466940] [openram.router.supply_router/route]: Routed 753 of 1356 supply pins
[2026-08-10 19:06:19.395740] [openram.router.supply_router/route]: Routed 754 of 1356 supply pins
[2026-08-10 19:06:20.320078] [openram.router.supply_router/route]: Routed 755 of 1356 supply pins
[2026-08-10 19:06:21.289109] [openram.router.supply_router/route]: Routed 756 of 1356 supply pins
[2026-08-10 19:06:22.284211] [openram.router.supply_router/route]: Routed 757 of 1356 supply pins
[2026-08-10 19:06:23.305953] [openram.router.supply_router/route]: Routed 758 of 1356 supply pins
[2026-08-10 19:06:24.318938] [openram.router.supply_router/route]: Routed 759 of 1356 supply pins
[2026-08-10 19:06:25.367369] [openram.router.supply_router/route]: Routed 760 of 1356 supply pins
[2026-08-10 19:06:26.407516] [openram.router.supply_router/route]: Routed 761 of 1356 supply pins
[2026-08-10 19:06:27.499925] [openram.router.supply_router/route]: Routed 762 of 1356 supply pins
[2026-08-10 19:06:28.603039] [openram.router.supply_router/route]: Routed 763 of 1356 supply pins
[2026-08-10 19:06:29.739807] [openram.router.supply_router/route]: Routed 764 of 1356 supply pins
[2026-08-10 19:06:30.874401] [openram.router.supply_router/route]: Routed 765 of 1356 supply pins
[2026-08-10 19:06:32.032919] [openram.router.supply_router/route]: Routed 766 of 1356 supply pins
[2026-08-10 19:06:33.217535] [openram.router.supply_router/route]: Routed 767 of 1356 supply pins
[2026-08-10 19:06:34.428169] [openram.router.supply_router/route]: Routed 768 of 1356 supply pins
[2026-08-10 19:06:35.661770] [openram.router.supply_router/route]: Routed 769 of 1356 supply pins
[2026-08-10 19:06:36.905069] [openram.router.supply_router/route]: Routed 770 of 1356 supply pins
[2026-08-10 19:06:38.184643] [openram.router.supply_router/route]: Routed 771 of 1356 supply pins
[2026-08-10 19:06:39.468285] [openram.router.supply_router/route]: Routed 772 of 1356 supply pins
[2026-08-10 19:06:40.772682] [openram.router.supply_router/route]: Routed 773 of 1356 supply pins
[2026-08-10 19:06:42.117683] [openram.router.supply_router/route]: Routed 774 of 1356 supply pins
[2026-08-10 19:06:43.468722] [openram.router.supply_router/route]: Routed 775 of 1356 supply pins
[2026-08-10 19:06:44.834062] [openram.router.supply_router/route]: Routed 776 of 1356 supply pins
[2026-08-10 19:06:46.229216] [openram.router.supply_router/route]: Routed 777 of 1356 supply pins
[2026-08-10 19:06:47.659606] [openram.router.supply_router/route]: Routed 778 of 1356 supply pins
[2026-08-10 19:06:49.117031] [openram.router.supply_router/route]: Routed 779 of 1356 supply pins
[2026-08-10 19:06:50.604339] [openram.router.supply_router/route]: Routed 780 of 1356 supply pins
[2026-08-10 19:06:52.116064] [openram.router.supply_router/route]: Routed 781 of 1356 supply pins
[2026-08-10 19:06:53.632415] [openram.router.supply_router/route]: Routed 782 of 1356 supply pins
[2026-08-10 19:06:55.172623] [openram.router.supply_router/route]: Routed 783 of 1356 supply pins
[2026-08-10 19:06:56.723984] [openram.router.supply_router/route]: Routed 784 of 1356 supply pins
[2026-08-10 19:06:58.321186] [openram.router.supply_router/route]: Routed 785 of 1356 supply pins
[2026-08-10 19:06:59.910896] [openram.router.supply_router/route]: Routed 786 of 1356 supply pins
[2026-08-10 19:07:01.550656] [openram.router.supply_router/route]: Routed 787 of 1356 supply pins
[2026-08-10 19:07:03.221077] [openram.router.supply_router/route]: Routed 788 of 1356 supply pins
[2026-08-10 19:07:04.922918] [openram.router.supply_router/route]: Routed 789 of 1356 supply pins
[2026-08-10 19:07:06.620398] [openram.router.supply_router/route]: Routed 790 of 1356 supply pins
[2026-08-10 19:07:08.357115] [openram.router.supply_router/route]: Routed 791 of 1356 supply pins
[2026-08-10 19:07:10.136377] [openram.router.supply_router/route]: Routed 792 of 1356 supply pins
[2026-08-10 19:07:11.943323] [openram.router.supply_router/route]: Routed 793 of 1356 supply pins
[2026-08-10 19:07:13.761467] [openram.router.supply_router/route]: Routed 794 of 1356 supply pins
[2026-08-10 19:07:15.614429] [openram.router.supply_router/route]: Routed 795 of 1356 supply pins
[2026-08-10 19:07:17.478344] [openram.router.supply_router/route]: Routed 796 of 1356 supply pins
[2026-08-10 19:07:19.348939] [openram.router.supply_router/route]: Routed 797 of 1356 supply pins
[2026-08-10 19:07:21.227027] [openram.router.supply_router/route]: Routed 798 of 1356 supply pins
[2026-08-10 19:07:23.133026] [openram.router.supply_router/route]: Routed 799 of 1356 supply pins
[2026-08-10 19:07:25.043433] [openram.router.supply_router/route]: Routed 800 of 1356 supply pins
[2026-08-10 19:07:26.977000] [openram.router.supply_router/route]: Routed 801 of 1356 supply pins
[2026-08-10 19:07:28.943196] [openram.router.supply_router/route]: Routed 802 of 1356 supply pins
[2026-08-10 19:07:30.906857] [openram.router.supply_router/route]: Routed 803 of 1356 supply pins
[2026-08-10 19:07:32.940573] [openram.router.supply_router/route]: Routed 804 of 1356 supply pins
[2026-08-10 19:07:34.974245] [openram.router.supply_router/route]: Routed 805 of 1356 supply pins
[2026-08-10 19:07:37.032966] [openram.router.supply_router/route]: Routed 806 of 1356 supply pins
[2026-08-10 19:07:39.122843] [openram.router.supply_router/route]: Routed 807 of 1356 supply pins
[2026-08-10 19:07:41.227368] [openram.router.supply_router/route]: Routed 808 of 1356 supply pins
[2026-08-10 19:07:43.347319] [openram.router.supply_router/route]: Routed 809 of 1356 supply pins
[2026-08-10 19:07:45.493702] [openram.router.supply_router/route]: Routed 810 of 1356 supply pins
[2026-08-10 19:07:47.681476] [openram.router.supply_router/route]: Routed 811 of 1356 supply pins
[2026-08-10 19:07:49.886032] [openram.router.supply_router/route]: Routed 812 of 1356 supply pins
[2026-08-10 19:07:52.119350] [openram.router.supply_router/route]: Routed 813 of 1356 supply pins
[2026-08-10 19:07:54.358387] [openram.router.supply_router/route]: Routed 814 of 1356 supply pins
[2026-08-10 19:07:56.625477] [openram.router.supply_router/route]: Routed 815 of 1356 supply pins
[2026-08-10 19:07:58.912700] [openram.router.supply_router/route]: Routed 816 of 1356 supply pins
[2026-08-10 19:08:01.249754] [openram.router.supply_router/route]: Routed 817 of 1356 supply pins
[2026-08-10 19:08:03.580904] [openram.router.supply_router/route]: Routed 818 of 1356 supply pins
[2026-08-10 19:08:05.919466] [openram.router.supply_router/route]: Routed 819 of 1356 supply pins
[2026-08-10 19:08:08.324324] [openram.router.supply_router/route]: Routed 820 of 1356 supply pins
[2026-08-10 19:08:10.725068] [openram.router.supply_router/route]: Routed 821 of 1356 supply pins
[2026-08-10 19:08:13.150380] [openram.router.supply_router/route]: Routed 822 of 1356 supply pins
[2026-08-10 19:08:15.609000] [openram.router.supply_router/route]: Routed 823 of 1356 supply pins
[2026-08-10 19:08:17.852817] [openram.router.supply_router/route]: Routed 824 of 1356 supply pins
[2026-08-10 19:08:20.127862] [openram.router.supply_router/route]: Routed 825 of 1356 supply pins
[2026-08-10 19:08:22.413583] [openram.router.supply_router/route]: Routed 826 of 1356 supply pins
[2026-08-10 19:08:24.711385] [openram.router.supply_router/route]: Routed 827 of 1356 supply pins
[2026-08-10 19:08:32.780083] [openram.router.supply_router/route]: Routed 828 of 1356 supply pins
[2026-08-10 19:08:35.095197] [openram.router.supply_router/route]: Routed 829 of 1356 supply pins
[2026-08-10 19:08:37.423353] [openram.router.supply_router/route]: Routed 830 of 1356 supply pins
[2026-08-10 19:08:39.766664] [openram.router.supply_router/route]: Routed 831 of 1356 supply pins
[2026-08-10 19:08:42.389359] [openram.router.supply_router/route]: Routed 832 of 1356 supply pins
[2026-08-10 19:08:45.059606] [openram.router.supply_router/route]: Routed 833 of 1356 supply pins
[2026-08-10 19:08:47.719735] [openram.router.supply_router/route]: Routed 834 of 1356 supply pins
[2026-08-10 19:08:50.411230] [openram.router.supply_router/route]: Routed 835 of 1356 supply pins
[2026-08-10 19:08:53.130180] [openram.router.supply_router/route]: Routed 836 of 1356 supply pins
[2026-08-10 19:08:55.905196] [openram.router.supply_router/route]: Routed 837 of 1356 supply pins
[2026-08-10 19:08:58.689422] [openram.router.supply_router/route]: Routed 838 of 1356 supply pins
[2026-08-10 19:09:01.465433] [openram.router.supply_router/route]: Routed 839 of 1356 supply pins
[2026-08-10 19:09:04.271194] [openram.router.supply_router/route]: Routed 840 of 1356 supply pins
[2026-08-10 19:09:07.108595] [openram.router.supply_router/route]: Routed 841 of 1356 supply pins
[2026-08-10 19:09:10.000908] [openram.router.supply_router/route]: Routed 842 of 1356 supply pins
[2026-08-10 19:09:12.894872] [openram.router.supply_router/route]: Routed 843 of 1356 supply pins
[2026-08-10 19:09:15.826010] [openram.router.supply_router/route]: Routed 844 of 1356 supply pins
[2026-08-10 19:09:18.758112] [openram.router.supply_router/route]: Routed 845 of 1356 supply pins
[2026-08-10 19:09:21.726720] [openram.router.supply_router/route]: Routed 846 of 1356 supply pins
[2026-08-10 19:09:24.753808] [openram.router.supply_router/route]: Routed 847 of 1356 supply pins
[2026-08-10 19:09:27.775019] [openram.router.supply_router/route]: Routed 848 of 1356 supply pins
[2026-08-10 19:09:30.887073] [openram.router.supply_router/route]: Routed 849 of 1356 supply pins
[2026-08-10 19:09:33.971314] [openram.router.supply_router/route]: Routed 850 of 1356 supply pins
[2026-08-10 19:09:37.087047] [openram.router.supply_router/route]: Routed 851 of 1356 supply pins
[2026-08-10 19:09:40.214477] [openram.router.supply_router/route]: Routed 852 of 1356 supply pins
[2026-08-10 19:09:43.383886] [openram.router.supply_router/route]: Routed 853 of 1356 supply pins
[2026-08-10 19:09:46.568903] [openram.router.supply_router/route]: Routed 854 of 1356 supply pins
[2026-08-10 19:09:49.808667] [openram.router.supply_router/route]: Routed 855 of 1356 supply pins
[2026-08-10 19:09:53.042608] [openram.router.supply_router/route]: Routed 856 of 1356 supply pins
[2026-08-10 19:09:56.310748] [openram.router.supply_router/route]: Routed 857 of 1356 supply pins
[2026-08-10 19:09:59.577979] [openram.router.supply_router/route]: Routed 858 of 1356 supply pins
[2026-08-10 19:10:02.880385] [openram.router.supply_router/route]: Routed 859 of 1356 supply pins
[2026-08-10 19:10:06.198585] [openram.router.supply_router/route]: Routed 860 of 1356 supply pins
[2026-08-10 19:10:09.556375] [openram.router.supply_router/route]: Routed 861 of 1356 supply pins
[2026-08-10 19:10:12.929272] [openram.router.supply_router/route]: Routed 862 of 1356 supply pins
[2026-08-10 19:10:16.341869] [openram.router.supply_router/route]: Routed 863 of 1356 supply pins
[2026-08-10 19:10:19.727458] [openram.router.supply_router/route]: Routed 864 of 1356 supply pins
[2026-08-10 19:10:23.167115] [openram.router.supply_router/route]: Routed 865 of 1356 supply pins
[2026-08-10 19:10:26.589230] [openram.router.supply_router/route]: Routed 866 of 1356 supply pins
[2026-08-10 19:10:30.088119] [openram.router.supply_router/route]: Routed 867 of 1356 supply pins
[2026-08-10 19:10:33.581378] [openram.router.supply_router/route]: Routed 868 of 1356 supply pins
[2026-08-10 19:10:37.088422] [openram.router.supply_router/route]: Routed 869 of 1356 supply pins
[2026-08-10 19:10:40.656793] [openram.router.supply_router/route]: Routed 870 of 1356 supply pins
[2026-08-10 19:10:44.227730] [openram.router.supply_router/route]: Routed 871 of 1356 supply pins
[2026-08-10 19:10:47.771313] [openram.router.supply_router/route]: Routed 872 of 1356 supply pins
[2026-08-10 19:10:51.353978] [openram.router.supply_router/route]: Routed 873 of 1356 supply pins
[2026-08-10 19:10:54.953501] [openram.router.supply_router/route]: Routed 874 of 1356 supply pins
[2026-08-10 19:10:58.541237] [openram.router.supply_router/route]: Routed 875 of 1356 supply pins
[2026-08-10 19:11:02.232705] [openram.router.supply_router/route]: Routed 876 of 1356 supply pins
[2026-08-10 19:11:05.902412] [openram.router.supply_router/route]: Routed 877 of 1356 supply pins
[2026-08-10 19:11:09.627397] [openram.router.supply_router/route]: Routed 878 of 1356 supply pins
[2026-08-10 19:11:13.335596] [openram.router.supply_router/route]: Routed 879 of 1356 supply pins
[2026-08-10 19:11:17.072095] [openram.router.supply_router/route]: Routed 880 of 1356 supply pins
[2026-08-10 19:11:20.862977] [openram.router.supply_router/route]: Routed 881 of 1356 supply pins
[2026-08-10 19:11:24.654417] [openram.router.supply_router/route]: Routed 882 of 1356 supply pins
[2026-08-10 19:11:28.474576] [openram.router.supply_router/route]: Routed 883 of 1356 supply pins
[2026-08-10 19:11:32.326320] [openram.router.supply_router/route]: Routed 884 of 1356 supply pins
[2026-08-10 19:11:36.227705] [openram.router.supply_router/route]: Routed 885 of 1356 supply pins
[2026-08-10 19:11:40.193917] [openram.router.supply_router/route]: Routed 886 of 1356 supply pins
[2026-08-10 19:11:44.175621] [openram.router.supply_router/route]: Routed 887 of 1356 supply pins
[2026-08-10 19:11:48.187940] [openram.router.supply_router/route]: Routed 888 of 1356 supply pins
[2026-08-10 19:11:52.231943] [openram.router.supply_router/route]: Routed 889 of 1356 supply pins
[2026-08-10 19:11:57.691417] [openram.router.supply_router/route]: Routed 890 of 1356 supply pins
[2026-08-10 19:12:01.759553] [openram.router.supply_router/route]: Routed 891 of 1356 supply pins
[2026-08-10 19:12:05.898023] [openram.router.supply_router/route]: Routed 892 of 1356 supply pins
[2026-08-10 19:12:10.013255] [openram.router.supply_router/route]: Routed 893 of 1356 supply pins
[2026-08-10 19:12:14.183667] [openram.router.supply_router/route]: Routed 894 of 1356 supply pins
[2026-08-10 19:12:18.316938] [openram.router.supply_router/route]: Routed 895 of 1356 supply pins
[2026-08-10 19:12:22.501159] [openram.router.supply_router/route]: Routed 896 of 1356 supply pins
[2026-08-10 19:12:26.756171] [openram.router.supply_router/route]: Routed 897 of 1356 supply pins
[2026-08-10 19:12:31.030491] [openram.router.supply_router/route]: Routed 898 of 1356 supply pins
[2026-08-10 19:12:35.194814] [openram.router.supply_router/route]: Routed 899 of 1356 supply pins
[2026-08-10 19:12:39.415225] [openram.router.supply_router/route]: Routed 900 of 1356 supply pins
[2026-08-10 19:12:43.613827] [openram.router.supply_router/route]: Routed 901 of 1356 supply pins
[2026-08-10 19:12:47.852966] [openram.router.supply_router/route]: Routed 902 of 1356 supply pins
[2026-08-10 19:12:52.140374] [openram.router.supply_router/route]: Routed 903 of 1356 supply pins
[2026-08-10 19:12:56.496141] [openram.router.supply_router/route]: Routed 904 of 1356 supply pins
[2026-08-10 19:13:00.870530] [openram.router.supply_router/route]: Routed 905 of 1356 supply pins
[2026-08-10 19:13:05.278843] [openram.router.supply_router/route]: Routed 906 of 1356 supply pins
[2026-08-10 19:13:09.777166] [openram.router.supply_router/route]: Routed 907 of 1356 supply pins
[2026-08-10 19:13:14.250849] [openram.router.supply_router/route]: Routed 908 of 1356 supply pins
[2026-08-10 19:13:18.693053] [openram.router.supply_router/route]: Routed 909 of 1356 supply pins
[2026-08-10 19:13:26.696080] [openram.router.supply_router/route]: Routed 910 of 1356 supply pins
[2026-08-10 19:13:34.711043] [openram.router.supply_router/route]: Routed 911 of 1356 supply pins
[2026-08-10 19:13:34.838533] [openram.router.supply_router/route]: Routed 912 of 1356 supply pins
[2026-08-10 19:13:34.980427] [openram.router.supply_router/route]: Routed 913 of 1356 supply pins
[2026-08-10 19:13:35.141943] [openram.router.supply_router/route]: Routed 914 of 1356 supply pins
[2026-08-10 19:13:35.335797] [openram.router.supply_router/route]: Routed 915 of 1356 supply pins
[2026-08-10 19:13:35.542009] [openram.router.supply_router/route]: Routed 916 of 1356 supply pins
[2026-08-10 19:13:35.761579] [openram.router.supply_router/route]: Routed 917 of 1356 supply pins
[2026-08-10 19:13:35.999153] [openram.router.supply_router/route]: Routed 918 of 1356 supply pins
[2026-08-10 19:13:36.252575] [openram.router.supply_router/route]: Routed 919 of 1356 supply pins
[2026-08-10 19:13:36.541693] [openram.router.supply_router/route]: Routed 920 of 1356 supply pins
[2026-08-10 19:13:36.830021] [openram.router.supply_router/route]: Routed 921 of 1356 supply pins
[2026-08-10 19:13:37.136799] [openram.router.supply_router/route]: Routed 922 of 1356 supply pins
[2026-08-10 19:13:37.480031] [openram.router.supply_router/route]: Routed 923 of 1356 supply pins
[2026-08-10 19:13:38.427636] [openram.router.supply_router/route]: Routed 924 of 1356 supply pins
[2026-08-10 19:13:39.409713] [openram.router.supply_router/route]: Routed 925 of 1356 supply pins
[2026-08-10 19:13:39.800866] [openram.router.supply_router/route]: Routed 926 of 1356 supply pins
[2026-08-10 19:13:40.224613] [openram.router.supply_router/route]: Routed 927 of 1356 supply pins
[2026-08-10 19:13:40.654953] [openram.router.supply_router/route]: Routed 928 of 1356 supply pins
[2026-08-10 19:13:41.097080] [openram.router.supply_router/route]: Routed 929 of 1356 supply pins
[2026-08-10 19:13:41.565249] [openram.router.supply_router/route]: Routed 930 of 1356 supply pins
[2026-08-10 19:13:42.047600] [openram.router.supply_router/route]: Routed 931 of 1356 supply pins
[2026-08-10 19:13:42.541099] [openram.router.supply_router/route]: Routed 932 of 1356 supply pins
[2026-08-10 19:13:43.059458] [openram.router.supply_router/route]: Routed 933 of 1356 supply pins
[2026-08-10 19:13:43.604288] [openram.router.supply_router/route]: Routed 934 of 1356 supply pins
[2026-08-10 19:13:44.160700] [openram.router.supply_router/route]: Routed 935 of 1356 supply pins
[2026-08-10 19:13:44.728578] [openram.router.supply_router/route]: Routed 936 of 1356 supply pins
[2026-08-10 19:13:45.309801] [openram.router.supply_router/route]: Routed 937 of 1356 supply pins
[2026-08-10 19:13:45.934927] [openram.router.supply_router/route]: Routed 938 of 1356 supply pins
[2026-08-10 19:13:46.559500] [openram.router.supply_router/route]: Routed 939 of 1356 supply pins
[2026-08-10 19:13:47.205187] [openram.router.supply_router/route]: Routed 940 of 1356 supply pins
[2026-08-10 19:13:47.871289] [openram.router.supply_router/route]: Routed 941 of 1356 supply pins
[2026-08-10 19:13:48.542582] [openram.router.supply_router/route]: Routed 942 of 1356 supply pins
[2026-08-10 19:13:49.240548] [openram.router.supply_router/route]: Routed 943 of 1356 supply pins
[2026-08-10 19:13:49.969680] [openram.router.supply_router/route]: Routed 944 of 1356 supply pins
[2026-08-10 19:13:50.702834] [openram.router.supply_router/route]: Routed 945 of 1356 supply pins
[2026-08-10 19:13:51.456990] [openram.router.supply_router/route]: Routed 946 of 1356 supply pins
[2026-08-10 19:13:52.245609] [openram.router.supply_router/route]: Routed 947 of 1356 supply pins
[2026-08-10 19:13:53.027710] [openram.router.supply_router/route]: Routed 948 of 1356 supply pins
[2026-08-10 19:13:53.849438] [openram.router.supply_router/route]: Routed 949 of 1356 supply pins
[2026-08-10 19:13:54.685825] [openram.router.supply_router/route]: Routed 950 of 1356 supply pins
[2026-08-10 19:13:55.514283] [openram.router.supply_router/route]: Routed 951 of 1356 supply pins
[2026-08-10 19:13:56.412529] [openram.router.supply_router/route]: Routed 952 of 1356 supply pins
[2026-08-10 19:13:57.293236] [openram.router.supply_router/route]: Routed 953 of 1356 supply pins
[2026-08-10 19:13:58.206855] [openram.router.supply_router/route]: Routed 954 of 1356 supply pins
[2026-08-10 19:13:59.138622] [openram.router.supply_router/route]: Routed 955 of 1356 supply pins
[2026-08-10 19:14:00.088302] [openram.router.supply_router/route]: Routed 956 of 1356 supply pins
[2026-08-10 19:14:01.111194] [openram.router.supply_router/route]: Routed 957 of 1356 supply pins
[2026-08-10 19:14:02.084515] [openram.router.supply_router/route]: Routed 958 of 1356 supply pins
[2026-08-10 19:14:03.109925] [openram.router.supply_router/route]: Routed 959 of 1356 supply pins
[2026-08-10 19:14:04.116171] [openram.router.supply_router/route]: Routed 960 of 1356 supply pins
[2026-08-10 19:14:05.169253] [openram.router.supply_router/route]: Routed 961 of 1356 supply pins
[2026-08-10 19:14:06.212584] [openram.router.supply_router/route]: Routed 962 of 1356 supply pins
[2026-08-10 19:14:07.324371] [openram.router.supply_router/route]: Routed 963 of 1356 supply pins
[2026-08-10 19:14:08.424998] [openram.router.supply_router/route]: Routed 964 of 1356 supply pins
[2026-08-10 19:14:09.546557] [openram.router.supply_router/route]: Routed 965 of 1356 supply pins
[2026-08-10 19:14:10.669839] [openram.router.supply_router/route]: Routed 966 of 1356 supply pins
[2026-08-10 19:14:11.830056] [openram.router.supply_router/route]: Routed 967 of 1356 supply pins
[2026-08-10 19:14:13.015724] [openram.router.supply_router/route]: Routed 968 of 1356 supply pins
[2026-08-10 19:14:14.242562] [openram.router.supply_router/route]: Routed 969 of 1356 supply pins
[2026-08-10 19:14:15.478287] [openram.router.supply_router/route]: Routed 970 of 1356 supply pins
[2026-08-10 19:14:28.342468] [openram.router.supply_router/route]: Routed 971 of 1356 supply pins
[2026-08-10 19:14:48.339760] [openram.router.supply_router/route]: Routed 972 of 1356 supply pins
[2026-08-10 19:15:00.823740] [openram.router.supply_router/route]: Routed 973 of 1356 supply pins
[2026-08-10 19:15:10.813473] [openram.router.supply_router/route]: Routed 974 of 1356 supply pins
[2026-08-10 19:15:24.648426] [openram.router.supply_router/route]: Routed 975 of 1356 supply pins
[2026-08-10 19:15:34.248542] [openram.router.supply_router/route]: Routed 976 of 1356 supply pins
[2026-08-10 19:15:52.537290] [openram.router.supply_router/route]: Routed 977 of 1356 supply pins
[2026-08-10 19:16:08.836346] [openram.router.supply_router/route]: Routed 978 of 1356 supply pins
[2026-08-10 19:16:20.308689] [openram.router.supply_router/route]: Routed 979 of 1356 supply pins
[2026-08-10 19:16:31.514251] [openram.router.supply_router/route]: Routed 980 of 1356 supply pins
[2026-08-10 19:16:49.697467] [openram.router.supply_router/route]: Routed 981 of 1356 supply pins
[2026-08-10 19:17:01.558042] [openram.router.supply_router/route]: Routed 982 of 1356 supply pins
[2026-08-10 19:17:12.217750] [openram.router.supply_router/route]: Routed 983 of 1356 supply pins
[2026-08-10 19:17:26.571448] [openram.router.supply_router/route]: Routed 984 of 1356 supply pins
[2026-08-10 19:17:35.369339] [openram.router.supply_router/route]: Routed 985 of 1356 supply pins
[2026-08-10 19:17:47.758276] [openram.router.supply_router/route]: Routed 986 of 1356 supply pins
[2026-08-10 19:18:08.354331] [openram.router.supply_router/route]: Routed 987 of 1356 supply pins
[2026-08-10 19:18:17.946204] [openram.router.supply_router/route]: Routed 988 of 1356 supply pins
[2026-08-10 19:18:29.394312] [openram.router.supply_router/route]: Routed 989 of 1356 supply pins
[2026-08-10 19:18:40.892804] [openram.router.supply_router/route]: Routed 990 of 1356 supply pins
[2026-08-10 19:18:52.705872] [openram.router.supply_router/route]: Routed 991 of 1356 supply pins
[2026-08-10 19:19:06.266879] [openram.router.supply_router/route]: Routed 992 of 1356 supply pins
[2026-08-10 19:19:15.026677] [openram.router.supply_router/route]: Routed 993 of 1356 supply pins
[2026-08-10 19:19:30.504371] [openram.router.supply_router/route]: Routed 994 of 1356 supply pins
[2026-08-10 19:19:40.890125] [openram.router.supply_router/route]: Routed 995 of 1356 supply pins
[2026-08-10 19:19:52.986935] [openram.router.supply_router/route]: Routed 996 of 1356 supply pins
[2026-08-10 19:20:03.056801] [openram.router.supply_router/route]: Routed 997 of 1356 supply pins
[2026-08-10 19:20:15.610836] [openram.router.supply_router/route]: Routed 998 of 1356 supply pins
[2026-08-10 19:20:28.028791] [openram.router.supply_router/route]: Routed 999 of 1356 supply pins
[2026-08-10 19:20:43.209878] [openram.router.supply_router/route]: Routed 1000 of 1356 supply pins
[2026-08-10 19:20:54.787179] [openram.router.supply_router/route]: Routed 1001 of 1356 supply pins
[2026-08-10 19:21:06.822882] [openram.router.supply_router/route]: Routed 1002 of 1356 supply pins
[2026-08-10 19:21:22.370925] [openram.router.supply_router/route]: Routed 1003 of 1356 supply pins
[2026-08-10 19:21:30.804191] [openram.router.supply_router/route]: Routed 1004 of 1356 supply pins
[2026-08-10 19:21:44.410259] [openram.router.supply_router/route]: Routed 1005 of 1356 supply pins
[2026-08-10 19:21:55.237184] [openram.router.supply_router/route]: Routed 1006 of 1356 supply pins
[2026-08-10 19:22:05.744869] [openram.router.supply_router/route]: Routed 1007 of 1356 supply pins
[2026-08-10 19:22:18.528197] [openram.router.supply_router/route]: Routed 1008 of 1356 supply pins
[2026-08-10 19:22:37.932864] [openram.router.supply_router/route]: Routed 1009 of 1356 supply pins
[2026-08-10 19:22:47.690475] [openram.router.supply_router/route]: Routed 1010 of 1356 supply pins
[2026-08-10 19:23:08.467791] [openram.router.supply_router/route]: Routed 1011 of 1356 supply pins
[2026-08-10 19:23:17.942345] [openram.router.supply_router/route]: Routed 1012 of 1356 supply pins
[2026-08-10 19:23:31.140166] [openram.router.supply_router/route]: Routed 1013 of 1356 supply pins
[2026-08-10 19:23:47.465703] [openram.router.supply_router/route]: Routed 1014 of 1356 supply pins
[2026-08-10 19:24:05.710991] [openram.router.supply_router/route]: Routed 1015 of 1356 supply pins
[2026-08-10 19:24:25.883795] [openram.router.supply_router/route]: Routed 1016 of 1356 supply pins
[2026-08-10 19:24:35.629360] [openram.router.supply_router/route]: Routed 1017 of 1356 supply pins
[2026-08-10 19:24:47.686804] [openram.router.supply_router/route]: Routed 1018 of 1356 supply pins
[2026-08-10 19:25:00.695259] [openram.router.supply_router/route]: Routed 1019 of 1356 supply pins
[2026-08-10 19:25:11.689009] [openram.router.supply_router/route]: Routed 1020 of 1356 supply pins
[2026-08-10 19:25:23.150109] [openram.router.supply_router/route]: Routed 1021 of 1356 supply pins
[2026-08-10 19:25:41.124279] [openram.router.supply_router/route]: Routed 1022 of 1356 supply pins
[2026-08-10 19:25:59.608777] [openram.router.supply_router/route]: Routed 1023 of 1356 supply pins
[2026-08-10 19:26:12.018951] [openram.router.supply_router/route]: Routed 1024 of 1356 supply pins
[2026-08-10 19:26:24.473761] [openram.router.supply_router/route]: Routed 1025 of 1356 supply pins
[2026-08-10 19:26:35.359075] [openram.router.supply_router/route]: Routed 1026 of 1356 supply pins
[2026-08-10 19:26:46.077863] [openram.router.supply_router/route]: Routed 1027 of 1356 supply pins
[2026-08-10 19:27:00.047763] [openram.router.supply_router/route]: Routed 1028 of 1356 supply pins
[2026-08-10 19:27:13.896565] [openram.router.supply_router/route]: Routed 1029 of 1356 supply pins
[2026-08-10 19:27:28.404950] [openram.router.supply_router/route]: Routed 1030 of 1356 supply pins
[2026-08-10 19:27:45.382376] [openram.router.supply_router/route]: Routed 1031 of 1356 supply pins
[2026-08-10 19:27:56.815150] [openram.router.supply_router/route]: Routed 1032 of 1356 supply pins
[2026-08-10 19:28:07.145130] [openram.router.supply_router/route]: Routed 1033 of 1356 supply pins
[2026-08-10 19:28:21.487508] [openram.router.supply_router/route]: Routed 1034 of 1356 supply pins
[2026-08-10 19:28:30.538731] [openram.router.supply_router/route]: Routed 1035 of 1356 supply pins
[2026-08-10 19:28:42.011979] [openram.router.supply_router/route]: Routed 1036 of 1356 supply pins
[2026-08-10 19:28:54.149413] [openram.router.supply_router/route]: Routed 1037 of 1356 supply pins
[2026-08-10 19:29:12.444257] [openram.router.supply_router/route]: Routed 1038 of 1356 supply pins
[2026-08-10 19:29:30.922802] [openram.router.supply_router/route]: Routed 1039 of 1356 supply pins
[2026-08-10 19:29:42.508111] [openram.router.supply_router/route]: Routed 1040 of 1356 supply pins
[2026-08-10 19:29:54.460864] [openram.router.supply_router/route]: Routed 1041 of 1356 supply pins
[2026-08-10 19:30:04.534751] [openram.router.supply_router/route]: Routed 1042 of 1356 supply pins
[2026-08-10 19:30:16.316435] [openram.router.supply_router/route]: Routed 1043 of 1356 supply pins
[2026-08-10 19:30:26.068246] [openram.router.supply_router/route]: Routed 1044 of 1356 supply pins
[2026-08-10 19:30:35.138054] [openram.router.supply_router/route]: Routed 1045 of 1356 supply pins
[2026-08-10 19:30:53.312886] [openram.router.supply_router/route]: Routed 1046 of 1356 supply pins
[2026-08-10 19:31:10.235160] [openram.router.supply_router/route]: Routed 1047 of 1356 supply pins
[2026-08-10 19:31:23.946975] [openram.router.supply_router/route]: Routed 1048 of 1356 supply pins
[2026-08-10 19:31:33.467130] [openram.router.supply_router/route]: Routed 1049 of 1356 supply pins
[2026-08-10 19:31:49.342525] [openram.router.supply_router/route]: Routed 1050 of 1356 supply pins
[2026-08-10 19:32:01.838682] [openram.router.supply_router/route]: Routed 1051 of 1356 supply pins
[2026-08-10 19:32:12.474637] [openram.router.supply_router/route]: Routed 1052 of 1356 supply pins
[2026-08-10 19:32:32.622832] [openram.router.supply_router/route]: Routed 1053 of 1356 supply pins
[2026-08-10 19:32:45.393500] [openram.router.supply_router/route]: Routed 1054 of 1356 supply pins
[2026-08-10 19:32:57.929652] [openram.router.supply_router/route]: Routed 1055 of 1356 supply pins
[2026-08-10 19:33:12.329389] [openram.router.supply_router/route]: Routed 1056 of 1356 supply pins
[2026-08-10 19:33:29.356543] [openram.router.supply_router/route]: Routed 1057 of 1356 supply pins
[2026-08-10 19:33:41.652273] [openram.router.supply_router/route]: Routed 1058 of 1356 supply pins
[2026-08-10 19:33:53.514433] [openram.router.supply_router/route]: Routed 1059 of 1356 supply pins
[2026-08-10 19:34:05.946645] [openram.router.supply_router/route]: Routed 1060 of 1356 supply pins
[2026-08-10 19:34:21.743615] [openram.router.supply_router/route]: Routed 1061 of 1356 supply pins
[2026-08-10 19:34:38.065177] [openram.router.supply_router/route]: Routed 1062 of 1356 supply pins
[2026-08-10 19:34:50.269736] [openram.router.supply_router/route]: Routed 1063 of 1356 supply pins
[2026-08-10 19:35:03.344604] [openram.router.supply_router/route]: Routed 1064 of 1356 supply pins
[2026-08-10 19:35:13.454796] [openram.router.supply_router/route]: Routed 1065 of 1356 supply pins
[2026-08-10 19:35:33.352274] [openram.router.supply_router/route]: Routed 1066 of 1356 supply pins
[2026-08-10 19:35:46.820452] [openram.router.supply_router/route]: Routed 1067 of 1356 supply pins
[2026-08-10 19:35:55.989752] [openram.router.supply_router/route]: Routed 1068 of 1356 supply pins
[2026-08-10 19:36:15.591562] [openram.router.supply_router/route]: Routed 1069 of 1356 supply pins
[2026-08-10 19:36:26.581072] [openram.router.supply_router/route]: Routed 1070 of 1356 supply pins
[2026-08-10 19:36:36.748152] [openram.router.supply_router/route]: Routed 1071 of 1356 supply pins
[2026-08-10 19:36:49.083352] [openram.router.supply_router/route]: Routed 1072 of 1356 supply pins
[2026-08-10 19:37:08.712444] [openram.router.supply_router/route]: Routed 1073 of 1356 supply pins
[2026-08-10 19:37:17.719796] [openram.router.supply_router/route]: Routed 1074 of 1356 supply pins
[2026-08-10 19:37:28.602634] [openram.router.supply_router/route]: Routed 1075 of 1356 supply pins
[2026-08-10 19:37:41.356942] [openram.router.supply_router/route]: Routed 1076 of 1356 supply pins
[2026-08-10 19:37:51.297140] [openram.router.supply_router/route]: Routed 1077 of 1356 supply pins
[2026-08-10 19:38:07.622320] [openram.router.supply_router/route]: Routed 1078 of 1356 supply pins
[2026-08-10 19:38:26.199692] [openram.router.supply_router/route]: Routed 1079 of 1356 supply pins
[2026-08-10 19:38:39.925728] [openram.router.supply_router/route]: Routed 1080 of 1356 supply pins
[2026-08-10 19:38:51.221129] [openram.router.supply_router/route]: Routed 1081 of 1356 supply pins
[2026-08-10 19:39:03.481482] [openram.router.supply_router/route]: Routed 1082 of 1356 supply pins
[2026-08-10 19:39:15.540731] [openram.router.supply_router/route]: Routed 1083 of 1356 supply pins
[2026-08-10 19:39:29.808365] [openram.router.supply_router/route]: Routed 1084 of 1356 supply pins
[2026-08-10 19:39:45.730561] [openram.router.supply_router/route]: Routed 1085 of 1356 supply pins
[2026-08-10 19:39:56.474394] [openram.router.supply_router/route]: Routed 1086 of 1356 supply pins
[2026-08-10 19:40:12.073714] [openram.router.supply_router/route]: Routed 1087 of 1356 supply pins
[2026-08-10 19:40:12.309864] [openram.router.supply_router/route]: Routed 1088 of 1356 supply pins
[2026-08-10 19:40:32.442390] [openram.router.supply_router/route]: Routed 1089 of 1356 supply pins
[2026-08-10 19:40:44.197092] [openram.router.supply_router/route]: Routed 1090 of 1356 supply pins
[2026-08-10 19:40:55.676970] [openram.router.supply_router/route]: Routed 1091 of 1356 supply pins
[2026-08-10 19:41:09.672174] [openram.router.supply_router/route]: Routed 1092 of 1356 supply pins
[2026-08-10 19:41:30.392512] [openram.router.supply_router/route]: Routed 1093 of 1356 supply pins
[2026-08-10 19:41:43.273459] [openram.router.supply_router/route]: Routed 1094 of 1356 supply pins
[2026-08-10 19:42:01.748416] [openram.router.supply_router/route]: Routed 1095 of 1356 supply pins
[2026-08-10 19:42:20.450976] [openram.router.supply_router/route]: Routed 1096 of 1356 supply pins
[2026-08-10 19:42:30.816223] [openram.router.supply_router/route]: Routed 1097 of 1356 supply pins
[2026-08-10 19:42:50.776434] [openram.router.supply_router/route]: Routed 1098 of 1356 supply pins
[2026-08-10 19:43:02.910409] [openram.router.supply_router/route]: Routed 1099 of 1356 supply pins
[2026-08-10 19:43:05.174424] [openram.router.supply_router/route]: Routed 1100 of 1356 supply pins
[2026-08-10 19:43:07.104823] [openram.router.supply_router/route]: Routed 1101 of 1356 supply pins
[2026-08-10 19:43:11.831243] [openram.router.supply_router/route]: Routed 1102 of 1356 supply pins
[2026-08-10 19:43:17.600058] [openram.router.supply_router/route]: Routed 1103 of 1356 supply pins
[2026-08-10 19:43:23.126382] [openram.router.supply_router/route]: Routed 1104 of 1356 supply pins
[2026-08-10 19:43:28.373702] [openram.router.supply_router/route]: Routed 1105 of 1356 supply pins
[2026-08-10 19:43:31.172124] [openram.router.supply_router/route]: Routed 1106 of 1356 supply pins
[2026-08-10 19:43:32.303092] [openram.router.supply_router/route]: Routed 1107 of 1356 supply pins
[2026-08-10 19:43:34.133979] [openram.router.supply_router/route]: Routed 1108 of 1356 supply pins
[2026-08-10 19:43:36.922771] [openram.router.supply_router/route]: Routed 1109 of 1356 supply pins
[2026-08-10 19:43:37.171691] [openram.router.supply_router/route]: Routed 1110 of 1356 supply pins
[2026-08-10 19:43:37.277378] [openram.router.supply_router/route]: Routed 1111 of 1356 supply pins
[2026-08-10 19:43:37.481028] [openram.router.supply_router/route]: Routed 1112 of 1356 supply pins
[2026-08-10 19:43:37.744495] [openram.router.supply_router/route]: Routed 1113 of 1356 supply pins
[2026-08-10 19:43:37.827805] [openram.router.supply_router/route]: Routed 1114 of 1356 supply pins
[2026-08-10 19:43:38.075490] [openram.router.supply_router/route]: Routed 1115 of 1356 supply pins
[2026-08-10 19:43:38.180698] [openram.router.supply_router/route]: Routed 1116 of 1356 supply pins
[2026-08-10 19:43:38.376459] [openram.router.supply_router/route]: Routed 1117 of 1356 supply pins
[2026-08-10 19:43:38.630342] [openram.router.supply_router/route]: Routed 1118 of 1356 supply pins
[2026-08-10 19:43:38.747592] [openram.router.supply_router/route]: Routed 1119 of 1356 supply pins
[2026-08-10 19:43:38.948903] [openram.router.supply_router/route]: Routed 1120 of 1356 supply pins
[2026-08-10 19:43:39.055673] [openram.router.supply_router/route]: Routed 1121 of 1356 supply pins
[2026-08-10 19:43:39.259789] [openram.router.supply_router/route]: Routed 1122 of 1356 supply pins
[2026-08-10 19:43:39.536144] [openram.router.supply_router/route]: Routed 1123 of 1356 supply pins
[2026-08-10 19:43:41.664531] [openram.router.supply_router/route]: Routed 1124 of 1356 supply pins
[2026-08-10 19:43:43.761282] [openram.router.supply_router/route]: Routed 1125 of 1356 supply pins
[2026-08-10 19:43:45.984265] [openram.router.supply_router/route]: Routed 1126 of 1356 supply pins
[2026-08-10 19:43:49.077920] [openram.router.supply_router/route]: Routed 1127 of 1356 supply pins
[2026-08-10 19:43:50.955138] [openram.router.supply_router/route]: Routed 1128 of 1356 supply pins
[2026-08-10 19:43:52.417160] [openram.router.supply_router/route]: Routed 1129 of 1356 supply pins
[2026-08-10 19:43:53.875015] [openram.router.supply_router/route]: Routed 1130 of 1356 supply pins
[2026-08-10 19:43:55.196244] [openram.router.supply_router/route]: Routed 1131 of 1356 supply pins
[2026-08-10 19:43:55.384411] [openram.router.supply_router/route]: Routed 1132 of 1356 supply pins
[2026-08-10 19:45:18.260917] [openram.router.supply_router/route]: Routed 1133 of 1356 supply pins
[2026-08-10 19:45:30.439968] [openram.router.supply_router/route]: Routed 1134 of 1356 supply pins
[2026-08-10 19:45:31.738799] [openram.router.supply_router/route]: Routed 1135 of 1356 supply pins
[2026-08-10 19:45:33.528513] [openram.router.supply_router/route]: Routed 1136 of 1356 supply pins
[2026-08-10 19:45:35.766693] [openram.router.supply_router/route]: Routed 1137 of 1356 supply pins
[2026-08-10 19:45:37.379355] [openram.router.supply_router/route]: Routed 1138 of 1356 supply pins
[2026-08-10 19:45:39.623281] [openram.router.supply_router/route]: Routed 1139 of 1356 supply pins
[2026-08-10 19:45:44.751127] [openram.router.supply_router/route]: Routed 1140 of 1356 supply pins
[2026-08-10 19:45:49.116977] [openram.router.supply_router/route]: Routed 1141 of 1356 supply pins
[2026-08-10 19:45:51.818056] [openram.router.supply_router/route]: Routed 1142 of 1356 supply pins
[2026-08-10 19:45:52.074075] [openram.router.supply_router/route]: Routed 1143 of 1356 supply pins
[2026-08-10 19:45:52.188021] [openram.router.supply_router/route]: Routed 1144 of 1356 supply pins
[2026-08-10 19:45:52.419708] [openram.router.supply_router/route]: Routed 1145 of 1356 supply pins
[2026-08-10 19:45:52.665739] [openram.router.supply_router/route]: Routed 1146 of 1356 supply pins
[2026-08-10 19:45:52.760092] [openram.router.supply_router/route]: Routed 1147 of 1356 supply pins
[2026-08-10 19:45:52.950405] [openram.router.supply_router/route]: Routed 1148 of 1356 supply pins
[2026-08-10 19:45:53.033744] [openram.router.supply_router/route]: Routed 1149 of 1356 supply pins
[2026-08-10 19:45:53.269131] [openram.router.supply_router/route]: Routed 1150 of 1356 supply pins
[2026-08-10 19:45:53.523416] [openram.router.supply_router/route]: Routed 1151 of 1356 supply pins
[2026-08-10 19:45:53.619503] [openram.router.supply_router/route]: Routed 1152 of 1356 supply pins
[2026-08-10 19:45:53.856105] [openram.router.supply_router/route]: Routed 1153 of 1356 supply pins
[2026-08-10 19:45:53.959387] [openram.router.supply_router/route]: Routed 1154 of 1356 supply pins
[2026-08-10 19:45:54.151762] [openram.router.supply_router/route]: Routed 1155 of 1356 supply pins
[2026-08-10 19:45:54.405190] [openram.router.supply_router/route]: Routed 1156 of 1356 supply pins
[2026-08-10 19:45:54.985145] [openram.router.supply_router/route]: Routed 1157 of 1356 supply pins
[2026-08-10 19:46:08.071638] [openram.router.supply_router/route]: Routed 1158 of 1356 supply pins
[2026-08-10 19:46:08.721572] [openram.router.supply_router/route]: Routed 1159 of 1356 supply pins
[2026-08-10 19:46:17.875031] [openram.router.supply_router/route]: Routed 1160 of 1356 supply pins
[2026-08-10 19:46:26.886337] [openram.router.supply_router/route]: Routed 1161 of 1356 supply pins
[2026-08-10 19:46:35.810920] [openram.router.supply_router/route]: Routed 1162 of 1356 supply pins
[2026-08-10 19:46:44.680868] [openram.router.supply_router/route]: Routed 1163 of 1356 supply pins
[2026-08-10 19:46:53.557601] [openram.router.supply_router/route]: Routed 1164 of 1356 supply pins
[2026-08-10 19:47:02.469953] [openram.router.supply_router/route]: Routed 1165 of 1356 supply pins
[2026-08-10 19:47:11.400209] [openram.router.supply_router/route]: Routed 1166 of 1356 supply pins
[2026-08-10 19:47:20.312579] [openram.router.supply_router/route]: Routed 1167 of 1356 supply pins
[2026-08-10 19:47:29.149202] [openram.router.supply_router/route]: Routed 1168 of 1356 supply pins
[2026-08-10 19:47:37.998276] [openram.router.supply_router/route]: Routed 1169 of 1356 supply pins
[2026-08-10 19:47:46.818342] [openram.router.supply_router/route]: Routed 1170 of 1356 supply pins
[2026-08-10 19:47:57.921292] [openram.router.supply_router/route]: Routed 1171 of 1356 supply pins
[2026-08-10 19:48:06.692540] [openram.router.supply_router/route]: Routed 1172 of 1356 supply pins
[2026-08-10 19:48:15.508976] [openram.router.supply_router/route]: Routed 1173 of 1356 supply pins
[2026-08-10 19:48:24.354378] [openram.router.supply_router/route]: Routed 1174 of 1356 supply pins
[2026-08-10 19:48:33.227533] [openram.router.supply_router/route]: Routed 1175 of 1356 supply pins
[2026-08-10 19:48:42.064430] [openram.router.supply_router/route]: Routed 1176 of 1356 supply pins
[2026-08-10 19:48:50.934676] [openram.router.supply_router/route]: Routed 1177 of 1356 supply pins
[2026-08-10 19:48:59.814690] [openram.router.supply_router/route]: Routed 1178 of 1356 supply pins
[2026-08-10 19:49:08.636127] [openram.router.supply_router/route]: Routed 1179 of 1356 supply pins
[2026-08-10 19:49:17.470424] [openram.router.supply_router/route]: Routed 1180 of 1356 supply pins
[2026-08-10 19:49:26.305448] [openram.router.supply_router/route]: Routed 1181 of 1356 supply pins
[2026-08-10 19:49:35.247479] [openram.router.supply_router/route]: Routed 1182 of 1356 supply pins
[2026-08-10 19:49:44.079985] [openram.router.supply_router/route]: Routed 1183 of 1356 supply pins
[2026-08-10 19:49:52.986767] [openram.router.supply_router/route]: Routed 1184 of 1356 supply pins
[2026-08-10 19:50:01.864976] [openram.router.supply_router/route]: Routed 1185 of 1356 supply pins
[2026-08-10 19:50:10.701166] [openram.router.supply_router/route]: Routed 1186 of 1356 supply pins
[2026-08-10 19:50:19.548477] [openram.router.supply_router/route]: Routed 1187 of 1356 supply pins
[2026-08-10 19:50:28.145857] [openram.router.supply_router/route]: Routed 1188 of 1356 supply pins
[2026-08-10 19:50:36.932171] [openram.router.supply_router/route]: Routed 1189 of 1356 supply pins
[2026-08-10 19:50:45.760922] [openram.router.supply_router/route]: Routed 1190 of 1356 supply pins
[2026-08-10 19:50:54.643530] [openram.router.supply_router/route]: Routed 1191 of 1356 supply pins
[2026-08-10 19:51:03.443015] [openram.router.supply_router/route]: Routed 1192 of 1356 supply pins
[2026-08-10 19:51:12.261402] [openram.router.supply_router/route]: Routed 1193 of 1356 supply pins
[2026-08-10 19:51:21.070583] [openram.router.supply_router/route]: Routed 1194 of 1356 supply pins
[2026-08-10 19:51:29.850504] [openram.router.supply_router/route]: Routed 1195 of 1356 supply pins
[2026-08-10 19:51:38.591397] [openram.router.supply_router/route]: Routed 1196 of 1356 supply pins
[2026-08-10 19:51:47.363697] [openram.router.supply_router/route]: Routed 1197 of 1356 supply pins
[2026-08-10 19:51:56.125135] [openram.router.supply_router/route]: Routed 1198 of 1356 supply pins
[2026-08-10 19:52:04.907278] [openram.router.supply_router/route]: Routed 1199 of 1356 supply pins
[2026-08-10 19:52:13.684962] [openram.router.supply_router/route]: Routed 1200 of 1356 supply pins
[2026-08-10 19:52:22.476346] [openram.router.supply_router/route]: Routed 1201 of 1356 supply pins
[2026-08-10 19:52:31.195115] [openram.router.supply_router/route]: Routed 1202 of 1356 supply pins
[2026-08-10 19:52:39.933990] [openram.router.supply_router/route]: Routed 1203 of 1356 supply pins
[2026-08-10 19:52:50.032329] [openram.router.supply_router/route]: Routed 1204 of 1356 supply pins
[2026-08-10 19:52:58.842692] [openram.router.supply_router/route]: Routed 1205 of 1356 supply pins
[2026-08-10 19:53:07.603090] [openram.router.supply_router/route]: Routed 1206 of 1356 supply pins
[2026-08-10 19:53:16.289477] [openram.router.supply_router/route]: Routed 1207 of 1356 supply pins
[2026-08-10 19:53:25.100533] [openram.router.supply_router/route]: Routed 1208 of 1356 supply pins
[2026-08-10 19:53:41.806836] [openram.router.supply_router/route]: Routed 1209 of 1356 supply pins
[2026-08-10 19:53:58.239064] [openram.router.supply_router/route]: Routed 1210 of 1356 supply pins
[2026-08-10 19:54:06.932598] [openram.router.supply_router/route]: Routed 1211 of 1356 supply pins
[2026-08-10 19:54:15.628677] [openram.router.supply_router/route]: Routed 1212 of 1356 supply pins
[2026-08-10 19:54:24.337143] [openram.router.supply_router/route]: Routed 1213 of 1356 supply pins
[2026-08-10 19:54:33.376291] [openram.router.supply_router/route]: Routed 1214 of 1356 supply pins
[2026-08-10 19:54:42.135378] [openram.router.supply_router/route]: Routed 1215 of 1356 supply pins
[2026-08-10 19:54:50.983691] [openram.router.supply_router/route]: Routed 1216 of 1356 supply pins
[2026-08-10 19:54:59.818865] [openram.router.supply_router/route]: Routed 1217 of 1356 supply pins
[2026-08-10 19:55:08.650221] [openram.router.supply_router/route]: Routed 1218 of 1356 supply pins
[2026-08-10 19:55:17.387699] [openram.router.supply_router/route]: Routed 1219 of 1356 supply pins
[2026-08-10 19:55:26.186544] [openram.router.supply_router/route]: Routed 1220 of 1356 supply pins
[2026-08-10 19:55:34.966076] [openram.router.supply_router/route]: Routed 1221 of 1356 supply pins
[2026-08-10 19:55:43.752852] [openram.router.supply_router/route]: Routed 1222 of 1356 supply pins
[2026-08-10 19:55:52.565600] [openram.router.supply_router/route]: Routed 1223 of 1356 supply pins
[2026-08-10 19:56:01.368668] [openram.router.supply_router/route]: Routed 1224 of 1356 supply pins
[2026-08-10 19:56:10.218702] [openram.router.supply_router/route]: Routed 1225 of 1356 supply pins
[2026-08-10 19:56:18.957001] [openram.router.supply_router/route]: Routed 1226 of 1356 supply pins
[2026-08-10 19:56:27.767706] [openram.router.supply_router/route]: Routed 1227 of 1356 supply pins
[2026-08-10 19:56:36.519996] [openram.router.supply_router/route]: Routed 1228 of 1356 supply pins
[2026-08-10 19:56:45.325933] [openram.router.supply_router/route]: Routed 1229 of 1356 supply pins
[2026-08-10 19:56:53.833166] [openram.router.supply_router/route]: Routed 1230 of 1356 supply pins
[2026-08-10 19:57:02.622675] [openram.router.supply_router/route]: Routed 1231 of 1356 supply pins
[2026-08-10 19:57:11.446259] [openram.router.supply_router/route]: Routed 1232 of 1356 supply pins
[2026-08-10 19:57:20.347950] [openram.router.supply_router/route]: Routed 1233 of 1356 supply pins
[2026-08-10 19:57:29.316947] [openram.router.supply_router/route]: Routed 1234 of 1356 supply pins
[2026-08-10 19:57:38.224765] [openram.router.supply_router/route]: Routed 1235 of 1356 supply pins
[2026-08-10 19:57:48.481443] [openram.router.supply_router/route]: Routed 1236 of 1356 supply pins
[2026-08-10 19:57:57.471131] [openram.router.supply_router/route]: Routed 1237 of 1356 supply pins
[2026-08-10 19:58:06.351451] [openram.router.supply_router/route]: Routed 1238 of 1356 supply pins
[2026-08-10 19:58:15.179442] [openram.router.supply_router/route]: Routed 1239 of 1356 supply pins
[2026-08-10 19:58:23.901068] [openram.router.supply_router/route]: Routed 1240 of 1356 supply pins
[2026-08-10 19:58:32.709809] [openram.router.supply_router/route]: Routed 1241 of 1356 supply pins
[2026-08-10 19:58:41.421329] [openram.router.supply_router/route]: Routed 1242 of 1356 supply pins
[2026-08-10 19:58:50.164808] [openram.router.supply_router/route]: Routed 1243 of 1356 supply pins
[2026-08-10 19:58:58.924401] [openram.router.supply_router/route]: Routed 1244 of 1356 supply pins
[2026-08-10 19:59:07.704283] [openram.router.supply_router/route]: Routed 1245 of 1356 supply pins
[2026-08-10 19:59:16.883759] [openram.router.supply_router/route]: Routed 1246 of 1356 supply pins
[2026-08-10 19:59:25.809927] [openram.router.supply_router/route]: Routed 1247 of 1356 supply pins
[2026-08-10 19:59:34.648615] [openram.router.supply_router/route]: Routed 1248 of 1356 supply pins
[2026-08-10 19:59:43.437343] [openram.router.supply_router/route]: Routed 1249 of 1356 supply pins
[2026-08-10 19:59:52.222389] [openram.router.supply_router/route]: Routed 1250 of 1356 supply pins
[2026-08-10 20:00:01.043204] [openram.router.supply_router/route]: Routed 1251 of 1356 supply pins
[2026-08-10 20:00:09.819538] [openram.router.supply_router/route]: Routed 1252 of 1356 supply pins
[2026-08-10 20:00:18.557291] [openram.router.supply_router/route]: Routed 1253 of 1356 supply pins
[2026-08-10 20:00:27.351765] [openram.router.supply_router/route]: Routed 1254 of 1356 supply pins
[2026-08-10 20:00:36.172875] [openram.router.supply_router/route]: Routed 1255 of 1356 supply pins
[2026-08-10 20:00:44.927640] [openram.router.supply_router/route]: Routed 1256 of 1356 supply pins
[2026-08-10 20:00:53.745925] [openram.router.supply_router/route]: Routed 1257 of 1356 supply pins
[2026-08-10 20:01:02.558282] [openram.router.supply_router/route]: Routed 1258 of 1356 supply pins
[2026-08-10 20:01:11.356309] [openram.router.supply_router/route]: Routed 1259 of 1356 supply pins
[2026-08-10 20:01:20.105588] [openram.router.supply_router/route]: Routed 1260 of 1356 supply pins
[2026-08-10 20:01:28.815476] [openram.router.supply_router/route]: Routed 1261 of 1356 supply pins
[2026-08-10 20:01:37.584919] [openram.router.supply_router/route]: Routed 1262 of 1356 supply pins
[2026-08-10 20:01:46.160305] [openram.router.supply_router/route]: Routed 1263 of 1356 supply pins
[2026-08-10 20:01:55.029344] [openram.router.supply_router/route]: Routed 1264 of 1356 supply pins
[2026-08-10 20:02:03.907792] [openram.router.supply_router/route]: Routed 1265 of 1356 supply pins
[2026-08-10 20:02:12.791300] [openram.router.supply_router/route]: Routed 1266 of 1356 supply pins
[2026-08-10 20:02:21.580287] [openram.router.supply_router/route]: Routed 1267 of 1356 supply pins
[2026-08-10 20:02:30.389292] [openram.router.supply_router/route]: Routed 1268 of 1356 supply pins
[2026-08-10 20:02:40.625344] [openram.router.supply_router/route]: Routed 1269 of 1356 supply pins
[2026-08-10 20:02:49.434638] [openram.router.supply_router/route]: Routed 1270 of 1356 supply pins
[2026-08-10 20:02:58.304560] [openram.router.supply_router/route]: Routed 1271 of 1356 supply pins
[2026-08-10 20:03:07.121119] [openram.router.supply_router/route]: Routed 1272 of 1356 supply pins
[2026-08-10 20:03:15.946774] [openram.router.supply_router/route]: Routed 1273 of 1356 supply pins
[2026-08-10 20:03:24.753733] [openram.router.supply_router/route]: Routed 1274 of 1356 supply pins
[2026-08-10 20:03:35.092315] [openram.router.supply_router/route]: Routed 1275 of 1356 supply pins
[2026-08-10 20:03:43.776341] [openram.router.supply_router/route]: Routed 1276 of 1356 supply pins
[2026-08-10 20:03:52.549293] [openram.router.supply_router/route]: Routed 1277 of 1356 supply pins
[2026-08-10 20:04:01.237014] [openram.router.supply_router/route]: Routed 1278 of 1356 supply pins
[2026-08-10 20:04:09.940346] [openram.router.supply_router/route]: Routed 1279 of 1356 supply pins
[2026-08-10 20:04:18.656457] [openram.router.supply_router/route]: Routed 1280 of 1356 supply pins
[2026-08-10 20:04:27.350354] [openram.router.supply_router/route]: Routed 1281 of 1356 supply pins
[2026-08-10 20:04:36.077708] [openram.router.supply_router/route]: Routed 1282 of 1356 supply pins
[2026-08-10 20:04:44.851902] [openram.router.supply_router/route]: Routed 1283 of 1356 supply pins
[2026-08-10 20:04:53.646250] [openram.router.supply_router/route]: Routed 1284 of 1356 supply pins
[2026-08-10 20:05:02.495417] [openram.router.supply_router/route]: Routed 1285 of 1356 supply pins
[2026-08-10 20:05:11.377828] [openram.router.supply_router/route]: Routed 1286 of 1356 supply pins
[2026-08-10 20:05:20.274521] [openram.router.supply_router/route]: Routed 1287 of 1356 supply pins
[2026-08-10 20:05:29.131907] [openram.router.supply_router/route]: Routed 1288 of 1356 supply pins
[2026-08-10 20:05:37.972754] [openram.router.supply_router/route]: Routed 1289 of 1356 supply pins
[2026-08-10 20:05:46.763535] [openram.router.supply_router/route]: Routed 1290 of 1356 supply pins
[2026-08-10 20:06:21.057229] [openram.router.supply_router/route]: Routed 1291 of 1356 supply pins
[2026-08-10 20:06:55.122144] [openram.router.supply_router/route]: Routed 1292 of 1356 supply pins
[2026-08-10 20:07:49.105108] [openram.router.supply_router/route]: Routed 1293 of 1356 supply pins
[2026-08-10 20:07:55.897173] [openram.router.supply_router/route]: Routed 1294 of 1356 supply pins
[2026-08-10 20:07:56.142653] [openram.router.supply_router/route]: Routed 1295 of 1356 supply pins
[2026-08-10 20:07:56.247112] [openram.router.supply_router/route]: Routed 1296 of 1356 supply pins
[2026-08-10 20:07:56.461402] [openram.router.supply_router/route]: Routed 1297 of 1356 supply pins
[2026-08-10 20:07:56.606799] [openram.router.supply_router/route]: Routed 1298 of 1356 supply pins
[2026-08-10 20:07:56.715398] [openram.router.supply_router/route]: Routed 1299 of 1356 supply pins
[2026-08-10 20:07:56.824140] [openram.router.supply_router/route]: Routed 1300 of 1356 supply pins
[2026-08-10 20:07:57.007150] [openram.router.supply_router/route]: Routed 1301 of 1356 supply pins
[2026-08-10 20:07:57.161912] [openram.router.supply_router/route]: Routed 1302 of 1356 supply pins
[2026-08-10 20:07:57.403421] [openram.router.supply_router/route]: Routed 1303 of 1356 supply pins
[2026-08-10 20:07:57.553764] [openram.router.supply_router/route]: Routed 1304 of 1356 supply pins
[2026-08-10 20:07:57.772598] [openram.router.supply_router/route]: Routed 1305 of 1356 supply pins
[2026-08-10 20:07:57.949773] [openram.router.supply_router/route]: Routed 1306 of 1356 supply pins
[2026-08-10 20:07:58.053360] [openram.router.supply_router/route]: Routed 1307 of 1356 supply pins
[2026-08-10 20:07:58.283014] [openram.router.supply_router/route]: Routed 1308 of 1356 supply pins
[2026-08-10 20:08:00.003696] [openram.router.supply_router/route]: Routed 1309 of 1356 supply pins
[2026-08-10 20:08:06.483041] [openram.router.supply_router/route]: Routed 1310 of 1356 supply pins
[2026-08-10 20:08:16.565708] [openram.router.supply_router/route]: Routed 1311 of 1356 supply pins
[2026-08-10 20:08:24.875517] [openram.router.supply_router/route]: Routed 1312 of 1356 supply pins
[2026-08-10 20:08:34.685547] [openram.router.supply_router/route]: Routed 1313 of 1356 supply pins
[2026-08-10 20:09:01.495048] [openram.router.supply_router/route]: Routed 1314 of 1356 supply pins
[2026-08-10 20:09:27.559121] [openram.router.supply_router/route]: Routed 1315 of 1356 supply pins
[2026-08-10 20:09:34.237818] [openram.router.supply_router/route]: Routed 1316 of 1356 supply pins
[2026-08-10 20:09:34.351896] [openram.router.supply_router/route]: Routed 1317 of 1356 supply pins
[2026-08-10 20:11:15.774278] [openram.router.supply_router/route]: Routed 1318 of 1356 supply pins
[2026-08-10 20:11:22.821129] [openram.router.supply_router/route]: Routed 1319 of 1356 supply pins
[2026-08-10 20:11:30.533581] [openram.router.supply_router/route]: Routed 1320 of 1356 supply pins
[2026-08-10 20:11:40.594475] [openram.router.supply_router/route]: Routed 1321 of 1356 supply pins
[2026-08-10 20:11:48.663265] [openram.router.supply_router/route]: Routed 1322 of 1356 supply pins
[2026-08-10 20:11:53.161265] [openram.router.supply_router/route]: Routed 1323 of 1356 supply pins
[2026-08-10 20:11:53.379854] [openram.router.supply_router/route]: Routed 1324 of 1356 supply pins
[2026-08-10 20:11:53.596155] [openram.router.supply_router/route]: Routed 1325 of 1356 supply pins
[2026-08-10 20:11:53.709472] [openram.router.supply_router/route]: Routed 1326 of 1356 supply pins
[2026-08-10 20:11:53.982961] [openram.router.supply_router/route]: Routed 1327 of 1356 supply pins
[2026-08-10 20:11:54.098956] [openram.router.supply_router/route]: Routed 1328 of 1356 supply pins
[2026-08-10 20:11:54.217042] [openram.router.supply_router/route]: Routed 1329 of 1356 supply pins
[2026-08-10 20:11:54.412320] [openram.router.supply_router/route]: Routed 1330 of 1356 supply pins
[2026-08-10 20:11:54.566752] [openram.router.supply_router/route]: Routed 1331 of 1356 supply pins
[2026-08-10 20:11:54.841067] [openram.router.supply_router/route]: Routed 1332 of 1356 supply pins
[2026-08-10 20:11:55.009035] [openram.router.supply_router/route]: Routed 1333 of 1356 supply pins
[2026-08-10 20:11:55.168431] [openram.router.supply_router/route]: Routed 1334 of 1356 supply pins
[2026-08-10 20:11:55.375997] [openram.router.supply_router/route]: Routed 1335 of 1356 supply pins
[2026-08-10 20:11:55.490586] [openram.router.supply_router/route]: Routed 1336 of 1356 supply pins
[2026-08-10 20:11:55.744458] [openram.router.supply_router/route]: Routed 1337 of 1356 supply pins
[2026-08-10 20:11:56.135867] [openram.router.supply_router/route]: Routed 1338 of 1356 supply pins
[2026-08-10 20:12:09.648047] [openram.router.supply_router/route]: Routed 1339 of 1356 supply pins
[2026-08-10 20:12:25.538796] [openram.router.supply_router/route]: Routed 1340 of 1356 supply pins
[2026-08-10 20:12:39.463455] [openram.router.supply_router/route]: Routed 1341 of 1356 supply pins
[2026-08-10 20:13:19.112345] [openram.router.supply_router/route]: Routed 1342 of 1356 supply pins
[2026-08-10 20:14:05.309662] [openram.router.supply_router/route]: Routed 1343 of 1356 supply pins
[2026-08-10 20:14:12.573155] [openram.router.supply_router/route]: Routed 1344 of 1356 supply pins
[2026-08-10 20:14:14.559578] [openram.router.supply_router/route]: Routed 1345 of 1356 supply pins
[2026-08-10 20:14:16.915599] [openram.router.supply_router/route]: Routed 1346 of 1356 supply pins
[2026-08-10 20:14:22.048022] [openram.router.supply_router/route]: Routed 1347 of 1356 supply pins
[2026-08-10 20:14:24.064909] [openram.router.supply_router/route]: Routed 1348 of 1356 supply pins
[2026-08-10 20:14:24.697800] [openram.router.supply_router/route]: Routed 1349 of 1356 supply pins
[2026-08-10 20:14:30.080898] [openram.router.supply_router/route]: Routed 1350 of 1356 supply pins
[2026-08-10 20:14:30.514588] [openram.router.supply_router/route]: Routed 1351 of 1356 supply pins
[2026-08-10 20:14:36.079097] [openram.router.supply_router/route]: Routed 1352 of 1356 supply pins
[2026-08-10 20:14:36.592492] [openram.router.supply_router/route]: Routed 1353 of 1356 supply pins
[2026-08-10 20:15:15.500158] [openram.router.supply_router/route]: Routed 1354 of 1356 supply pins
[2026-08-10 20:15:15.751329] ** Routing: 15980.5 seconds
[2026-08-10 20:15:15.969838] ** Verification: 0.0 seconds
[2026-08-10 20:15:15.969942] ** SRAM creation: 16466.7 seconds
[2026-08-10 20:15:15.969992] SP: Writing to /scratch/prashanth/openram/OpenRAM/./output_sram/sram_512x64_1r1w_l0_typical_analytical_physical/sky130_sram_512x64.sp
[2026-08-10 20:15:16.470165] [openram.characterizer.functional/__init__]: Random seed for functional simulation: 1786418116469695566
[2026-08-10 20:15:16.473849] [openram.characterizer.functional/__init__]: q:		xsram:xbank0:xbitcell_array:xbitcell_array:xbit_r0_c0.Q
[2026-08-10 20:15:16.474121] [openram.characterizer.functional/__init__]: qbar:	xsram:xbank0:xbitcell_array:xbitcell_array:xbit_r0_c0.Q_bar
[2026-08-10 20:15:16.474349] [openram.characterizer.functional/__init__]: s_en:	xsram:s_en
[2026-08-10 20:15:16.474572] [openram.characterizer.functional/__init__]: bl:	xsram:xbank0:bl_0_{}
[2026-08-10 20:15:16.474799] [openram.characterizer.functional/__init__]: br:	xsram:xbank0:br_0_{}
[2026-08-10 20:15:16.475199] [openram.characterizer.simulation/add_noop_all_ports]: 	Idle during cycle 0 (0ns - 10ns)
[2026-08-10 20:15:16.475715] [openram.characterizer.simulation/add_write_one_port]: 	Writing 00110101101111000000000011110111010100101001010111010101000111110011101110001001001010000100101000011100100100101011111001011101100110100000111001110101110110111010001101010100010100110111001101101010100001000101001101101001010000101110101000100111101111101001111101000110100000110000110110011100001010000000010010110011101100001111001111010100000101110111010100110100010110011011101000011111110100010010000011001111011000010001000001101110101001011010001101010100111110000000010000001000111011100000101011010111  to  address 000000 (from port 0) during cycle 1 (10ns - 20ns)
[2026-08-10 20:15:16.476103] [openram.characterizer.simulation/add_write_one_port]: 	Writing 00101000010100011010110110001110001100001110011011010011100101100010101001001010110100010111011111100110000101010010001111111100111001111110001000000110000011111100011101000001111010000001011000110101010101010101000101011110001000000100010010100000010000000000011100100011011001101001111111010110001110010010000110011000010100100100011000011110101010010111110100111101000000011000011000000111010011011101100111001101001101110110010100111100101011101111010101001010011000001010101011111100000001011011000011001100  to  address 111110 (from port 0) during cycle 2 (20ns - 30ns)
[2026-08-10 20:15:16.476463] [openram.characterizer.simulation/add_write_one_port]: 	Writing 00011100000111110101011010011000100111110000010111000100000001001111100001001001100110001000001101000101011001101001111001100011101000100010000111000011011111001011110110011011010111111100001000010101101000111111010111010001110010100011101111101000000011100111111100101011011011110111001100101001010000000010010001111011110010110011001001110011101000110001100010101010100100100110110011010000001011011000101000100011110001111010111010000111100111110010100010010101010011011001001101001000001010000100011110010011  to  address 000000 (from port 0) during cycle 3 (30ns - 40ns)
[2026-08-10 20:15:16.476909] [openram.characterizer.simulation/add_read_one_port]: 	Reading 00101000010100011010110110001110001100001110011011010011100101100010101001001010110100010111011111100110000101010010001111111100111001111110001000000110000011111100011101000001111010000001011000110101010101010101000101011110001000000100010010100000010000000000011100100011011001101001111111010110001110010010000110011000010100100100011000011110101010010111110100111101000000011000011000000111010011011101100111001101001101110110010100111100101011101111010101001010011000001010101011111100000001011011000011001100 from address 111110 (from port 1) during cycle 4 (40ns - 50ns)
[2026-08-10 20:15:16.477292] [openram.characterizer.simulation/add_write_one_port]: 	Writing 01000001001111110100111110010110001101111110010111110100101010000110000010010011101100001001110101111111011010110010000011101010010110101100000011010110100101010101011101101110011011100010001101011110101111001100000100111100011111101110000111100110111101000001001110011011111100011000100110011110110100001111111001101101000111111010001010010001001111001100110111000001000001111110111001001001100101001110111111000010100010010100111001101101101010010100001001000011001100111101100011010001100101000110001111010101  to  address 000000 (from port 0) during cycle 5 (50ns - 60ns)
[2026-08-10 20:15:16.477742] [openram.characterizer.simulation/add_read_one_port]: 	Reading 00101000010100011010110110001110001100001110011011010011100101100010101001001010110100010111011111100110000101010010001111111100111001111110001000000110000011111100011101000001111010000001011000110101010101010101000101011110001000000100010010100000010000000000011100100011011001101001111111010110001110010010000110011000010100100100011000011110101010010111110100111101000000011000011000000111010011011101100111001101001101110110010100111100101011101111010101001010011000001010101011111100000001011011000011001100 from address 111110 (from port 1) during cycle 5 (50ns - 60ns)
[2026-08-10 20:15:16.478116] [openram.characterizer.simulation/add_write_one_port]: 	Writing 11010011110101010110111000101001111100110111101001100110010101001011000011110101101101100001010101110011000011110011101001110111011101010100101101101010101100101100101111110010101000010111110000000010001111001001011000111100111010110101101001000011111100100011100101111001111011001101001000010011111101000111011110010111000100000110010001001011111001101100001110101100010000001000000010011011111110111110100010111001011010011000011111110000101101111100100100000010010010111010011100101101001101100110010101010011  to  address 111110 (from port 0) during cycle 6 (60ns - 70ns)
[2026-08-10 20:15:16.478666] [openram.characterizer.simulation/add_write_one_port]: 	Writing 01000000100101111101101101001100101101101000101001101110001000010110100001100010001100010000011000100010110111010001011111010110110110101000011101101000010001011111100000111110001101100001111000001100110110000100000011011001110111110110101100111100000111100000100011001000100011010001111111011111010010110111101000001011110101010101100000110000101001000100000011010011101000101001010000111010110111011010111100011000001011010001010100101101001010000111001101101100110110101110011100101000100010001011000011111111  to  address 111110 (from port 0) during cycle 10 (100ns - 110ns)
[2026-08-10 20:15:16.479113] [openram.characterizer.simulation/add_write_one_port]: 	Writing 01100011110110011001100100001000010110111111010011110000111100101010111111010110001100011010110010110111010000001101010000101000000101100110110001100000011000101001111001000000101111110100100101001000001011011111010110111010110000100010011110000011100111010010000111001110100110010101000101100000001110100110000001011100000100010110111000101101100101001000010010111001000011100101001111001110100100110010111111000100001010101001111000100101000101011111000000110000010111010000101001010000110010001100111001011010  to  address 000000 (from port 0) during cycle 12 (120ns - 130ns)
[2026-08-10 20:15:16.479513] [openram.characterizer.simulation/add_write_one_port]: 	Writing 00000110001111101001101100000010111111101111101100001001000000001110000010111011101111111011110010110000110000011000011101011000001011011110000100000110010101001001001000110000011100011111110011100100100000011111011011000110010001010011011001010101111001001011010010010000001000000101011110111011000100111110111000110010001010101101011101110010000111011011001100110110001110010000101101100100101011011110001101000001000111001100010101110010001011111101011100000001111000011111000111110100010010111111110100011000  to  address 111110 (from port 0) during cycle 13 (130ns - 140ns)
[2026-08-10 20:15:16.479913] [openram.characterizer.simulation/add_write_one_port]: 	Writing 11110111111000111011100110100110000011101111001100110111110110010110111010101010110100110111000010011000111111010100110101001100101100011101010100000001101101011011011010011111101110111101000000001111100001101001100111100111010111100110100111101011010101010011001001001010110000001101010000100001101001011001101101111111001110110010100101010001110000101110100001110101010011111011001110110010010000001100000100111010011100001011111111011101111110111001100010001000001001010110111010011100000001011010011011110000  to  address 000000 (from port 0) during cycle 14 (140ns - 150ns)
[2026-08-10 20:15:16.480356] [openram.characterizer.simulation/add_write_one_port]: 	Writing 10010110001011011100101010101101001110000010101100010111000010111001100100001100101101100000111010011000001100001110111011011110011100100000001000100010111011100111101001111101110010111001101000010110101111110101001111000000100101000000010010101011001111011001010100010111000001010100101011000000000100111101000000111111110101101111011000011101101001010101001100001100111100111010100011111011101111001101010001101001000100011110010001001011011101000110001010111111100101100010110101111000001011101100000000100111  to  address 000000 (from port 0) during cycle 16 (160ns - 170ns)
[2026-08-10 20:15:16.480782] [openram.characterizer.simulation/add_write_one_port]: 	Writing 00010010111110000000110010111000100011000001111110110011111011100110110001001001110011001110111011101101111010011001011011000001100011110011110111111001111101001011011001100000000110111001000011011111101011101111100100101011110010010001011010001110001100000111101111010000011010111100100111101011000100011000010101101110001110011111010100100110010111000110101011010111111111001101010100010111100100011100100101010100010110001000111101001101001111010010011100101011101111000110100110010100000110000011000011010011  to  address 000000 (from port 0) during cycle 17 (170ns - 180ns)
[2026-08-10 20:15:16.481235] [openram.characterizer.simulation/add_write_one_port]: 	Writing 11100011011110111010100010111001111010110000001101001010000001000100101110001001111000101100010001101101010011101010100111001101110110011011001110011100101111110101000110000111001100000010111010111000101010100101000100011001101100001001000110011101001111000001000010011011011001011100001000001001001010010110110000101001001001000010010001011001100100011101011100101011100101001000110111001001111010011000001100110000010111110110100100011011001101111010001101101110111111011000011010101001110111000011101100100101  to  address 000000 (from port 0) during cycle 18 (180ns - 190ns)
[2026-08-10 20:15:16.481747] [openram.characterizer.simulation/add_read_one_port]: 	Reading 00000110001111101001101100000010111111101111101100001001000000001110000010111011101111111011110010110000110000011000011101011000001011011110000100000110010101001001001000110000011100011111110011100100100000011111011011000110010001010011011001010101111001001011010010010000001000000101011110111011000100111110111000110010001010101101011101110010000111011011001100110110001110010000101101100100101011011110001101000001000111001100010101110010001011111101011100000001111000011111000111110100010010111111110100011000 from address 111110 (from port 1) during cycle 18 (180ns - 190ns)
[2026-08-10 20:15:16.482170] [openram.characterizer.simulation/add_write_one_port]: 	Writing 00001010100000101001111011101010011000001010110000011001011010100100000111001001010010101000101011111000101001001111101100101010110110000101101111000101011110000111010000111111000010111111001110001011011011010111011110101011100011100101111010010111011111111111110111110010111110011000010101101111110110011011111111000111001111110101001110110101011010101111000010101111100111000111011001110111000110011010111110101101111111010100110010110110100001111110011110011100000000000011101111010000011111100000101001000010  to  address 111110 (from port 0) during cycle 19 (190ns - 200ns)
[2026-08-10 20:15:16.482718] [openram.characterizer.simulation/add_read_one_port]: 	Reading 00001010100000101001111011101010011000001010110000011001011010100100000111001001010010101000101011111000101001001111101100101010110110000101101111000101011110000111010000111111000010111111001110001011011011010111011110101011100011100101111010010111011111111111110111110010111110011000010101101111110110011011111111000111001111110101001110110101011010101111000010101111100111000111011001110111000110011010111110101101111111010100110010110110100001111110011110011100000000000011101111010000011111100000101001000010 from address 111110 (from port 1) during cycle 20 (200ns - 210ns)
[2026-08-10 20:15:16.483136] [openram.characterizer.simulation/add_write_one_port]: 	Writing 01100111000111110101011001001011010000100001001110010110011011110001001000100001011011000001001010101000101011010100110010010111100100111100100101110111111100001010001111010000100001000100101101000001110001100100100111111001110011001010111000001111001000110000110101010110011011000111010001111011011001001001111001111101010111001110011001101110001011011001101011111101101100011101111000110101011100010001000000101001100001101100001001011010101001001011000010011100111100011010101111100101101101001010101110110101  to  address 111110 (from port 0) during cycle 21 (210ns - 220ns)
[2026-08-10 20:15:16.483598] [openram.characterizer.simulation/add_write_one_port]: 	Writing 00000010010000001001100011110101011010100100000010010110110011111000010011000010111011010001111111110110111111110101010000101010001100000101110100001101001111110010010110101110011111111001001000011011111100101110010000011001011111111100101011100010111010011001001100100001110111000111110100011110010100111000101001000011011000111011111010100011101111111101111101000111001011101111111001101110001001011100110110100110001001101100110010010101000011111010101011100010110001110101000001110100001010000110111100101111  to  address 111110 (from port 0) during cycle 22 (220ns - 230ns)
[2026-08-10 20:15:16.484059] [openram.characterizer.simulation/add_write_one_port]: 	Writing 00001100010000011011000010110111111110010110010000110100100111101110010011100011110010100010101111011001010101000000000000100011000001001110110110100011100111010000111000110000011001011011110110010000101010000001000000110110110000000000010000101100100010111110100111001101111110110010010001101100110000101000010000011000001100111100010010001000011110111100001010100101101110101010101000101011100001000100110100000110110001111100000110011000111000001100000100001101011001101001110111000110001101011100011010101111  to  address 000000 (from port 0) during cycle 23 (230ns - 240ns)
[2026-08-10 20:15:16.484559] [openram.characterizer.simulation/add_read_one_port]: 	Reading 00000010010000001001100011110101011010100100000010010110110011111000010011000010111011010001111111110110111111110101010000101010001100000101110100001101001111110010010110101110011111111001001000011011111100101110010000011001011111111100101011100010111010011001001100100001110111000111110100011110010100111000101001000011011000111011111010100011101111111101111101000111001011101111111001101110001001011100110110100110001001101100110010010101000011111010101011100010110001110101000001110100001010000110111100101111 from address 111110 (from port 1) during cycle 23 (230ns - 240ns)
[2026-08-10 20:15:16.485085] [openram.characterizer.simulation/add_read_one_port]: 	Reading 00001100010000011011000010110111111110010110010000110100100111101110010011100011110010100010101111011001010101000000000000100011000001001110110110100011100111010000111000110000011001011011110110010000101010000001000000110110110000000000010000101100100010111110100111001101111110110010010001101100110000101000010000011000001100111100010010001000011110111100001010100101101110101010101000101011100001000100110100000110110001111100000110011000111000001100000100001101011001101001110111000110001101011100011010101111 from address 000000 (from port 1) during cycle 24 (240ns - 250ns)
[2026-08-10 20:15:16.485646] [openram.characterizer.simulation/add_read_one_port]: 	Reading 00001100010000011011000010110111111110010110010000110100100111101110010011100011110010100010101111011001010101000000000000100011000001001110110110100011100111010000111000110000011001011011110110010000101010000001000000110110110000000000010000101100100010111110100111001101111110110010010001101100110000101000010000011000001100111100010010001000011110111100001010100101101110101010101000101011100001000100110100000110110001111100000110011000111000001100000100001101011001101001110111000110001101011100011010101111 from address 000000 (from port 1) during cycle 26 (260ns - 270ns)
[2026-08-10 20:15:16.486150] [openram.characterizer.simulation/add_read_one_port]: 	Reading 00001100010000011011000010110111111110010110010000110100100111101110010011100011110010100010101111011001010101000000000000100011000001001110110110100011100111010000111000110000011001011011110110010000101010000001000000110110110000000000010000101100100010111110100111001101111110110010010001101100110000101000010000011000001100111100010010001000011110111100001010100101101110101010101000101011100001000100110100000110110001111100000110011000111000001100000100001101011001101001110111000110001101011100011010101111 from address 000000 (from port 1) during cycle 27 (270ns - 280ns)
[2026-08-10 20:15:16.486648] [openram.characterizer.simulation/add_read_one_port]: 	Reading 00001100010000011011000010110111111110010110010000110100100111101110010011100011110010100010101111011001010101000000000000100011000001001110110110100011100111010000111000110000011001011011110110010000101010000001000000110110110000000000010000101100100010111110100111001101111110110010010001101100110000101000010000011000001100111100010010001000011110111100001010100101101110101010101000101011100001000100110100000110110001111100000110011000111000001100000100001101011001101001110111000110001101011100011010101111 from address 000000 (from port 1) during cycle 28 (280ns - 290ns)
[2026-08-10 20:15:16.487147] [openram.characterizer.simulation/add_read_one_port]: 	Reading 00001100010000011011000010110111111110010110010000110100100111101110010011100011110010100010101111011001010101000000000000100011000001001110110110100011100111010000111000110000011001011011110110010000101010000001000000110110110000000000010000101100100010111110100111001101111110110010010001101100110000101000010000011000001100111100010010001000011110111100001010100101101110101010101000101011100001000100110100000110110001111100000110011000111000001100000100001101011001101001110111000110001101011100011010101111 from address 000000 (from port 1) during cycle 29 (290ns - 300ns)
[2026-08-10 20:15:16.487566] [openram.characterizer.simulation/add_write_one_port]: 	Writing 11011001000100100100101101101011001001100111011010110100011100110111110000111001001110011101011010010011110110110001101000110111100111111100010010010001000010000100101011010000010111101100011001011001001001100100001001011011101101111011111101110010010010011010110100001111110111010110111011001101010011010111001110101101001010010010101001011101110100010100000110000011100011011111111000001011000110110110000110110110100000111010001101001100011010001000110011010101101001101001011101110000001001111101000111100000  to  address 000000 (from port 0) during cycle 30 (300ns - 310ns)
[2026-08-10 20:15:16.488246] [openram.characterizer.simulation/add_read_one_port]: 	Reading 00000010010000001001100011110101011010100100000010010110110011111000010011000010111011010001111111110110111111110101010000101010001100000101110100001101001111110010010110101110011111111001001000011011111100101110010000011001011111111100101011100010111010011001001100100001110111000111110100011110010100111000101001000011011000111011111010100011101111111101111101000111001011101111111001101110001001011100110110100110001001101100110010010101000011111010101011100010110001110101000001110100001010000110111100101111 from address 111110 (from port 1) during cycle 33 (330ns - 340ns)
[2026-08-10 20:15:16.488677] [openram.characterizer.simulation/add_write_one_port]: 	Writing 01100111110100001000010110100110010000101110001001011100010001011001101100010000011011010101111100001101011010101100010110110001010100100001011001000000110110111101000110111011001100101101001011100010001001001000001011001001010001110110010011001110111110100011110110110110010001101001011101010110010101111100100001011001011000010000101010100001110101011011001100101111101011111011100001100101101110110000110011000011111101010000001110101000101010011011010011011001001111011000011000010110100110110001000101001011  to  address 000000 (from port 0) during cycle 34 (340ns - 350ns)
[2026-08-10 20:15:16.489181] [openram.characterizer.simulation/add_read_one_port]: 	Reading 00000010010000001001100011110101011010100100000010010110110011111000010011000010111011010001111111110110111111110101010000101010001100000101110100001101001111110010010110101110011111111001001000011011111100101110010000011001011111111100101011100010111010011001001100100001110111000111110100011110010100111000101001000011011000111011111010100011101111111101111101000111001011101111111001101110001001011100110110100110001001101100110010010101000011111010101011100010110001110101000001110100001010000110111100101111 from address 111110 (from port 1) during cycle 34 (340ns - 350ns)
[2026-08-10 20:15:16.489692] [openram.characterizer.simulation/add_read_one_port]: 	Reading 00000010010000001001100011110101011010100100000010010110110011111000010011000010111011010001111111110110111111110101010000101010001100000101110100001101001111110010010110101110011111111001001000011011111100101110010000011001011111111100101011100010111010011001001100100001110111000111110100011110010100111000101001000011011000111011111010100011101111111101111101000111001011101111111001101110001001011100110110100110001001101100110010010101000011111010101011100010110001110101000001110100001010000110111100101111 from address 111110 (from port 1) during cycle 35 (350ns - 360ns)
[2026-08-10 20:15:16.490110] [openram.characterizer.simulation/add_write_one_port]: 	Writing 00010000111001100111111000011000011111110101100101000011111000000111011101011101101000110100001110111000001010110000011110110001101101100100011110111011000101110111000000100001011000110011010111011101100110100110000100100001001100010011101011111011001111101011001010101000110011100100110011111001101101100111011101010101111100101111011100111010010001011011001011010000001101010010110110001011110001110001100110011011001110111111010111010000010011010101000101110001010011001101110001001101001001000111010001000111  to  address 000000 (from port 0) during cycle 36 (360ns - 370ns)
[2026-08-10 20:15:16.490607] [openram.characterizer.simulation/add_read_one_port]: 	Reading 00000010010000001001100011110101011010100100000010010110110011111000010011000010111011010001111111110110111111110101010000101010001100000101110100001101001111110010010110101110011111111001001000011011111100101110010000011001011111111100101011100010111010011001001100100001110111000111110100011110010100111000101001000011011000111011111010100011101111111101111101000111001011101111111001101110001001011100110110100110001001101100110010010101000011111010101011100010110001110101000001110100001010000110111100101111 from address 111110 (from port 1) during cycle 36 (360ns - 370ns)
[2026-08-10 20:15:16.491012] [openram.characterizer.simulation/add_write_one_port]: 	Writing 11110101010110111111100011111010010001100101111010110110000001010010000110110110000101011110111011001100100110110010001100000011111001000110010010000111000101010010000001011010101011011100111100010100101000001010011010011011100001010101100101111111000101110111001011010111110011100000001011111011001110101110110111110100001011001010000111001010011000100011010100110110111010100010000000100011010100001001100010001001011111010101010010101111111001111011110001110000111100010110001101100100110100111100101101010100  to  address 000000 (from port 0) during cycle 37 (370ns - 380ns)
[2026-08-10 20:15:16.491418] [openram.characterizer.simulation/add_write_one_port]: 	Writing 00011010101101100000100000011001100110011111001101011110111000100000011110111011111001011010111000111111010100100011111111010100011101011111111111100110101011000110001000010100001001011101110111100101101100011111111101001001011001011101011011100010100010100001011100010111110111011010001000000011000101010110101011101010100010110111001100101110110110110000010110101111000001101110001001010001110001100000100000011001001100111001011101111000001111111001111111000010110111101001010101101011011110000011011000001010  to  address 111110 (from port 0) during cycle 38 (380ns - 390ns)
[2026-08-10 20:15:16.491846] [openram.characterizer.simulation/add_read_one_port]: 	Reading 11110101010110111111100011111010010001100101111010110110000001010010000110110110000101011110111011001100100110110010001100000011111001000110010010000111000101010010000001011010101011011100111100010100101000001010011010011011100001010101100101111111000101110111001011010111110011100000001011111011001110101110110111110100001011001010000111001010011000100011010100110110111010100010000000100011010100001001100010001001011111010101010010101111111001111011110001110000111100010110001101100100110100111100101101010100 from address 000000 (from port 1) during cycle 38 (380ns - 390ns)
[2026-08-10 20:15:16.492202] [openram.characterizer.simulation/add_write_one_port]: 	Writing 00111001000001101100110000100010011111010001001010110011101101011000111100001000001001100100101011001110000010010111111000001010011111011011101001001100011101000111010110001011011001001101011111110101001100010011010110110010010110100110010011011010011111101101100000011011000101011101110001011110010000111011111011011110011111101010111011001011101100001110000110011110001001100100101101000000111000011010101011000110011111111110110101100110110001001101101110111111110001100100100010100101010111100110111110010101  to  address 111110 (from port 0) during cycle 39 (390ns - 400ns)
[2026-08-10 20:15:16.492628] [openram.characterizer.simulation/add_read_one_port]: 	Reading 11110101010110111111100011111010010001100101111010110110000001010010000110110110000101011110111011001100100110110010001100000011111001000110010010000111000101010010000001011010101011011100111100010100101000001010011010011011100001010101100101111111000101110111001011010111110011100000001011111011001110101110110111110100001011001010000111001010011000100011010100110110111010100010000000100011010100001001100010001001011111010101010010101111111001111011110001110000111100010110001101100100110100111100101101010100 from address 000000 (from port 1) during cycle 39 (390ns - 400ns)
[2026-08-10 20:15:16.492984] [openram.characterizer.simulation/add_write_one_port]: 	Writing 01101101110010011001011010001110111010011111010101110111111011110100010010011011101101100101111111100010010010101111011100011110101000111101111100110110111110000110011001000100010101110111011110100101110101010110000011110001111001101100000011100011000001011101110010001001010000111111001110111001111100001110100001011010000001001010001111101110101111001000110001000000101100001110011000101000111101011101010101111011001000000011111000100011101101011000011110101110101011110000010111110010110000001101010010110111  to  address 000000 (from port 0) during cycle 40 (400ns - 410ns)
[2026-08-10 20:15:16.493442] [openram.characterizer.simulation/add_read_one_port]: 	Reading 00111001000001101100110000100010011111010001001010110011101101011000111100001000001001100100101011001110000010010111111000001010011111011011101001001100011101000111010110001011011001001101011111110101001100010011010110110010010110100110010011011010011111101101100000011011000101011101110001011110010000111011111011011110011111101010111011001011101100001110000110011110001001100100101101000000111000011010101011000110011111111110110101100110110001001101101110111111110001100100100010100101010111100110111110010101 from address 111110 (from port 1) during cycle 40 (400ns - 410ns)
[2026-08-10 20:15:16.493823] [openram.characterizer.simulation/add_write_one_port]: 	Writing 01001011111011111100101101110100000100011101000011101000110011000000011001101001000101110111001110001010110001111101000100001101100110010110100010101100001010011111100111111011110010101100010000111011111001011110100111001010001100111011111001100001000110001111101011100101101110110001000001001111100110111110001111011011100000011000000100110000101110100000010111100101110101001111111100110101010010001100011010111101100101100011100000111100100001011100110100001100001110100111100011111110101011000110000100110001  to  address 000000 (from port 0) during cycle 41 (410ns - 420ns)
[2026-08-10 20:15:16.494273] [openram.characterizer.simulation/add_write_one_port]: 	Writing 01001111100011010010000100100100100111101011000111010110011001001110101101111010001101100010001000100000010101001010001000001001011010101110010101011011001011100110111100001000000000000100011000011001000100101001101000000110010101100010000000010000110101011001111101100000110011101001001000011101111010100011110111110010000101100101100011010000101011100111101001000000111010111100000011010011010010010010001011111010100000000011101100101001101111110000111111000011110011101101111110001001011111001111110001001111  to  address 111110 (from port 0) during cycle 43 (430ns - 440ns)
[2026-08-10 20:15:16.494741] [openram.characterizer.simulation/add_read_one_port]: 	Reading 01001111100011010010000100100100100111101011000111010110011001001110101101111010001101100010001000100000010101001010001000001001011010101110010101011011001011100110111100001000000000000100011000011001000100101001101000000110010101100010000000010000110101011001111101100000110011101001001000011101111010100011110111110010000101100101100011010000101011100111101001000000111010111100000011010011010010010010001011111010100000000011101100101001101111110000111111000011110011101101111110001001011111001111110001001111 from address 111110 (from port 1) during cycle 44 (440ns - 450ns)
[2026-08-10 20:15:16.495095] [openram.characterizer.simulation/add_write_one_port]: 	Writing 01101110010010000111100000101101111000110000000110011101001100100000101101101101101111101111000001110011010111001000011100101011101001001111100010001001010110000000101111000111000101010101111011011111000101110110111100010010011100000000010001010011111001010111010000000111010111100110110000110100101100100101011000010100110011001100000010111010011011001100000000100101101001111010110110000011110011010101110000001001001110011011000011110000101111110110110110101111000011001001010111100001101001011101100101011011  to  address 111110 (from port 0) during cycle 45 (450ns - 460ns)
[2026-08-10 20:15:16.495494] [openram.characterizer.simulation/add_write_one_port]: 	Writing 01001101110100000110101001111010100010100000110111011101001100010101011111111000110110010000100111111101101100110111100110111101001111111010001101101001010111110010011001110101010111100110111011010110000110111000000010111000000110011111101111011010101011101101110000001011111101001111001110010111011111111000001110001001101100010010001101001010000010011110001000111010000111100011101110111111010011111100000101001001111011111001001010110000111101011110100101000111010001010010110000011010010010110011000100100101  to  address 000000 (from port 0) during cycle 46 (460ns - 470ns)
[2026-08-10 20:15:16.495920] [openram.characterizer.simulation/add_read_one_port]: 	Reading 01101110010010000111100000101101111000110000000110011101001100100000101101101101101111101111000001110011010111001000011100101011101001001111100010001001010110000000101111000111000101010101111011011111000101110110111100010010011100000000010001010011111001010111010000000111010111100110110000110100101100100101011000010100110011001100000010111010011011001100000000100101101001111010110110000011110011010101110000001001001110011011000011110000101111110110110110101111000011001001010111100001101001011101100101011011 from address 111110 (from port 1) during cycle 46 (460ns - 470ns)
[2026-08-10 20:15:16.496325] [openram.characterizer.simulation/add_write_one_port]: 	Writing 11000011101011101011000011111101010000001011000101001011010000100101000011010000111101100000110101000010000111000001110110110001000100101111010000010111000101111010110010011100101011001011001101110000100001001000000110100100101110111101000110010100101011010100101001111001010001110011101101011010101111111110110100011101101011011101001011001011110001001110110000101101001101100011010110111011100111110101000101101101101111010001011111100110001010100100100011000100111010011100001110001000000010000100010100011110  to  address 111110 (from port 0) during cycle 48 (480ns - 490ns)
[2026-08-10 20:15:16.496747] [openram.characterizer.simulation/add_read_one_port]: 	Reading 01001101110100000110101001111010100010100000110111011101001100010101011111111000110110010000100111111101101100110111100110111101001111111010001101101001010111110010011001110101010111100110111011010110000110111000000010111000000110011111101111011010101011101101110000001011111101001111001110010111011111111000001110001001101100010010001101001010000010011110001000111010000111100011101110111111010011111100000101001001111011111001001010110000111101011110100101000111010001010010110000011010010010110011000100100101 from address 000000 (from port 1) during cycle 48 (480ns - 490ns)
[2026-08-10 20:15:16.497176] [openram.characterizer.simulation/add_read_one_port]: 	Reading 11000011101011101011000011111101010000001011000101001011010000100101000011010000111101100000110101000010000111000001110110110001000100101111010000010111000101111010110010011100101011001011001101110000100001001000000110100100101110111101000110010100101011010100101001111001010001110011101101011010101111111110110100011101101011011101001011001011110001001110110000101101001101100011010110111011100111110101000101101101101111010001011111100110001010100100100011000100111010011100001110001000000010000100010100011110 from address 111110 (from port 1) during cycle 49 (490ns - 500ns)
[2026-08-10 20:15:16.497532] [openram.characterizer.simulation/add_write_one_port]: 	Writing 11001011101010010101001111100111111100101110010011000000010101010101011001111100101101001101111100100001110011110110000101000011101011110011101010110111000111010000110101011001001010100010111001111100010001000110101111010111011110001001011101100000111101001011011010000111000000100011110111110110011011011000000101011000101101000011001101000011001100001000101101100101001101011001110111001000101110111101011010101100010010100010110000000111100101010000010111101001001011011011110100011000110110010001101000001001  to  address 111110 (from port 0) during cycle 50 (500ns - 510ns)
[2026-08-10 20:15:16.497935] [openram.characterizer.simulation/add_write_one_port]: 	Writing 01010111111010101001100101000001000000100110100000000010101111101100101110010111011110011000000101111111000101000111000001010100101000000101100010001111000110001000011110001111100111111000111111001110110110101101001001111101010100001010111011111100110001010110111001010001111001010000100100010010101110100001100001100010001001110100011011111111011101101011111100100111111100111100001111011001101101110000110000001011010110000000001101101010100000101100011001101101011100011011000100110001100001111001000011010101  to  address 111110 (from port 0) during cycle 51 (510ns - 520ns)
[2026-08-10 20:15:16.498338] [openram.characterizer.simulation/add_write_one_port]: 	Writing 10000010111000111010001110110000111110011001010111111001011011111101110100010010111010000010101011110100101100011011100010101000010010100111100101011011001100101000010001110100101101000110000010100011111100011100010101010001011010000000101100010010110100010110100010101110011001010010001000110100010000011100100110100011000000011010000010111110001000000111001001101101111111001000100111010011110010111110111110000101100110011001100001110000111111100001011011110001110000101011101011001011000011010100101000001010  to  address 000000 (from port 0) during cycle 52 (520ns - 530ns)
[2026-08-10 20:15:16.498809] [openram.characterizer.simulation/add_read_one_port]: 	Reading 01010111111010101001100101000001000000100110100000000010101111101100101110010111011110011000000101111111000101000111000001010100101000000101100010001111000110001000011110001111100111111000111111001110110110101101001001111101010100001010111011111100110001010110111001010001111001010000100100010010101110100001100001100010001001110100011011111111011101101011111100100111111100111100001111011001101101110000110000001011010110000000001101101010100000101100011001101101011100011011000100110001100001111001000011010101 from address 111110 (from port 1) during cycle 52 (520ns - 530ns)
[2026-08-10 20:15:16.499178] [openram.characterizer.simulation/add_write_one_port]: 	Writing 01101001001101101110001010010111011010101110000111100110010100110000110011110000001111111111111100010101101111010101110110000101110001111011100010101110000010111100011101111011010010101100001010001101011000101100000110001000010010110111111100111011000111010110001110001100101100101101010111101001100110001010010111000101010101100001101111010110101010001111110101100100111011101000001000110010110000000000111110011000111101101000101110000110001001110111101010011100100100010000011000011001111101010000101110001001  to  address 111110 (from port 0) during cycle 53 (530ns - 540ns)
[2026-08-10 20:15:16.499612] [openram.characterizer.simulation/add_read_one_port]: 	Reading 10000010111000111010001110110000111110011001010111111001011011111101110100010010111010000010101011110100101100011011100010101000010010100111100101011011001100101000010001110100101101000110000010100011111100011100010101010001011010000000101100010010110100010110100010101110011001010010001000110100010000011100100110100011000000011010000010111110001000000111001001101101111111001000100111010011110010111110111110000101100110011001100001110000111111100001011011110001110000101011101011001011000011010100101000001010 from address 000000 (from port 1) during cycle 53 (530ns - 540ns)
[2026-08-10 20:15:16.500040] [openram.characterizer.simulation/add_read_one_port]: 	Reading 01101001001101101110001010010111011010101110000111100110010100110000110011110000001111111111111100010101101111010101110110000101110001111011100010101110000010111100011101111011010010101100001010001101011000101100000110001000010010110111111100111011000111010110001110001100101100101101010111101001100110001010010111000101010101100001101111010110101010001111110101100100111011101000001000110010110000000000111110011000111101101000101110000110001001110111101010011100100100010000011000011001111101010000101110001001 from address 111110 (from port 1) during cycle 54 (540ns - 550ns)
[2026-08-10 20:15:16.500396] [openram.characterizer.simulation/add_write_one_port]: 	Writing 11101001011010000110101100001101001110110111010101100010001101100110010110101101111101111001011011111110100000011100001010001110000010110001000011110101111110111101000011000111100001111111101010001001011110001111001100110100110110001111110101010101100011010010001000001100111111111001100010101010010110011011100101000110100001011010001001111011110010001100011100110001111101110010111111101110101100000110111110101111011001110101000000001100100100100111110000111110111101011111111001001000000110011001001000010010  to  address 111110 (from port 0) during cycle 55 (550ns - 560ns)
[2026-08-10 20:15:16.500823] [openram.characterizer.simulation/add_read_one_port]: 	Reading 10000010111000111010001110110000111110011001010111111001011011111101110100010010111010000010101011110100101100011011100010101000010010100111100101011011001100101000010001110100101101000110000010100011111100011100010101010001011010000000101100010010110100010110100010101110011001010010001000110100010000011100100110100011000000011010000010111110001000000111001001101101111111001000100111010011110010111110111110000101100110011001100001110000111111100001011011110001110000101011101011001011000011010100101000001010 from address 000000 (from port 1) during cycle 55 (550ns - 560ns)
[2026-08-10 20:15:16.501294] [openram.characterizer.simulation/add_read_one_port]: 	Reading 10000010111000111010001110110000111110011001010111111001011011111101110100010010111010000010101011110100101100011011100010101000010010100111100101011011001100101000010001110100101101000110000010100011111100011100010101010001011010000000101100010010110100010110100010101110011001010010001000110100010000011100100110100011000000011010000010111110001000000111001001101101111111001000100111010011110010111110111110000101100110011001100001110000111111100001011011110001110000101011101011001011000011010100101000001010 from address 000000 (from port 1) during cycle 57 (570ns - 580ns)
[2026-08-10 20:15:16.501663] [openram.characterizer.simulation/add_write_one_port]: 	Writing 00010001110011111011010000000111000101000011110010110010001111111000010000001110111101110101001010011010000011111111010100010101001000110000111101000100001111010000011100110111001000100110011101001110010010000100000001011111000010110110101111101110000101010010001001001011010000011001010111011000110100011001111110100110101111101100000111110000101011001010110010110011101011001100011110010011101010101001000100100110110110010101101101111110000100001001111001100010100110111100110111101101101110010110101011010100  to  address 000000 (from port 0) during cycle 58 (580ns - 590ns)
[2026-08-10 20:15:16.502063] [openram.characterizer.simulation/add_write_one_port]: 	Writing 01100110010000110001101110001001010000001101100010101000111011001010100111110110101110001011110000110000110000100111101001010111000100111000001101111010011110110001000000000011000110110110100110100110001011011111111010110001100101101111001010101011010100100110001000111001010100111111011100010011111000010101011110101011001111110001000111010111010111100111101010101010011011101001011101101110111111010100110101001111101111000011101101010000000010100011011011010111001001111011011010100011110001000100110111100000  to  address 000000 (from port 0) during cycle 59 (590ns - 600ns)
[2026-08-10 20:15:16.502542] [openram.characterizer.simulation/add_write_one_port]: 	Writing 11011110110100111110110011010011100110010011001001000101011101111111010101101011000011010010001001001110100000001000110011101001011011010110011000000100010000101110011000010011010101001110100111011000111011100101110101100111010011011111010010111011111010100111100111001010001001011100110110001110101100100011110111001011111110011000111110110000111011111101010000111101001100010010011111000001001000011001001111010100111100101110110111101010000011011110100011100110110000001010011100100011001000101010101001110000  to  address 111110 (from port 0) during cycle 62 (620ns - 630ns)
[2026-08-10 20:15:16.502972] [openram.characterizer.simulation/add_read_one_port]: 	Reading 01100110010000110001101110001001010000001101100010101000111011001010100111110110101110001011110000110000110000100111101001010111000100111000001101111010011110110001000000000011000110110110100110100110001011011111111010110001100101101111001010101011010100100110001000111001010100111111011100010011111000010101011110101011001111110001000111010111010111100111101010101010011011101001011101101110111111010100110101001111101111000011101101010000000010100011011011010111001001111011011010100011110001000100110111100000 from address 000000 (from port 1) during cycle 62 (620ns - 630ns)
[2026-08-10 20:15:16.503492] [openram.characterizer.simulation/add_read_one_port]: 	Reading 01100110010000110001101110001001010000001101100010101000111011001010100111110110101110001011110000110000110000100111101001010111000100111000001101111010011110110001000000000011000110110110100110100110001011011111111010110001100101101111001010101011010100100110001000111001010100111111011100010011111000010101011110101011001111110001000111010111010111100111101010101010011011101001011101101110111111010100110101001111101111000011101101010000000010100011011011010111001001111011011010100011110001000100110111100000 from address 000000 (from port 1) during cycle 64 (640ns - 650ns)
[2026-08-10 20:15:16.503970] [openram.characterizer.simulation/add_read_one_port]: 	Reading 01100110010000110001101110001001010000001101100010101000111011001010100111110110101110001011110000110000110000100111101001010111000100111000001101111010011110110001000000000011000110110110100110100110001011011111111010110001100101101111001010101011010100100110001000111001010100111111011100010011111000010101011110101011001111110001000111010111010111100111101010101010011011101001011101101110111111010100110101001111101111000011101101010000000010100011011011010111001001111011011010100011110001000100110111100000 from address 000000 (from port 1) during cycle 66 (660ns - 670ns)
[2026-08-10 20:15:16.504335] [openram.characterizer.simulation/add_write_one_port]: 	Writing 11010010101100001110000010101111001011011011000101000101000010110101111001100110111100000011100000000111101000100001011001011101110100010000100000111110011111010110011001001111101001000111111110010110000000111110100101110010000010111001100010110100001110000100110100100001110011000110111111110010010101100111101111111011111011010101110000100010001111011110001110010001111100100010110110001001011110100110101010101111011010100100010100000001001011111110011001000001010000111001010100001010111110101011011100111000  to  address 111110 (from port 0) during cycle 67 (670ns - 680ns)
[2026-08-10 20:15:16.504736] [openram.characterizer.simulation/add_write_one_port]: 	Writing 10010111110111011100000011000001010001001000001011101110000010011111101010101101011111101111111001011101001011010111111001100100100000000000110100100100001000011110000010010010100110100101101011011111111010111010000010110101100011010101110001101111101001110010011010100110000001001111110100000001011110000100001010010001011111010011110011011011000100000101011000010100011001001100011010000100110110101000001001111110100011101011010010011011001010000100010001111100110100111101010111101011011110110000000000001111  to  address 000000 (from port 0) during cycle 68 (680ns - 690ns)
[2026-08-10 20:15:16.505132] [openram.characterizer.simulation/add_write_one_port]: 	Writing 10100010001110010111111010010010011111101000101110101001000000100101010101101010111100000011101011111110011110110110101000110110100101000101111000010111110100000001001010100101100000111001100001100010101101010101010011100011101001110011111101101110011100110011000111110001000001110110110011010001111001010111111010100001001111000010101101100000100101101010101101000100100100010011011011001000100000011001111100011100010000010011000111110110110110101101111111000000110100111001111000011100101101111110011101101111  to  address 000000 (from port 0) during cycle 69 (690ns - 700ns)
[2026-08-10 20:15:16.505554] [openram.characterizer.simulation/add_read_one_port]: 	Reading 11010010101100001110000010101111001011011011000101000101000010110101111001100110111100000011100000000111101000100001011001011101110100010000100000111110011111010110011001001111101001000111111110010110000000111110100101110010000010111001100010110100001110000100110100100001110011000110111111110010010101100111101111111011111011010101110000100010001111011110001110010001111100100010110110001001011110100110101010101111011010100100010100000001001011111110011001000001010000111001010100001010111110101011011100111000 from address 111110 (from port 1) during cycle 69 (690ns - 700ns)
[2026-08-10 20:15:16.505916] [openram.characterizer.simulation/add_write_one_port]: 	Writing 11000010101011111001101010100010110101011111110101010000010110100101100110001000100001011000010011011100111001101010000010110101011001101010110010101100111110010000111111000011000010100101010101100010010010011100100111011111010110111011111001100111010101001110110000110111111111001001111000011100110001011100000111001010100110000010010111001110111011110010010001100010000010111000101001110011111111101001000100011010101010011000101001011010101010010110101101010100100101100000011111011011001101111100011001000101  to  address 111110 (from port 0) during cycle 70 (700ns - 710ns)
[2026-08-10 20:15:16.506353] [openram.characterizer.simulation/add_write_one_port]: 	Writing 10001001010011000001100001011000010101000100001110110010010101101011110001100010011100010111110111101011010000101000011010011000110010010100010011101101101111001100111000101100011111011001111110001001011101011110111001010011100010000001000110110001000000101010010001010000011011000011001011111110010010110101110011110001101001011001110011101111111001000100111010101000001000110110110001001100101101110011110100100110111100110011011010100010111101001011011001011110111100010010011111000011110110010101111110101101  to  address 000000 (from port 0) during cycle 72 (720ns - 730ns)
[2026-08-10 20:15:16.506764] [openram.characterizer.simulation/add_write_one_port]: 	Writing 00010010111111011010000011010001110001111001001101101111011100101111100011011001101011000111111110111100001001111001101110011111100110110111110011100011001010110011001001010100100100101011111000010101101000111100000101001010110110011111010101101011010110000010101101110100111000100011001001100111001011000110010001100100110101001001111101010011101001110101010001101011011111010101101010111100011101110100011011000101000110011111111111010001101011000110110100101001010100001111100001001011101001001001001001010011  to  address 111110 (from port 0) during cycle 73 (730ns - 740ns)
[2026-08-10 20:15:16.507275] [openram.characterizer.simulation/add_read_one_port]: 	Reading 10001001010011000001100001011000010101000100001110110010010101101011110001100010011100010111110111101011010000101000011010011000110010010100010011101101101111001100111000101100011111011001111110001001011101011110111001010011100010000001000110110001000000101010010001010000011011000011001011111110010010110101110011110001101001011001110011101111111001000100111010101000001000110110110001001100101101110011110100100110111100110011011010100010111101001011011001011110111100010010011111000011110110010101111110101101 from address 000000 (from port 1) during cycle 75 (750ns - 760ns)
[2026-08-10 20:15:16.507630] [openram.characterizer.simulation/add_write_one_port]: 	Writing 10011100100110110110001000000110000010010111100011001111101101101101111100111010110111100100001001000101011101010010011011010101000001101111111011101110100010010001001010100111011101111001011011000101101000101000011110110111111011111011111101000001111010110100000101010011001100101011100001100101111110110110010110101111000001000111000100001111110110010101110000011111100111001010100101011010000011100000010001001110111001000011000111010001101111010011100011100000110010101100010001110011001011100000001001001111  to  address 000000 (from port 0) during cycle 76 (760ns - 770ns)
[2026-08-10 20:15:16.508115] [openram.characterizer.simulation/add_read_one_port]: 	Reading 00010010111111011010000011010001110001111001001101101111011100101111100011011001101011000111111110111100001001111001101110011111100110110111110011100011001010110011001001010100100100101011111000010101101000111100000101001010110110011111010101101011010110000010101101110100111000100011001001100111001011000110010001100100110101001001111101010011101001110101010001101011011111010101101010111100011101110100011011000101000110011111111111010001101011000110110100101001010100001111100001001011101001001001001001010011 from address 111110 (from port 1) during cycle 76 (760ns - 770ns)
[2026-08-10 20:15:16.508478] [openram.characterizer.simulation/add_write_one_port]: 	Writing 00010101010011001001000110111100000011000000101110010011101000110100010100100110111000011101000110010110000011011111010100111010000010110100011101000110010111101000100010101000100000010111100010010110101110011110110110010000001010001001000000000100100011111000110000001110001101001100000100100111111001001110100100100011010011011010101001111000110111000100000000010000010101010000001011100110100100111101010110100110111100101111001110001010101110111001011110010000011101110011110011001110001100011110011001110001  to  address 111110 (from port 0) during cycle 77 (770ns - 780ns)
[2026-08-10 20:15:16.508880] [openram.characterizer.simulation/add_write_one_port]: 	Writing 01010010111000110111110000101111000101100110011101011100101111100011010011101100011001000011100000100010000110111001010101100110000101110010001001000000101011110111011000101110101101000001001011001101111110001100011001000000111101001111111111001001100100011111100000000010000101110100000000011000111110101100110111011100001011100000100011010011010011101011111110101110100100011000000001001111111101001111100110111011111010010011110111010111100110001001110100000000000000010010000111110001110001101101011011011010  to  address 000000 (from port 0) during cycle 78 (780ns - 790ns)
[2026-08-10 20:15:16.509279] [openram.characterizer.simulation/add_write_one_port]: 	Writing 11000011101010000000111110000111010001001010011011010010110100111011110110010011111001010101111000101011011111011011110101110010111100111001110100010110010101010000101000100011101100000101101010010101100111011000000101100000001011011011011110111011011010000011100110000101001010100011010011111000101001000011100111010101000000110101111110111010001100001010111001100001110000101011111000001100010111011000001010111101110110100010110111111101101101000011010100110110000101010011010110110100101110111000111100001101  to  address 111110 (from port 0) during cycle 79 (790ns - 800ns)
[2026-08-10 20:15:16.509802] [openram.characterizer.simulation/add_read_one_port]: 	Reading 01010010111000110111110000101111000101100110011101011100101111100011010011101100011001000011100000100010000110111001010101100110000101110010001001000000101011110111011000101110101101000001001011001101111110001100011001000000111101001111111111001001100100011111100000000010000101110100000000011000111110101100110111011100001011100000100011010011010011101011111110101110100100011000000001001111111101001111100110111011111010010011110111010111100110001001110100000000000000010010000111110001110001101101011011011010 from address 000000 (from port 1) during cycle 81 (810ns - 820ns)
[2026-08-10 20:15:16.510163] [openram.characterizer.simulation/add_write_one_port]: 	Writing 11001011101110100011111111101000011011000111001101000110101110001101110010110010001010110101000111000000110000100101001111010011011110010111001101001011100100111100001001010010100011100111111010101011001001011000100000000101001110100111000111010110010110101101110101100010010001000110011100011100001010101101010101001011110010110000010001101000000010111101100100000101100011011010100110011100100110100100000100000011010101110101000101011011101001110011111111011000110111010000000100110101100110111011010101101111  to  address 000000 (from port 0) during cycle 82 (820ns - 830ns)
[2026-08-10 20:15:16.510677] [openram.characterizer.simulation/add_read_one_port]: 	Reading 11001011101110100011111111101000011011000111001101000110101110001101110010110010001010110101000111000000110000100101001111010011011110010111001101001011100100111100001001010010100011100111111010101011001001011000100000000101001110100111000111010110010110101101110101100010010001000110011100011100001010101101010101001011110010110000010001101000000010111101100100000101100011011010100110011100100110100100000100000011010101110101000101011011101001110011111111011000110111010000000100110101100110111011010101101111 from address 000000 (from port 1) during cycle 84 (840ns - 850ns)
[2026-08-10 20:15:16.511036] [openram.characterizer.simulation/add_write_one_port]: 	Writing 00101001101010100010001111001110100101111100000010110011000001010110010010111101110000011000101100100110110111010110011111100111110011100000101000110101100011111101001100010000111001101010100010000000100101101000100011010010101001111110011100110001011111011010101110110011010011010010111000010000101000011001010110101111000011111010011100101000100101010111100000110111101010101000110000000010110101010010001100111000001011000000010000100111100111101001100101000001110000110100001111110000001111000001110111011010  to  address 000000 (from port 0) during cycle 85 (850ns - 860ns)
[2026-08-10 20:15:16.511511] [openram.characterizer.simulation/add_write_one_port]: 	Writing 10010100001110010000110100011011111101111111011110101011001010100110010000101010100010000011010101111011100000100110100001011011011100010110111100101001011111110110100100100110111101011101101101100110001101110110111100111100100110001101101011111111111010100010000111011110011111000100101010111000011111111000010001111110010110001000100101111000000101101111011010100010000111100001110010100001011011100000001010110111001010100001100111000111100110000010110001000101000100111101000010110110011011000100111001000111  to  address 111110 (from port 0) during cycle 88 (880ns - 890ns)
[2026-08-10 20:15:16.511937] [openram.characterizer.simulation/add_read_one_port]: 	Reading 00101001101010100010001111001110100101111100000010110011000001010110010010111101110000011000101100100110110111010110011111100111110011100000101000110101100011111101001100010000111001101010100010000000100101101000100011010010101001111110011100110001011111011010101110110011010011010010111000010000101000011001010110101111000011111010011100101000100101010111100000110111101010101000110000000010110101010010001100111000001011000000010000100111100111101001100101000001110000110100001111110000001111000001110111011010 from address 000000 (from port 1) during cycle 88 (880ns - 890ns)
[2026-08-10 20:15:16.512369] [openram.characterizer.simulation/add_read_one_port]: 	Reading 10010100001110010000110100011011111101111111011110101011001010100110010000101010100010000011010101111011100000100110100001011011011100010110111100101001011111110110100100100110111101011101101101100110001101110110111100111100100110001101101011111111111010100010000111011110011111000100101010111000011111111000010001111110010110001000100101111000000101101111011010100010000111100001110010100001011011100000001010110111001010100001100111000111100110000010110001000101000100111101000010110110011011000100111001000111 from address 111110 (from port 1) during cycle 89 (890ns - 900ns)
[2026-08-10 20:15:16.512806] [openram.characterizer.simulation/add_read_one_port]: 	Reading 00101001101010100010001111001110100101111100000010110011000001010110010010111101110000011000101100100110110111010110011111100111110011100000101000110101100011111101001100010000111001101010100010000000100101101000100011010010101001111110011100110001011111011010101110110011010011010010111000010000101000011001010110101111000011111010011100101000100101010111100000110111101010101000110000000010110101010010001100111000001011000000010000100111100111101001100101000001110000110100001111110000001111000001110111011010 from address 000000 (from port 1) during cycle 90 (900ns - 910ns)
[2026-08-10 20:15:16.513254] [openram.characterizer.simulation/add_read_one_port]: 	Reading 00101001101010100010001111001110100101111100000010110011000001010110010010111101110000011000101100100110110111010110011111100111110011100000101000110101100011111101001100010000111001101010100010000000100101101000100011010010101001111110011100110001011111011010101110110011010011010010111000010000101000011001010110101111000011111010011100101000100101010111100000110111101010101000110000000010110101010010001100111000001011000000010000100111100111101001100101000001110000110100001111110000001111000001110111011010 from address 000000 (from port 1) during cycle 91 (910ns - 920ns)
[2026-08-10 20:15:16.513878] [openram.characterizer.simulation/add_read_one_port]: 	Reading 00101001101010100010001111001110100101111100000010110011000001010110010010111101110000011000101100100110110111010110011111100111110011100000101000110101100011111101001100010000111001101010100010000000100101101000100011010010101001111110011100110001011111011010101110110011010011010010111000010000101000011001010110101111000011111010011100101000100101010111100000110111101010101000110000000010110101010010001100111000001011000000010000100111100111101001100101000001110000110100001111110000001111000001110111011010 from address 000000 (from port 1) during cycle 94 (940ns - 950ns)
[2026-08-10 20:15:16.514266] [openram.characterizer.simulation/add_write_one_port]: 	Writing 00001001011000101001100010101011000111010011101011010001011101010101000001001100100001011011000101110000110110001001010111001000101100001000100001110011111010010011001100110110001100101011100100101011011011000110110100100010010010001111001110101000001011001010101101100110110011011000111000010110011010011111010101010100100111101101101101101000011000011010101000100111000100101011111101110100110100010110110010101100110010100101101110100001100010011101001110001110010100111111001100001101001001000001001111100000  to  address 111110 (from port 0) during cycle 95 (950ns - 960ns)
[2026-08-10 20:15:16.514858] [openram.characterizer.simulation/add_read_one_port]: 	Reading 00101001101010100010001111001110100101111100000010110011000001010110010010111101110000011000101100100110110111010110011111100111110011100000101000110101100011111101001100010000111001101010100010000000100101101000100011010010101001111110011100110001011111011010101110110011010011010010111000010000101000011001010110101111000011111010011100101000100101010111100000110111101010101000110000000010110101010010001100111000001011000000010000100111100111101001100101000001110000110100001111110000001111000001110111011010 from address 000000 (from port 1) during cycle 98 (980ns - 990ns)
[2026-08-10 20:15:16.515244] [openram.characterizer.simulation/add_write_one_port]: 	Writing 00010000101001011000010111010110000000111000111100000001000100101101101100011101110101011100001100100110010110100010000111110011110100010011000011101001000110010101011100101001100110100100101111001001001000000011111011100100100101001111001111101110100011110101010110001100010111100110010000100110011000001010111000101001000000100000001000010111010110011000110011101110001110100011110000000001001010110100110100111000001000010011110011010011000010010101000110000000110110100100010011000010100011110000111010010110  to  address 111110 (from port 0) during cycle 99 (990ns - 1000ns)
[2026-08-10 20:15:16.515668] [openram.characterizer.simulation/add_write_one_port]: 	Writing 10111001011100000110100100100101100111010110000111100001110101101001011000001101000110010100100111000100101010110000000100101000111011001011110000111110010111101011110100010101100000111000001101000101100010001100111100001100111011101100011011001011010111100000110101010011100000010100000110111110011011101010110001111001000001111101010011000100001110010100001101000110111100111111100011011011001010001100011101111011101001100110111001001000111011101101010011100011010110000100011001011000110101001001100100101100  to  address 111110 (from port 0) during cycle 100 (1000ns - 1010ns)
[2026-08-10 20:15:16.516124] [openram.characterizer.simulation/add_read_one_port]: 	Reading 00101001101010100010001111001110100101111100000010110011000001010110010010111101110000011000101100100110110111010110011111100111110011100000101000110101100011111101001100010000111001101010100010000000100101101000100011010010101001111110011100110001011111011010101110110011010011010010111000010000101000011001010110101111000011111010011100101000100101010111100000110111101010101000110000000010110101010010001100111000001011000000010000100111100111101001100101000001110000110100001111110000001111000001110111011010 from address 000000 (from port 1) during cycle 100 (1000ns - 1010ns)
[2026-08-10 20:15:16.516608] [openram.characterizer.simulation/add_read_one_port]: 	Reading 00101001101010100010001111001110100101111100000010110011000001010110010010111101110000011000101100100110110111010110011111100111110011100000101000110101100011111101001100010000111001101010100010000000100101101000100011010010101001111110011100110001011111011010101110110011010011010010111000010000101000011001010110101111000011111010011100101000100101010111100000110111101010101000110000000010110101010010001100111000001011000000010000100111100111101001100101000001110000110100001111110000001111000001110111011010 from address 000000 (from port 1) during cycle 101 (1010ns - 1020ns)
[2026-08-10 20:15:16.517007] [openram.characterizer.simulation/add_write_one_port]: 	Writing 10101111011111101011100011010001101001110000100001011100010111000101000100100011100111110001000011001100101101010011011111001101000001110001000001111101000111011010000101111111101101001101011100101000010110001111100100010011111110011011100010111110111111101101001001000011011101000100001001111010011001000101100010011011010101111101001101101110000001111110000010110001011110111101111010110000101010011000100110010011000110110111100110010110011101100110010001111110011100100000101110100110100100110100010000000111  to  address 111110 (from port 0) during cycle 102 (1020ns - 1030ns)
[2026-08-10 20:15:16.517545] [openram.characterizer.simulation/add_read_one_port]: 	Reading 00101001101010100010001111001110100101111100000010110011000001010110010010111101110000011000101100100110110111010110011111100111110011100000101000110101100011111101001100010000111001101010100010000000100101101000100011010010101001111110011100110001011111011010101110110011010011010010111000010000101000011001010110101111000011111010011100101000100101010111100000110111101010101000110000000010110101010010001100111000001011000000010000100111100111101001100101000001110000110100001111110000001111000001110111011010 from address 000000 (from port 1) during cycle 103 (1030ns - 1040ns)
[2026-08-10 20:15:16.518005] [openram.characterizer.simulation/add_write_one_port]: 	Writing 10110001111101000100000000110110000101101111010011111001101101011101101011111010010111011010010011101100001101000111110111100111110111101010000011100000001001010100111100101111001100001100101101101001000110000011000000111001000100111101111011010011010011010100101101000010000000011001111011110010011000001100010110110111110010110100110101101110011110011100000011011111000000010100110011110111111011101110010011100100011001001011111011000010001100001101101110100000110100010100000000111001000000100100000101100011  to  address 111110 (from port 0) during cycle 105 (1050ns - 1060ns)
[2026-08-10 20:15:16.518491] [openram.characterizer.simulation/add_read_one_port]: 	Reading 00101001101010100010001111001110100101111100000010110011000001010110010010111101110000011000101100100110110111010110011111100111110011100000101000110101100011111101001100010000111001101010100010000000100101101000100011010010101001111110011100110001011111011010101110110011010011010010111000010000101000011001010110101111000011111010011100101000100101010111100000110111101010101000110000000010110101010010001100111000001011000000010000100111100111101001100101000001110000110100001111110000001111000001110111011010 from address 000000 (from port 1) during cycle 105 (1050ns - 1060ns)
[2026-08-10 20:15:16.518973] [openram.characterizer.simulation/add_read_one_port]: 	Reading 10110001111101000100000000110110000101101111010011111001101101011101101011111010010111011010010011101100001101000111110111100111110111101010000011100000001001010100111100101111001100001100101101101001000110000011000000111001000100111101111011010011010011010100101101000010000000011001111011110010011000001100010110110111110010110100110101101110011110011100000011011111000000010100110011110111111011101110010011100100011001001011111011000010001100001101101110100000110100010100000000111001000000100100000101100011 from address 111110 (from port 1) during cycle 106 (1060ns - 1070ns)
[2026-08-10 20:15:16.519376] [openram.characterizer.simulation/add_write_one_port]: 	Writing 01000110010111000010110011100011100011010010110101100100011101000011100000011000010011111100010111101000000011001100001000100001111100111001000111000000010010001011001111110011101001010010000111000000111110110110011100101100111110010111100110011100001011111001101101011101011010011100010011110001101011110111101011111000011101110110011011100110011100010111011000010000011010101110111100000110010100000110001010100000000011101110111000101100111001111100011100001111100011011011001110101010101010011000010101111111  to  address 000000 (from port 0) during cycle 107 (1070ns - 1080ns)
[2026-08-10 20:15:16.519823] [openram.characterizer.simulation/add_write_one_port]: 	Writing 01110001000111010101011111101001100011101000110100111100100100110101001011011111010101110011011110001010010111011100011010000111010111000011110000101000010100101110100110101111100100101011010011011011010011111010100001101011100101000110001000000111110010011010101100101111111101111111100101001011111101111111001000100101101010011011100001111100101011100100101001111000000101001101100100100010100100110101010111010100100011000100100101110110101111100010110000000010010010101100110011000010101000111100010001110011  to  address 000000 (from port 0) during cycle 108 (1080ns - 1090ns)
[2026-08-10 20:15:16.520426] [openram.characterizer.simulation/add_write_one_port]: 	Writing 00110100111111011111011010011000110010110001100001100100011110001100101111001110111100010100010001111110111110011100100111011010000001110111100001001110001110101011111001100110110111110111000111011000000000011010100110000000101110110011001110101110011111111110100000011000000111000001010100011011111001101111000111001101000111101110111110010001010100011100001000100111111111111100101101111010000110101011011101011011110001001011101000010010101101001001001010101011001001110110001010000100101111111001111001001011  to  address 000000 (from port 0) during cycle 110 (1100ns - 1110ns)
[2026-08-10 20:15:16.520938] [openram.characterizer.simulation/add_write_one_port]: 	Writing 00011011010011111111101100110100111001000010100001011001110100100001111010000100110101011101000000101101001110000010101101001110111011010011001100101111111011100101000000001010100111001010001011100000111010010100100011010000111000011110111101110011000110101110010001010000011000001001010101001101110100100000101111000010101001111000110100111011100010100000110101110101000100111110100111110111010011110110101100001000100101001101101011001010001100010000001011100100001100011010110111001001100000110011111101101000  to  address 111110 (from port 0) during cycle 112 (1120ns - 1130ns)
[2026-08-10 20:15:16.521427] [openram.characterizer.simulation/add_read_one_port]: 	Reading 00110100111111011111011010011000110010110001100001100100011110001100101111001110111100010100010001111110111110011100100111011010000001110111100001001110001110101011111001100110110111110111000111011000000000011010100110000000101110110011001110101110011111111110100000011000000111000001010100011011111001101111000111001101000111101110111110010001010100011100001000100111111111111100101101111010000110101011011101011011110001001011101000010010101101001001001010101011001001110110001010000100101111111001111001001011 from address 000000 (from port 1) during cycle 112 (1120ns - 1130ns)
[2026-08-10 20:15:16.521932] [openram.characterizer.simulation/add_write_one_port]: 	Writing 11110100100100000111010111000110100011011011011100010010001111101001011010111010000001000000100001111100000000100011010101010010100001101100110100101000110100000001001001001000000101000011110111111000110001110000011001110100101001011010111111100110111000111101101011010001100001101101011000001001111101111001010100110101000000110101110110111100101011110101011000101001011000011111101101010011100001110111001110101110111011001000010010001010110101010000111101000111100001010111100101000010001001001000100011110111  to  address 111110 (from port 0) during cycle 115 (1150ns - 1160ns)
[2026-08-10 20:15:16.522383] [openram.characterizer.simulation/add_write_one_port]: 	Writing 10110011001100100010000001101100100110110010011111010010000101011011111110100011111000110010101001101110001001001001101111101001010101011101001001101110010001100110001001100010111011100001100111101001010000010100100000001011111011111111101111010110000111010000001010011101001111010101100011110000010101011001111001000011010100101001011111000010110101100010111010010111010001111111101111001011001110100110011000101101110001110111000001101101011101001100011011001001101110101101001011101110101110011001010000010110  to  address 111110 (from port 0) during cycle 116 (1160ns - 1170ns)
[2026-08-10 20:15:16.522880] [openram.characterizer.simulation/add_write_one_port]: 	Writing 01101000110000101011101001100001100010110101100101011010110001101111111010001010100101110100100001011111011100111100110000111010011100011111101101001110001011001010001010111110100110001110011001010100011111000010011110111000010011011011111001101111111011101101001111100111100010001011101001000101001000001100101100100011111101001010100100001100101011100100111110001110010111000100101100001010000001110001100100110111001111111110111111001011111010010011000110100110110111011100111011001001010010011011001111010101  to  address 111110 (from port 0) during cycle 118 (1180ns - 1190ns)
[2026-08-10 20:15:16.523336] [openram.characterizer.simulation/add_write_one_port]: 	Writing 01100111111011110101010001101001000111101101010010100111101110011000000100000111001001110011001000111110101110011110000010101111001110000101111001001100000000010001010010010011010001110001000111110110101110100010110101111010111101001101101100001100010011001100100010100000011001001001111001001101010101110000111111000110100010100110101111000110101000010000000101001111010100001011001011001011100100100101101100101000001010111010011100100010001111101001000110110010010000011100011001011110101000010111110110111101  to  address 111110 (from port 0) during cycle 119 (1190ns - 1200ns)
[2026-08-10 20:15:16.523788] [openram.characterizer.simulation/add_write_one_port]: 	Writing 11000100101111111011111101110000000001001101010011000011001010101000011011110110010110001001001111100011100100100000100010010010011111101101001100001111100000111011110101111000000101000100000101110000100111010011111011011111101111000010011011101111000010011110000010100000000111010100110011001111010111010011010010100100010110110000001111000100100001010110101101001110110010110111111101001010001101100000011000000100111011110011001100100011000010011011100101001101101100010010111111101001000000110011101100000001  to  address 111110 (from port 0) during cycle 120 (1200ns - 1210ns)
[2026-08-10 20:15:16.524411] [openram.characterizer.simulation/add_read_one_port]: 	Reading 00110100111111011111011010011000110010110001100001100100011110001100101111001110111100010100010001111110111110011100100111011010000001110111100001001110001110101011111001100110110111110111000111011000000000011010100110000000101110110011001110101110011111111110100000011000000111000001010100011011111001101111000111001101000111101110111110010001010100011100001000100111111111111100101101111010000110101011011101011011110001001011101000010010101101001001001010101011001001110110001010000100101111111001111001001011 from address 000000 (from port 1) during cycle 123 (1230ns - 1240ns)
[2026-08-10 20:15:16.524809] [openram.characterizer.simulation/add_write_one_port]: 	Writing 01001000101101000111100001000011001111010110010100010001111001000011111110101111001011001000001000100010101000100001010000000010000001010010011000101111000011110111001001011110111110110000011101011011110001101011000101100100011111100111000110010100001101101100110011110001000100111101101011110100101111101110101000101001000110001010010101111111101100000110010000001110100111111000101100001100111101011000110000101001010110000001101111110000110111111011101001110101010101001001110011111101000011010001101111100110  to  address 000000 (from port 0) during cycle 124 (1240ns - 1250ns)
[2026-08-10 20:15:16.525231] [openram.characterizer.simulation/add_write_one_port]: 	Writing 01010010100111011010010111001010101100101111011011111011101010000010010001010101000010000010001000111110101100001111001000111001011010101001011010000001101001100001011101100110011011111011101001010011001001110010100001101001011110111111011101101010100001010011111100100000001001010000011001110001001010100001011000000010111010111001100110100111100110111000101101100110001100010101100010101010000100011000110000110000101001011100000101000110110001110110000100000011010110001001101001110101101101111010011100011001  to  address 111110 (from port 0) during cycle 125 (1250ns - 1260ns)
[2026-08-10 20:15:16.525666] [openram.characterizer.simulation/add_write_one_port]: 	Writing 11011001111000111010010100001010011000001010010101110100001000100010111000010000110111001001001001010100000010010100110111010100111010000001010100111000000010011011111100100111000101011101110010110101000111100000000000011111111110010100101110000010111010010100110100110011001100010000000000010000010100100110010000001011100000000110101000001111001110010001010000111111111001101000010111000110001000111011101101000101010010111010110101001001100100101001000100010001110101001001111100001010000001001100111100011110  to  address 000000 (from port 0) during cycle 126 (1260ns - 1270ns)
[2026-08-10 20:15:16.526295] [openram.characterizer.simulation/add_read_one_port]: 	Reading 01010010100111011010010111001010101100101111011011111011101010000010010001010101000010000010001000111110101100001111001000111001011010101001011010000001101001100001011101100110011011111011101001010011001001110010100001101001011110111111011101101010100001010011111100100000001001010000011001110001001010100001011000000010111010111001100110100111100110111000101101100110001100010101100010101010000100011000110000110000101001011100000101000110110001110110000100000011010110001001101001110101101101111010011100011001 from address 111110 (from port 1) during cycle 128 (1280ns - 1290ns)
[2026-08-10 20:15:16.526678] [openram.characterizer.simulation/add_write_one_port]: 	Writing 11100100011101100100010010101010001110001000111001110000001000000111001011100011101010101000100100110010001100100100011011011000111111101111101000001100000011101100001100000010101111101011010111101100010110110101100011010100011111011101111001101010011101110010001100000100010010000011010110000010010111101110100000011010010001001111010101001011000100110100011010110010111101001101100101111111100011101101001011010000101001111111001101011100101000110000110101100001011100110110110100111010011100000001101001000001  to  address 000000 (from port 0) during cycle 129 (1290ns - 1300ns)
[2026-08-10 20:15:16.527092] [openram.characterizer.simulation/add_write_one_port]: 	Writing 11001111001000101011011110011010010101000101100111110000010111110101111010110100010100000111111010101111011001101001101010000100100101000011011100010100000001010010110101010110100100010010101010101111100010111111111110101000101110001010010111011100111010000010000110110100111101101111011010001011001111100111010111000011001000100111101001100100101101100100100001001011110101001011000111101010011101000110111001111010000000101110010110111111110100111011110101100110011010011101001100110011101011101110100000110101  to  address 000000 (from port 0) during cycle 130 (1300ns - 1310ns)
[2026-08-10 20:15:16.527505] [openram.characterizer.simulation/add_write_one_port]: 	Writing 10011001001101111110110101001110110101011111010110100001100110001001010110101011010111000010011000110110011111100110110110011000100110110111010000011000001001100010101000000011010011100101000000110101010111010000101010110000001111010101110010110000000000100110000010101100010000110001001000101111010010110111100110010001100100110011000111010001001011110111000100100001011111011001001010011111010111011111001101001011000000100100111100001010001100110101001000111000001010010111111100001101010100111000001111001110  to  address 111110 (from port 0) during cycle 131 (1310ns - 1320ns)
[2026-08-10 20:15:16.527918] [openram.characterizer.simulation/add_write_one_port]: 	Writing 10011100100111110100001000100100110110000010100111101101001100100010010010001001010101101100011100101111110000101010000000100000110110111110100011111000010110101100110101101001111110110001100001011011110100100011001001111011111100111010011111001001011010111100101100100100100100110111110101100110101110110001100111000101001000110111110100111100100101001111110001110100101101100111001111101000110000111011011111001111000011000001001101110111001101000110000101011110010000000111000101001110000101111011000001101001  to  address 000000 (from port 0) during cycle 132 (1320ns - 1330ns)
[2026-08-10 20:15:16.528358] [openram.characterizer.simulation/add_read_one_port]: 	Reading 10011001001101111110110101001110110101011111010110100001100110001001010110101011010111000010011000110110011111100110110110011000100110110111010000011000001001100010101000000011010011100101000000110101010111010000101010110000001111010101110010110000000000100110000010101100010000110001001000101111010010110111100110010001100100110011000111010001001011110111000100100001011111011001001010011111010111011111001101001011000000100100111100001010001100110101001000111000001010010111111100001101010100111000001111001110 from address 111110 (from port 1) during cycle 132 (1320ns - 1330ns)
[2026-08-10 20:15:16.528805] [openram.characterizer.simulation/add_read_one_port]: 	Reading 10011100100111110100001000100100110110000010100111101101001100100010010010001001010101101100011100101111110000101010000000100000110110111110100011111000010110101100110101101001111110110001100001011011110100100011001001111011111100111010011111001001011010111100101100100100100100110111110101100110101110110001100111000101001000110111110100111100100101001111110001110100101101100111001111101000110000111011011111001111000011000001001101110111001101000110000101011110010000000111000101001110000101111011000001101001 from address 000000 (from port 1) during cycle 133 (1330ns - 1340ns)
[2026-08-10 20:15:16.529173] [openram.characterizer.simulation/add_write_one_port]: 	Writing 11011111001100101011111011110101100000100000111100110011010110011011110101001100100111110101101110001101001111011000011010001100011000111001101000001011110000010001010000110010011010100110011001011111001101100010000100010000001100100001001001011000010110010011100110000000011011110011011011110111001010011111010011011010111101010100010011001111110011101111111110000101011001010010110101101100110011101000001100000110000010001100001101101010000100000000001111001010010001100110000011010111110011011000111011011011  to  address 111110 (from port 0) during cycle 134 (1340ns - 1350ns)
[2026-08-10 20:15:16.529580] [openram.characterizer.simulation/add_write_one_port]: 	Writing 11111100110011101101001101100011111000101001100000001000000101010001011100011111110000011001111010000111101100000111011111000010000101100011101101011010110000110000001011101010001010000111111100000000010100001011000001100111011011000000100111100110111101101100000100101111101000011101110011001011011000100001000110010011110101010110111001100011101011011100010000001100010100111011110111000100001010011010000001011010110001110110110010011100000111110100110011100111011000010011011111100101110101111100000010000001  to  address 000000 (from port 0) during cycle 135 (1350ns - 1360ns)
[2026-08-10 20:15:16.530032] [openram.characterizer.simulation/add_read_one_port]: 	Reading 11011111001100101011111011110101100000100000111100110011010110011011110101001100100111110101101110001101001111011000011010001100011000111001101000001011110000010001010000110010011010100110011001011111001101100010000100010000001100100001001001011000010110010011100110000000011011110011011011110111001010011111010011011010111101010100010011001111110011101111111110000101011001010010110101101100110011101000001100000110000010001100001101101010000100000000001111001010010001100110000011010111110011011000111011011011 from address 111110 (from port 1) during cycle 135 (1350ns - 1360ns)
[2026-08-10 20:15:16.530444] [openram.characterizer.simulation/add_write_one_port]: 	Writing 11000100100000100001101001000101011000100100011110000100100001111010011101100111001111111110001111010000010110010100110100001100000110011001010001100010101000000001000011101111011011011101001110101111001011110001111001110000100010000001110111010000101101011011000111100110110011100010011110011101100011001000111100001110101100010010001001101110011101110110110011010011110000101111101010100110011101001011011100110100101000001111100011101100110111001001111101000110000010110110110111111011011110001100011100000111  to  address 000000 (from port 0) during cycle 137 (1370ns - 1380ns)
[2026-08-10 20:15:16.530849] [openram.characterizer.simulation/add_write_one_port]: 	Writing 11011010011111011010010000001001101111111111100011111010111110000111100100111101110001011111010101000000100010000010010010000011000101011001100111000000110101100001110000110101111011101011110011000110011100010100100110110010100000001111110000101010011001000111101011111110011101101001000010111101110000101001100011000111001101111011010011100010000000111101111111100001100010000010110101010000111110101101010111101100011011011010001110110010110101011110111100100010011010110100011011011111010101100101100011010101  to  address 000000 (from port 0) during cycle 138 (1380ns - 1390ns)
[2026-08-10 20:15:16.531298] [openram.characterizer.simulation/add_write_one_port]: 	Writing 01101001001011000001000101101010100100100000000001110011111011110001000111100111110110101011010001011011001111100100001010100000000110000110110000011100110000000111110000100111010000001000110010000100000010011011110100011000100110010001101110111010001010111010011010101011011101110100100001100100100000111011000101100011001000111110101001100011011000111011001100110110010010001010111111100100101001100101110001100011000010010110111110110111010110011101000111101100111100010001000111001110110010011000111000100111  to  address 111110 (from port 0) during cycle 140 (1400ns - 1410ns)
[2026-08-10 20:15:16.531730] [openram.characterizer.simulation/add_read_one_port]: 	Reading 11011010011111011010010000001001101111111111100011111010111110000111100100111101110001011111010101000000100010000010010010000011000101011001100111000000110101100001110000110101111011101011110011000110011100010100100110110010100000001111110000101010011001000111101011111110011101101001000010111101110000101001100011000111001101111011010011100010000000111101111111100001100010000010110101010000111110101101010111101100011011011010001110110010110101011110111100100010011010110100011011011111010101100101100011010101 from address 000000 (from port 1) during cycle 140 (1400ns - 1410ns)
[2026-08-10 20:15:16.532084] [openram.characterizer.simulation/add_write_one_port]: 	Writing 00011000000001111010101011111010101101101111001110001000111110100010001111001101110011010100111010101101001000000110101100001010000010110100000101101001001110000111110000111011001101101011101101001011110011100111100111101001110000111000111000100101010010111010010100000011110110000011011111011101011101100001011111001101010001101100011011101010111100100001111000001011110110010011001100101001110111011010110101100000000000000111111001101011011011000101100111011000111110001010011001010010101011100001010110010101  to  address 111110 (from port 0) during cycle 141 (1410ns - 1420ns)
[2026-08-10 20:15:16.532550] [openram.characterizer.simulation/add_read_one_port]: 	Reading 00011000000001111010101011111010101101101111001110001000111110100010001111001101110011010100111010101101001000000110101100001010000010110100000101101001001110000111110000111011001101101011101101001011110011100111100111101001110000111000111000100101010010111010010100000011110110000011011111011101011101100001011111001101010001101100011011101010111100100001111000001011110110010011001100101001110111011010110101100000000000000111111001101011011011000101100111011000111110001010011001010010101011100001010110010101 from address 111110 (from port 1) during cycle 142 (1420ns - 1430ns)
[2026-08-10 20:15:16.532982] [openram.characterizer.simulation/add_read_one_port]: 	Reading 11011010011111011010010000001001101111111111100011111010111110000111100100111101110001011111010101000000100010000010010010000011000101011001100111000000110101100001110000110101111011101011110011000110011100010100100110110010100000001111110000101010011001000111101011111110011101101001000010111101110000101001100011000111001101111011010011100010000000111101111111100001100010000010110101010000111110101101010111101100011011011010001110110010110101011110111100100010011010110100011011011111010101100101100011010101 from address 000000 (from port 1) during cycle 143 (1430ns - 1440ns)
[2026-08-10 20:15:16.533339] [openram.characterizer.simulation/add_write_one_port]: 	Writing 11111111100110001011000111001011011011001110010011100100010101101100101111101111011100111110111111101000111000001010011111000011100110111000011100010010100101111011110110000011001110011110100000101011001111011110100001011111010011100011001000110101011010111000101000110011010010111000101010101101011111100001010001001100111000110100110110011100001001110010000110010011001100111100101010001000111001010011010110000010011100110010011110000000010110011100001000001110011001001100101101101101011100011100100001100111  to  address 111110 (from port 0) during cycle 144 (1440ns - 1450ns)
[2026-08-10 20:15:16.533745] [openram.characterizer.simulation/add_write_one_port]: 	Writing 10100110110100011011110111110010010001000101101011110110111100011011100000111100110110010110010111101001011010001100011010101000000011101111011010111001001100011110100100010111010010001110010101000110000000000110001111101101110100111101010000101100001001000100110010010100111000011100011110011011111100110101101001011111010000010101010110011011000000101001011010100111000011010000000001101111001011011000010100101000100111111011010101111000001111000101110110111001001111110110000100100101011110000000110011000001  to  address 000000 (from port 0) during cycle 145 (1450ns - 1460ns)
[2026-08-10 20:15:16.534220] [openram.characterizer.simulation/add_read_one_port]: 	Reading 11111111100110001011000111001011011011001110010011100100010101101100101111101111011100111110111111101000111000001010011111000011100110111000011100010010100101111011110110000011001110011110100000101011001111011110100001011111010011100011001000110101011010111000101000110011010010111000101010101101011111100001010001001100111000110100110110011100001001110010000110010011001100111100101010001000111001010011010110000010011100110010011110000000010110011100001000001110011001001100101101101101011100011100100001100111 from address 111110 (from port 1) during cycle 146 (1460ns - 1470ns)
[2026-08-10 20:15:16.534647] [openram.characterizer.simulation/add_read_one_port]: 	Reading 10100110110100011011110111110010010001000101101011110110111100011011100000111100110110010110010111101001011010001100011010101000000011101111011010111001001100011110100100010111010010001110010101000110000000000110001111101101110100111101010000101100001001000100110010010100111000011100011110011011111100110101101001011111010000010101010110011011000000101001011010100111000011010000000001101111001011011000010100101000100111111011010101111000001111000101110110111001001111110110000100100101011110000000110011000001 from address 000000 (from port 1) during cycle 147 (1470ns - 1480ns)
[2026-08-10 20:15:16.535004] [openram.characterizer.simulation/add_write_one_port]: 	Writing 10001011011000110100111001001100001010010010000011110111000001111011001111000010111100110000100111010110000011110110111001111011000000001110110011111000101010001100000100111011000111110010101110011000110011101101101011100110101100011010010000001101001011000001001001010101010000010010110100110001010000101100101010111101000001101001111000001010110001101110101010100100001101111000010000101011010100101001000110011000001000110100000000000001100010010000010001000001110001000110000000000111000110111001110101000110  to  address 111110 (from port 0) during cycle 148 (1480ns - 1490ns)
[2026-08-10 20:15:16.535541] [openram.characterizer.simulation/add_read_one_port]: 	Reading 10100110110100011011110111110010010001000101101011110110111100011011100000111100110110010110010111101001011010001100011010101000000011101111011010111001001100011110100100010111010010001110010101000110000000000110001111101101110100111101010000101100001001000100110010010100111000011100011110011011111100110101101001011111010000010101010110011011000000101001011010100111000011010000000001101111001011011000010100101000100111111011010101111000001111000101110110111001001111110110000100100101011110000000110011000001 from address 000000 (from port 1) during cycle 148 (1480ns - 1490ns)
[2026-08-10 20:15:16.535962] [openram.characterizer.simulation/add_write_one_port]: 	Writing 00011000010110101111101000110110101011110000110001001110111110110010101001110001010111011001011100101011011110110110000010110011101111100000100100100001010100100111101001001001110011011111001011010010101100000000001100000000101000001100011000011100011101110010000100100110100000111110001101100011110101001001000000110100110010000010101010100110110101001000110011100101011110000011111100001011011110001111010100000011000000001111000010011111001001000110010110011100110110110101110010001011110110011000010011110001  to  address 111110 (from port 0) during cycle 150 (1500ns - 1510ns)
[2026-08-10 20:15:16.536408] [openram.characterizer.simulation/add_write_one_port]: 	Writing 00000000011101010010001100011010011111010001110101011000011100100100000101010011000011001011011111000101100001010010111111100010100100010100001100110001110010101100001000010101101000001101001001110111101001100001000000111100001011101010000010011011010010011001001111010001101111001010001010101010111111110000101111101011000110110110010000100110011101110011010000110000101010000111000000101001101000001101001001001000000010110100101011011111011110111011000011101100101101100111011000011011010000110110011100011110  to  address 111110 (from port 0) during cycle 152 (1520ns - 1530ns)
[2026-08-10 20:15:16.536843] [openram.characterizer.simulation/add_read_one_port]: 	Reading 10100110110100011011110111110010010001000101101011110110111100011011100000111100110110010110010111101001011010001100011010101000000011101111011010111001001100011110100100010111010010001110010101000110000000000110001111101101110100111101010000101100001001000100110010010100111000011100011110011011111100110101101001011111010000010101010110011011000000101001011010100111000011010000000001101111001011011000010100101000100111111011010101111000001111000101110110111001001111110110000100100101011110000000110011000001 from address 000000 (from port 1) during cycle 152 (1520ns - 1530ns)
[2026-08-10 20:15:16.537201] [openram.characterizer.simulation/add_write_one_port]: 	Writing 10001110101001110000011100010101110111001100110111100001010010010000100010110100001010101100001110100101101101010100101101001000001110101100001100110000111000100101001101010000101111101001000110011101110001011110001111111001101111010000000100010101001101010101011110110111101000000000110010100011111001011100010000001111111011010110000011101011011011000111101011111000101001010001000001000000111111000011110101110110111110100101010110011001001011011011000100101000010001001001101011110101110110111111100110010001  to  address 000000 (from port 0) during cycle 153 (1530ns - 1540ns)
[2026-08-10 20:15:16.537631] [openram.characterizer.simulation/add_read_one_port]: 	Reading 00000000011101010010001100011010011111010001110101011000011100100100000101010011000011001011011111000101100001010010111111100010100100010100001100110001110010101100001000010101101000001101001001110111101001100001000000111100001011101010000010011011010010011001001111010001101111001010001010101010111111110000101111101011000110110110010000100110011101110011010000110000101010000111000000101001101000001101001001001000000010110100101011011111011110111011000011101100101101100111011000011011010000110110011100011110 from address 111110 (from port 1) during cycle 153 (1530ns - 1540ns)
[2026-08-10 20:15:16.538072] [openram.characterizer.simulation/add_read_one_port]: 	Reading 10001110101001110000011100010101110111001100110111100001010010010000100010110100001010101100001110100101101101010100101101001000001110101100001100110000111000100101001101010000101111101001000110011101110001011110001111111001101111010000000100010101001101010101011110110111101000000000110010100011111001011100010000001111111011010110000011101011011011000111101011111000101001010001000001000000111111000011110101110110111110100101010110011001001011011011000100101000010001001001101011110101110110111111100110010001 from address 000000 (from port 1) during cycle 154 (1540ns - 1550ns)
[2026-08-10 20:15:16.538428] [openram.characterizer.simulation/add_write_one_port]: 	Writing 11100111001011001111001001101101110011100101010101110110101101101110111001011001110011110110000110000100101111011111011011110001101101010101101110000001001001001101100100101111001000011110101101010011010111001101001101111111100010100001110010001111001011100111110000001010101101111000000001001001010011011110100101101000001110001111010000010100111111101101101000111000011000110101000111100011111011001000000011010000111101000101101101011011110010001001010101101001111011001001110011100010011000011111101010101110  to  address 000000 (from port 0) during cycle 155 (1550ns - 1560ns)
[2026-08-10 20:15:16.538832] [openram.characterizer.simulation/add_write_one_port]: 	Writing 00111000000101000111111010110110101001100101111000110101001010110100101011000100000101100000101111101111110000110101010100110001100001010101100101101101000000010000001000111010001000011001110000110110011000000100111001100001101011110010000011000010011100100110010011111101100110010100111100110000100111101110011010110101100101000011000100000000111010101100110110110100010000001110111100110010010010110100011001101001111111101100011010110111010001110010010100110011101111100101111001001010010011110001101111111100  to  address 111110 (from port 0) during cycle 156 (1560ns - 1570ns)
[2026-08-10 20:15:16.539239] [openram.characterizer.simulation/add_write_one_port]: 	Writing 11001001111010001111011000010001110000111011000000011010100110111000001000011110101110011010101011000101001100000100101001101100010111000010011101111100001011011100100010011110001110000001110001111100111000101101101010001100010110011101000001011001111011110011010001000010000001111010001100111111000001000011100001010010000101101001000110111111001100001000101100110011100101110101011001101001100101000110000001001100000001000001101101011111110100010000110110000111010100010011110000001110100001001100101111010100  to  address 111110 (from port 0) during cycle 157 (1570ns - 1580ns)
[2026-08-10 20:15:16.539787] [openram.characterizer.simulation/add_read_one_port]: 	Reading 11100111001011001111001001101101110011100101010101110110101101101110111001011001110011110110000110000100101111011111011011110001101101010101101110000001001001001101100100101111001000011110101101010011010111001101001101111111100010100001110010001111001011100111110000001010101101111000000001001001010011011110100101101000001110001111010000010100111111101101101000111000011000110101000111100011111011001000000011010000111101000101101101011011110010001001010101101001111011001001110011100010011000011111101010101110 from address 000000 (from port 1) during cycle 160 (1600ns - 1610ns)
[2026-08-10 20:15:16.540217] [openram.characterizer.simulation/add_read_one_port]: 	Reading 11001001111010001111011000010001110000111011000000011010100110111000001000011110101110011010101011000101001100000100101001101100010111000010011101111100001011011100100010011110001110000001110001111100111000101101101010001100010110011101000001011001111011110011010001000010000001111010001100111111000001000011100001010010000101101001000110111111001100001000101100110011100101110101011001101001100101000110000001001100000001000001101101011111110100010000110110000111010100010011110000001110100001001100101111010100 from address 111110 (from port 1) during cycle 161 (1610ns - 1620ns)
[2026-08-10 20:15:16.540618] [openram.characterizer.simulation/add_write_one_port]: 	Writing 11000111010010011001000101111000110010111110011111011101100010101001100011101000100101110111110011110110101111100000010011010001011110001011011011011101000101110000000110010100101010100001001001000101100111011011100110101011101111001011110001010110011100111100100101011100001010001011001000110000001001010100111111011010000001010101100111101101011011111100100100011000000011001000110110010110111101100101011000000011001101101011100110010000001111000100011011010110111010110000100010101111100101001000111110000111  to  address 000000 (from port 0) during cycle 163 (1630ns - 1640ns)
[2026-08-10 20:15:16.541019] [openram.characterizer.simulation/add_write_one_port]: 	Writing 10101001010110011100100111101001111100101100001010011101011100101101110000000010010110011111000001110011110110111101110110110110011110001111110000100100000000000110100010000000011101110011000011111001010011011001101000001110110100010100111100000110100111011100011111111100110100100100110000010111111101011100001111000011101000101100010101101101100100001110101110101010100100010101101101100000110010001110100000000010011100110100011001110111001000101000110010101101111101011011000011000001010110110100111010011110  to  address 111110 (from port 0) during cycle 164 (1640ns - 1650ns)
[2026-08-10 20:15:16.541489] [openram.characterizer.simulation/add_read_one_port]: 	Reading 11000111010010011001000101111000110010111110011111011101100010101001100011101000100101110111110011110110101111100000010011010001011110001011011011011101000101110000000110010100101010100001001001000101100111011011100110101011101111001011110001010110011100111100100101011100001010001011001000110000001001010100111111011010000001010101100111101101011011111100100100011000000011001000110110010110111101100101011000000011001101101011100110010000001111000100011011010110111010110000100010101111100101001000111110000111 from address 000000 (from port 1) during cycle 165 (1650ns - 1660ns)
[2026-08-10 20:15:16.541863] [openram.characterizer.simulation/add_write_one_port]: 	Writing 01001110011011111110111101001000110111100111101011100000100100111011100001111111111111000011100001111111100101111000011011010000010011100010101000010010011101111011000110101000100110111110000011100111001010100001100001000011101000100101111000001001001001010011110110010100110000111010100010001101001011111011011011111010000101000011010110001111111101110000001010101100000110111101101111100110111101011010010101101011001101101100111101110000101011100101000101010101101011101000010101011110101110111101100111101011  to  address 111110 (from port 0) during cycle 166 (1660ns - 1670ns)
[2026-08-10 20:15:16.542262] [openram.characterizer.simulation/add_write_one_port]: 	Writing 11101001100001101111101000011111111001110110110011100011011111001001000001101010001100011001000111001010101010000001111100010100111011101111100110010000110010001111000100011011010111101001110011100101110001001010001100101101001000010010011110000001111010111001100101000101110011000011110110001011000011101101100011000001111111110111111011000111000101100101000011001000001010000011101010010000010000010110000010011101101010100000100111010111010010000011000110101001010010000000101110001111011011110001111101001000  to  address 000000 (from port 0) during cycle 167 (1670ns - 1680ns)
[2026-08-10 20:15:16.542660] [openram.characterizer.simulation/add_write_one_port]: 	Writing 11010100011000001110100000101001111011010111010101011001000011011010110111000000000100100011110000000100000100000101001010111001100101101000111010110001000111000111110100010111101010001011100001110100111011100110100101100011010010111010011010100011011111100110011100101001100100000100011111110111110110111110010100101000000001010010111010010110110011110010101110111001100001000011100101110010000001010000010001011010001111110111100111110000111001011001001111101110010000111001100000010100000111111011101010111000  to  address 111110 (from port 0) during cycle 168 (1680ns - 1690ns)
[2026-08-10 20:15:16.543058] [openram.characterizer.simulation/add_write_one_port]: 	Writing 11101001111000101111100100101100110010101111000001111110001000101001111100011011111111010100001111011000011001101110010111011001111010010110010110011100001110000110111111010111100110110101111000101011100111011000101110110011111111001000101011110001111101110110101111111010000011011000000110001100010011001010001111010101100110001010111110011100011010010011100010111010001100011111011111110101010000001100011100001111101011011011110010100001000101111010100111000011100101101000110011010101000100110010001110111111  to  address 000000 (from port 0) during cycle 169 (1690ns - 1700ns)
[2026-08-10 20:15:16.543458] [openram.characterizer.simulation/add_write_one_port]: 	Writing 11111000100110111100010100110101111010001000100101010111001010011000000101110100111111111101000011000000010111011111010100010100000101100010100001110100001111000101100111011001110001111101001100110101100010101001100111111111000011011101000100000101000101110101110110000000110100110111010110101011001011101100010001000011101100010101101010001011101011101101101101001011001100100100101000111001101011000101010101110100110010010101110111101110011010011000101000100100001110001001001101010001001100000110001110110111  to  address 000000 (from port 0) during cycle 170 (1700ns - 1710ns)
[2026-08-10 20:15:16.544051] [openram.characterizer.simulation/add_write_one_port]: 	Writing 11111000110000000100111000100000101101111000111100001111111001001100111110011111011011000011011101001011011111010000010001000101101010101100001110100111000001010111111001010001101011001111110000011010010100001110110010101001111100100001011000110011100101011111101111110100011011011011010100101100101101101110001100110000110011001010010110101101100010101100001000000101101010101110000101011011110001101001110001101000011010101011111001110100101101011101010001110000100111100111011000101111001110101000111111001001  to  address 000000 (from port 0) during cycle 173 (1730ns - 1740ns)
[2026-08-10 20:15:16.544585] [openram.characterizer.simulation/add_read_one_port]: 	Reading 11111000110000000100111000100000101101111000111100001111111001001100111110011111011011000011011101001011011111010000010001000101101010101100001110100111000001010111111001010001101011001111110000011010010100001110110010101001111100100001011000110011100101011111101111110100011011011011010100101100101101101110001100110000110011001010010110101101100010101100001000000101101010101110000101011011110001101001110001101000011010101011111001110100101101011101010001110000100111100111011000101111001110101000111111001001 from address 000000 (from port 1) during cycle 175 (1750ns - 1760ns)
[2026-08-10 20:15:16.545086] [openram.characterizer.simulation/add_read_one_port]: 	Reading 11111000110000000100111000100000101101111000111100001111111001001100111110011111011011000011011101001011011111010000010001000101101010101100001110100111000001010111111001010001101011001111110000011010010100001110110010101001111100100001011000110011100101011111101111110100011011011011010100101100101101101110001100110000110011001010010110101101100010101100001000000101101010101110000101011011110001101001110001101000011010101011111001110100101101011101010001110000100111100111011000101111001110101000111111001001 from address 000000 (from port 1) during cycle 176 (1760ns - 1770ns)
[2026-08-10 20:15:16.545505] [openram.characterizer.simulation/add_write_one_port]: 	Writing 01110011001000010100100110100000001111111001010101011101111001111110101001000001101111010110000010001100111001110011010010101110001100110001010101010001000100111001001000101111000001100001011100110101111110000000001000100001000111000110100110011110110011000110010101010110001111001101010101110000000111001000100010101111001000100011011110010100000001110001011111101100111111001110001110110101011111001111001011000111110111111100001011011010101101011010100011000010101100001001011011011011111001011001111100101000  to  address 111110 (from port 0) during cycle 177 (1770ns - 1780ns)
[2026-08-10 20:15:16.546060] [openram.characterizer.simulation/add_read_one_port]: 	Reading 11111000110000000100111000100000101101111000111100001111111001001100111110011111011011000011011101001011011111010000010001000101101010101100001110100111000001010111111001010001101011001111110000011010010100001110110010101001111100100001011000110011100101011111101111110100011011011011010100101100101101101110001100110000110011001010010110101101100010101100001000000101101010101110000101011011110001101001110001101000011010101011111001110100101101011101010001110000100111100111011000101111001110101000111111001001 from address 000000 (from port 1) during cycle 178 (1780ns - 1790ns)
[2026-08-10 20:15:16.546485] [openram.characterizer.simulation/add_write_one_port]: 	Writing 01000100110110010110110010011010100101110001110111010101011001111101011111011111111011111110001001000111010100001010101000111001011100101001100010111011111110111100011001000001011001000100011011000001110011100001010000001010110001011011100101111110100110000111101010110110111011000001001100100111011100000001101010010111000101000101101100110000110101110101001101011011001000001001100010010111001100110010100011111001001100111111001011101011000000101011110000111110101001000111110110111000010000000101001000010111  to  address 111110 (from port 0) during cycle 179 (1790ns - 1800ns)
[2026-08-10 20:15:16.547035] [openram.characterizer.simulation/add_read_one_port]: 	Reading 11111000110000000100111000100000101101111000111100001111111001001100111110011111011011000011011101001011011111010000010001000101101010101100001110100111000001010111111001010001101011001111110000011010010100001110110010101001111100100001011000110011100101011111101111110100011011011011010100101100101101101110001100110000110011001010010110101101100010101100001000000101101010101110000101011011110001101001110001101000011010101011111001110100101101011101010001110000100111100111011000101111001110101000111111001001 from address 000000 (from port 1) during cycle 180 (1800ns - 1810ns)
[2026-08-10 20:15:16.547463] [openram.characterizer.simulation/add_write_one_port]: 	Writing 10001100001101010100100011110110010010011110010100011001110111101011110011000000001001100101000010110000101000101110101101101111111010100101110000101010010110110011101000111110000000011100100010111001000001000000010010100001010000010010110101001110001001111111110000000011100101101011000100011111001010100010000100001001011111110111011110001000000011011101010010001010110100100101000010000101100110111101100001110001000000001101010000010111010001101111110100000000011101111001000011000110010111101000011001001101  to  address 000000 (from port 0) during cycle 181 (1810ns - 1820ns)
[2026-08-10 20:15:16.548013] [openram.characterizer.simulation/add_read_one_port]: 	Reading 01000100110110010110110010011010100101110001110111010101011001111101011111011111111011111110001001000111010100001010101000111001011100101001100010111011111110111100011001000001011001000100011011000001110011100001010000001010110001011011100101111110100110000111101010110110111011000001001100100111011100000001101010010111000101000101101100110000110101110101001101011011001000001001100010010111001100110010100011111001001100111111001011101011000000101011110000111110101001000111110110111000010000000101001000010111 from address 111110 (from port 1) during cycle 182 (1820ns - 1830ns)
[2026-08-10 20:15:16.548435] [openram.characterizer.simulation/add_write_one_port]: 	Writing 01111101100110010100101000110110011111001101001010111011010100001110011010011100101110100101011000000011000100001011001010101101111000111011100011001101010001100100110100111000000111100011101000100011110010010110011111001010111001110111101111100001001101111111100100001010000010110100001100100000010000101101111101101011011101110010101000111011100011100000100010101111011100011111111100111100010001010000001111100101101101110011010011111100100010110101011100010111110010110001001010101100010000011111100000101100  to  address 111110 (from port 0) during cycle 183 (1830ns - 1840ns)
[2026-08-10 20:15:16.548933] [openram.characterizer.simulation/add_read_one_port]: 	Reading 10001100001101010100100011110110010010011110010100011001110111101011110011000000001001100101000010110000101000101110101101101111111010100101110000101010010110110011101000111110000000011100100010111001000001000000010010100001010000010010110101001110001001111111110000000011100101101011000100011111001010100010000100001001011111110111011110001000000011011101010010001010110100100101000010000101100110111101100001110001000000001101010000010111010001101111110100000000011101111001000011000110010111101000011001001101 from address 000000 (from port 1) during cycle 183 (1830ns - 1840ns)
[2026-08-10 20:15:16.549347] [openram.characterizer.simulation/add_write_one_port]: 	Writing 00000111110100110000110011100001100000100011001010100010010110100001110001111111110010011000100110010000111000010100001110100111010010100010111101101111001011110111110011001111011100000001010100011001011111000010111100110101110111000100011010010011000011110011000000001010101000110100001010001011110010110101101001111001000001111001111111000001011111010100111011001001001011011010001000101101001000001000001110100100101001000010000110001010110001001001000010101111011100101101010001000010000010010011111000001001  to  address 111110 (from port 0) during cycle 184 (1840ns - 1850ns)
[2026-08-10 20:15:16.549826] [openram.characterizer.simulation/add_write_one_port]: 	Writing 11110100111011010101010000101001111010111101110001001111100010110010101111000111000010010010110000010010100100000100110010001011000110000101111101000111001011001110100011001111110111110001110011000101011000010010101111010111111010111011011111011001111100110001100000000110111001001001111100101101101010000011111010010101111101000101010000011010100000101011010111100100100110010100110010000010110110100100101001010101110101100000001010001110111100000001001111010001101110100111010111111111100000101100111000010110  to  address 000000 (from port 0) during cycle 185 (1850ns - 1860ns)
[2026-08-10 20:15:16.550300] [openram.characterizer.simulation/add_write_one_port]: 	Writing 00000011100000110010101110010001111001111101101011101100100010011101100010110101000010001000000000000111110101000010101100111010111000010010010000101101110001100101100100110011111101010100000100010010111101011011011011110011011110111100001001110001000000110101110000000111111001100110110100100000110100100111100011110000011000011110100100001110100000111011101101111101101100000010110111111101000101011000011000011010111010111100111011111001111111110001100100110011010010111101100011110100001000011010010101011111  to  address 111110 (from port 0) during cycle 186 (1860ns - 1870ns)
[2026-08-10 20:15:16.550798] [openram.characterizer.simulation/add_read_one_port]: 	Reading 11110100111011010101010000101001111010111101110001001111100010110010101111000111000010010010110000010010100100000100110010001011000110000101111101000111001011001110100011001111110111110001110011000101011000010010101111010111111010111011011111011001111100110001100000000110111001001001111100101101101010000011111010010101111101000101010000011010100000101011010111100100100110010100110010000010110110100100101001010101110101100000001010001110111100000001001111010001101110100111010111111111100000101100111000010110 from address 000000 (from port 1) during cycle 186 (1860ns - 1870ns)
[2026-08-10 20:15:16.551216] [openram.characterizer.simulation/add_write_one_port]: 	Writing 11110111111101001001100011010011111000100110110101110011111100100010001101010110111001100000101000100110110100111000010000001001001110111111010101111001010001011001010101010000110100101000001000011001110100100110110011100111101100010001101010011110000000110110100101111101101001001001000111011100100101110111011000011100101010111000010110001011111110011001111001111001001110011100001010100010010111000100101101010111010000101111001100110010000010011101001010110001101100011011101101010110100111000110010100000000  to  address 111110 (from port 0) during cycle 187 (1870ns - 1880ns)
[2026-08-10 20:15:16.551818] [openram.characterizer.simulation/add_read_one_port]: 	Reading 11110100111011010101010000101001111010111101110001001111100010110010101111000111000010010010110000010010100100000100110010001011000110000101111101000111001011001110100011001111110111110001110011000101011000010010101111010111111010111011011111011001111100110001100000000110111001001001111100101101101010000011111010010101111101000101010000011010100000101011010111100100100110010100110010000010110110100100101001010101110101100000001010001110111100000001001111010001101110100111010111111111100000101100111000010110 from address 000000 (from port 1) during cycle 189 (1890ns - 1900ns)
[2026-08-10 20:15:16.552236] [openram.characterizer.simulation/add_write_one_port]: 	Writing 11111111100000000001011101110110100001001001001000011011111000111010101100101110010110000100111000010111001011111101111100100010101101101000100100011011010110101011110101100010001010011000000111101111100110010001001110100010100000011111000101100110010010101110010001001000111111010010000100011111001111111101100101010001000100010101111010100100111011100101111000100101011010001000010101010110011101100101011011010101001111111000110011001111101101110111010010100011111110011010000000011011001101101101101011000100  to  address 000000 (from port 0) during cycle 190 (1900ns - 1910ns)
[2026-08-10 20:15:16.552794] [openram.characterizer.simulation/add_read_one_port]: 	Reading 11110111111101001001100011010011111000100110110101110011111100100010001101010110111001100000101000100110110100111000010000001001001110111111010101111001010001011001010101010000110100101000001000011001110100100110110011100111101100010001101010011110000000110110100101111101101001001001000111011100100101110111011000011100101010111000010110001011111110011001111001111001001110011100001010100010010111000100101101010111010000101111001100110010000010011101001010110001101100011011101101010110100111000110010100000000 from address 111110 (from port 1) during cycle 191 (1910ns - 1920ns)
[2026-08-10 20:15:16.553301] [openram.characterizer.simulation/add_read_one_port]: 	Reading 11110111111101001001100011010011111000100110110101110011111100100010001101010110111001100000101000100110110100111000010000001001001110111111010101111001010001011001010101010000110100101000001000011001110100100110110011100111101100010001101010011110000000110110100101111101101001001001000111011100100101110111011000011100101010111000010110001011111110011001111001111001001110011100001010100010010111000100101101010111010000101111001100110010000010011101001010110001101100011011101101010110100111000110010100000000 from address 111110 (from port 1) during cycle 192 (1920ns - 1930ns)
[2026-08-10 20:15:16.553814] [openram.characterizer.simulation/add_read_one_port]: 	Reading 11111111100000000001011101110110100001001001001000011011111000111010101100101110010110000100111000010111001011111101111100100010101101101000100100011011010110101011110101100010001010011000000111101111100110010001001110100010100000011111000101100110010010101110010001001000111111010010000100011111001111111101100101010001000100010101111010100100111011100101111000100101011010001000010101010110011101100101011011010101001111111000110011001111101101110111010010100011111110011010000000011011001101101101101011000100 from address 000000 (from port 1) during cycle 193 (1930ns - 1940ns)
[2026-08-10 20:15:16.554368] [openram.characterizer.simulation/add_read_one_port]: 	Reading 11111111100000000001011101110110100001001001001000011011111000111010101100101110010110000100111000010111001011111101111100100010101101101000100100011011010110101011110101100010001010011000000111101111100110010001001110100010100000011111000101100110010010101110010001001000111111010010000100011111001111111101100101010001000100010101111010100100111011100101111000100101011010001000010101010110011101100101011011010101001111111000110011001111101101110111010010100011111110011010000000011011001101101101101011000100 from address 000000 (from port 1) during cycle 195 (1950ns - 1960ns)
[2026-08-10 20:15:16.554835] [openram.characterizer.simulation/add_write_one_port]: 	Writing 00111101001000111111101000010001000110110100011010000100011110010011101010011101110001111110011101101000001000110111111111111011110110100100011000101100111000001011000111001010110101010001010111100000100100000000001011110110101010001101001111011111110001111100110011101110111111101000010101011010011001001100110011100110110011111000100100011110011111101100011110010010000110001110111111001101101110101111100110011000000000001001001110000010000111100000110110101101101010111000100000111101001111001110101111000001  to  address 000000 (from port 0) during cycle 197 (1970ns - 1980ns)
[2026-08-10 20:15:16.555331] [openram.characterizer.simulation/add_write_one_port]: 	Writing 00111100011111111011010110011111010101110111011100101010000101100110101011010001110000010010000010001100111111100001001000100111000101111101010111100110010100000110010010110011011101000011000100000000100110101110000001110100110011111110000110001001011101000010001000100010110000111010110000101001001111010110110101110010001100000000011110011110011111010100010100011100000000001011001011110011000111101010011001110100101011001001110110010100010101011101010111111000001011110110001001001010000101001000101110011011  to  address 000000 (from port 0) during cycle 200 (2000ns - 2010ns)
[2026-08-10 20:15:16.555895] [openram.characterizer.simulation/add_read_one_port]: 	Reading 11110111111101001001100011010011111000100110110101110011111100100010001101010110111001100000101000100110110100111000010000001001001110111111010101111001010001011001010101010000110100101000001000011001110100100110110011100111101100010001101010011110000000110110100101111101101001001001000111011100100101110111011000011100101010111000010110001011111110011001111001111001001110011100001010100010010111000100101101010111010000101111001100110010000010011101001010110001101100011011101101010110100111000110010100000000 from address 111110 (from port 1) during cycle 200 (2000ns - 2010ns)
[2026-08-10 20:15:16.556400] [openram.characterizer.simulation/add_read_one_port]: 	Reading 11110111111101001001100011010011111000100110110101110011111100100010001101010110111001100000101000100110110100111000010000001001001110111111010101111001010001011001010101010000110100101000001000011001110100100110110011100111101100010001101010011110000000110110100101111101101001001001000111011100100101110111011000011100101010111000010110001011111110011001111001111001001110011100001010100010010111000100101101010111010000101111001100110010000010011101001010110001101100011011101101010110100111000110010100000000 from address 111110 (from port 1) during cycle 202 (2020ns - 2030ns)
[2026-08-10 20:15:16.556845] [openram.characterizer.simulation/add_read_one_port]: 	Reading 11110111111101001001100011010011111000100110110101110011111100100010001101010110111001100000101000100110110100111000010000001001001110111111010101111001010001011001010101010000110100101000001000011001110100100110110011100111101100010001101010011110000000110110100101111101101001001001000111011100100101110111011000011100101010111000010110001011111110011001111001111001001110011100001010100010010111000100101101010111010000101111001100110010000010011101001010110001101100011011101101010110100111000110010100000000 from address 111110 (from port 1) during cycle 203 (2030ns - 2040ns)
[2026-08-10 20:15:16.557203] [openram.characterizer.simulation/add_write_one_port]: 	Writing 01101111011000110011001111001110001101111101100100011011000010111100001011100000111001001000000101111101111010100100000011101001010100100110010011110110001111011000100101100000110000111110100010110010110000000111011001011001100100011010001000111000100111100100001011100001001000001001100101000101001111110101010001101100110011111110101000000010111110000100111010000100000010001100001010000011011101011100001100111000100110000100000011111010000111110000111110100101100000100011011011100100110000111101011111101110  to  address 000000 (from port 0) during cycle 204 (2040ns - 2050ns)
[2026-08-10 20:15:16.557648] [openram.characterizer.simulation/add_read_one_port]: 	Reading 11110111111101001001100011010011111000100110110101110011111100100010001101010110111001100000101000100110110100111000010000001001001110111111010101111001010001011001010101010000110100101000001000011001110100100110110011100111101100010001101010011110000000110110100101111101101001001001000111011100100101110111011000011100101010111000010110001011111110011001111001111001001110011100001010100010010111000100101101010111010000101111001100110010000010011101001010110001101100011011101101010110100111000110010100000000 from address 111110 (from port 1) during cycle 204 (2040ns - 2050ns)
[2026-08-10 20:15:16.558051] [openram.characterizer.simulation/add_noop_all_ports]: 	Idle during cycle 205 (2050ns - 2060ns)
[2026-08-10 20:15:17.012565] ** Spice writing: 1.0 seconds
[2026-08-10 20:15:17.012673] DELAY: Writing stimulus...
[2026-08-10 20:15:17.689038] [openram.base.timing_graph/get_all_paths]: Paths found=4
[2026-08-10 20:15:21.256538] [openram.characterizer.delay/create_sen_and_bitline_path_measures]: self.bl_name = xsky130_sram_512x64.xbank0.bl_1_511
[2026-08-10 20:15:21.256930] [openram.characterizer.delay/create_sen_and_bitline_path_measures]: self.graph.all_paths = [['clk1', 'xsky130_sram_512x64.xcontrol1.xclkbuf.zb1_int', 'xsky130_sram_512x64.xcontrol1.xclkbuf.zb2_int', 'xsky130_sram_512x64.xcontrol1.xclkbuf.zb3_int', 'xsky130_sram_512x64.xcontrol1.xclkbuf.zb4_int', 'xsky130_sram_512x64.xcontrol1.xclkbuf.zb5_int', 'xsky130_sram_512x64.xcontrol1.xclkbuf.zb6_int', 'xsky130_sram_512x64.xcontrol1.xclkbuf.zb7_int', 'xsky130_sram_512x64.xcontrol1.xclkbuf.zb8_int', 'xsky130_sram_512x64.xcontrol1.xclkbuf.zb9_int', 'xsky130_sram_512x64.xcontrol1.xclkbuf.zb10_int', 'xsky130_sram_512x64.xcontrol1.xclkbuf.zb11_int', 'xsky130_sram_512x64.xcontrol1.xclkbuf.zb12_int', 'xsky130_sram_512x64.xcontrol1.xclkbuf.zb13_int', 'xsky130_sram_512x64.clk_buf1', 'xsky130_sram_512x64.xcontrol1.clk_bar', 'xsky130_sram_512x64.xcontrol1.xand2_gated_clk_bar.zb_int', 'xsky130_sram_512x64.xcontrol1.gated_clk_bar', 'xsky130_sram_512x64.xcontrol1.xbuf_wl_en.zb1_int', 'xsky130_sram_512x64.wl_en1', 'xsky130_sram_512x64.xbank0.xport_address1.xrbl_driver.zb_int', 'xsky130_sram_512x64.xbank0.rbl_wl1', 'xsky130_sram_512x64.rbl_bl1', 'xsky130_sram_512x64.xcontrol1.xdelay_chain.dout_1', 'xsky130_sram_512x64.xcontrol1.xdelay_chain.dout_2', 'xsky130_sram_512x64.xcontrol1.xdelay_chain.dout_3', 'xsky130_sram_512x64.xcontrol1.xdelay_chain.dout_4', 'xsky130_sram_512x64.xcontrol1.xdelay_chain.dout_5', 'xsky130_sram_512x64.xcontrol1.xdelay_chain.dout_6', 'xsky130_sram_512x64.xcontrol1.xdelay_chain.dout_7', 'xsky130_sram_512x64.xcontrol1.xdelay_chain.dout_8', 'xsky130_sram_512x64.xcontrol1.rbl_bl_delay', 'xsky130_sram_512x64.xcontrol1.xbuf_s_en_and.zb_int', 'xsky130_sram_512x64.s_en1', 'dout1_511'], ['clk1', 'xsky130_sram_512x64.xcontrol1.xclkbuf.zb1_int', 'xsky130_sram_512x64.xcontrol1.xclkbuf.zb2_int', 'xsky130_sram_512x64.xcontrol1.xclkbuf.zb3_int', 'xsky130_sram_512x64.xcontrol1.xclkbuf.zb4_int', 'xsky130_sram_512x64.xcontrol1.xclkbuf.zb5_int', 'xsky130_sram_512x64.xcontrol1.xclkbuf.zb6_int', 'xsky130_sram_512x64.xcontrol1.xclkbuf.zb7_int', 'xsky130_sram_512x64.xcontrol1.xclkbuf.zb8_int', 'xsky130_sram_512x64.xcontrol1.xclkbuf.zb9_int', 'xsky130_sram_512x64.xcontrol1.xclkbuf.zb10_int', 'xsky130_sram_512x64.xcontrol1.xclkbuf.zb11_int', 'xsky130_sram_512x64.xcontrol1.xclkbuf.zb12_int', 'xsky130_sram_512x64.xcontrol1.xclkbuf.zb13_int', 'xsky130_sram_512x64.clk_buf1', 'xsky130_sram_512x64.xcontrol1.clk_bar', 'xsky130_sram_512x64.xcontrol1.xand2_gated_clk_bar.zb_int', 'xsky130_sram_512x64.xcontrol1.gated_clk_bar', 'xsky130_sram_512x64.xcontrol1.xbuf_wl_en.zb1_int', 'xsky130_sram_512x64.wl_en1', 'xsky130_sram_512x64.xbank0.xport_address1.xwordline_driver.xwl_driver_and63.zb_int', 'xsky130_sram_512x64.xbank0.wl_1_63', 'xsky130_sram_512x64.xbank0.br_1_511', 'dout1_511'], ['clk1', 'xsky130_sram_512x64.xcontrol1.xclkbuf.zb1_int', 'xsky130_sram_512x64.xcontrol1.xclkbuf.zb2_int', 'xsky130_sram_512x64.xcontrol1.xclkbuf.zb3_int', 'xsky130_sram_512x64.xcontrol1.xclkbuf.zb4_int', 'xsky130_sram_512x64.xcontrol1.xclkbuf.zb5_int', 'xsky130_sram_512x64.xcontrol1.xclkbuf.zb6_int', 'xsky130_sram_512x64.xcontrol1.xclkbuf.zb7_int', 'xsky130_sram_512x64.xcontrol1.xclkbuf.zb8_int', 'xsky130_sram_512x64.xcontrol1.xclkbuf.zb9_int', 'xsky130_sram_512x64.xcontrol1.xclkbuf.zb10_int', 'xsky130_sram_512x64.xcontrol1.xclkbuf.zb11_int', 'xsky130_sram_512x64.xcontrol1.xclkbuf.zb12_int', 'xsky130_sram_512x64.xcontrol1.xclkbuf.zb13_int', 'xsky130_sram_512x64.clk_buf1', 'xsky130_sram_512x64.xcontrol1.clk_bar', 'xsky130_sram_512x64.xcontrol1.xand2_gated_clk_bar.zb_int', 'xsky130_sram_512x64.xcontrol1.gated_clk_bar', 'xsky130_sram_512x64.xcontrol1.xbuf_wl_en.zb1_int', 'xsky130_sram_512x64.wl_en1', 'xsky130_sram_512x64.xbank0.xport_address1.xwordline_driver.xwl_driver_and63.zb_int', 'xsky130_sram_512x64.xbank0.wl_1_63', 'xsky130_sram_512x64.xbank0.bl_1_511', 'dout1_511']]
[2026-08-10 20:15:21.257526] [openram.characterizer.simulation/add_noop_all_ports]: Idle cycle (no positive clock edge)
[2026-08-10 20:15:21.257886] [openram.characterizer.simulation/add_write]: W data 1 address 000000
[2026-08-10 20:15:21.258211] [openram.characterizer.simulation/add_write]: W data 0 address 111111 to write value
[2026-08-10 20:15:21.258527] [openram.characterizer.simulation/add_noop_clock_one_port]: Clock only on port 0
[2026-08-10 20:15:21.258850] [openram.characterizer.simulation/add_read]: R data 1 address 000000 to set dout caps
[2026-08-10 20:15:21.259191] [openram.characterizer.simulation/add_read]: R data 0 address 111111 to check W0 worked
[2026-08-10 20:15:21.259519] [openram.characterizer.simulation/add_noop_clock_one_port]: Clock only on port 1
[2026-08-10 20:15:21.259851] [openram.characterizer.simulation/add_noop_all_ports]: Idle cycle (if read takes >1 cycle)
[2026-08-10 20:15:21.260196] [openram.characterizer.simulation/add_write]: W data 1 address 111111 to write value
[2026-08-10 20:15:21.260561] [openram.characterizer.simulation/add_noop_clock_one_port]: Clock only on port 0
[2026-08-10 20:15:21.260919] [openram.characterizer.simulation/add_write]: W data 0 address 000000 to clear din caps
[2026-08-10 20:15:21.261259] [openram.characterizer.simulation/add_noop_clock_one_port]: Clock only on port 1
[2026-08-10 20:15:21.261609] [openram.characterizer.simulation/add_read]: R data 0 address 000000 to clear dout caps
[2026-08-10 20:15:21.261970] [openram.characterizer.simulation/add_read]: R data 1 address 111111 to check W1 worked
[2026-08-10 20:15:21.262331] [openram.characterizer.simulation/add_noop_all_ports]: Idle cycle (if read takes >1 cycle))
[2026-08-10 20:15:21.280165] ** DELAY: 4.3 seconds
[2026-08-10 20:15:21.776410] GDS: Writing to /scratch/prashanth/openram/OpenRAM/./output_sram/sram_512x64_1r1w_l0_typical_analytical_physical/sky130_sram_512x64.gds
[2026-08-10 20:15:24.557966] ** GDS: 2.8 seconds
[2026-08-10 20:15:24.558070] LEF: Writing to /scratch/prashanth/openram/OpenRAM/./output_sram/sram_512x64_1r1w_l0_typical_analytical_physical/sky130_sram_512x64.lef
[2026-08-10 20:15:25.401020] ** LEF: 0.8 seconds
[2026-08-10 20:15:25.401115] LVS: Writing to /scratch/prashanth/openram/OpenRAM/./output_sram/sram_512x64_1r1w_l0_typical_analytical_physical/sky130_sram_512x64.lvs.sp
[2026-08-10 20:15:25.895263] ** LVS writing: 0.5 seconds
[2026-08-10 20:15:25.895359] LIB: Characterizing... 
[2026-08-10 20:15:25.897344] [openram.characterizer.lib/prepare_tables]: Slews: [0.00125 0.005   0.04   ]
[2026-08-10 20:15:25.897844] [openram.characterizer.lib/prepare_tables]: Loads: [ 1.7225  6.89   27.56  ]
[2026-08-10 20:15:25.898235] [openram.characterizer.lib/prepare_tables]: self.load_slews : [(np.float64(1.7225), np.float64(0.00125)), (np.float64(6.89), np.float64(0.00125)), (np.float64(27.56), np.float64(0.00125)), (np.float64(1.7225), np.float64(0.005)), (np.float64(6.89), np.float64(0.005)), (np.float64(27.56), np.float64(0.005)), (np.float64(1.7225), np.float64(0.04)), (np.float64(6.89), np.float64(0.04)), (np.float64(27.56), np.float64(0.04))]
[2026-08-10 20:15:25.898582] [openram.characterizer.lib/characterize_corners]: Characterizing corners: [('TT', 1.8, 25)]
[2026-08-10 20:15:25.898879] [openram.characterizer.lib/characterize_corners]: Corner: ('TT', 1.8, 25)
[2026-08-10 20:15:25.899206] [openram.characterizer.lib/characterize_corners]: Writing to /scratch/prashanth/openram/OpenRAM/./output_sram/sram_512x64_1r1w_l0_typical_analytical_physical/sky130_sram_512x64_TT_1p8V_25C.lib
[2026-08-10 20:15:25.900294] WARNING: file elmore.py: line 45: In analytical mode, all ports have the timing of the first read port.

[2026-08-10 20:15:26.069730] [openram.base.timing_graph/get_all_paths]: Paths found=4
[2026-08-10 20:15:28.676966] [openram.base.timing_graph/get_all_paths]: Paths found=4
[2026-08-10 20:15:30.759254] [openram.characterizer.elmore/analytical_power]: Dynamic Power: 209363761177.2947 mW
[2026-08-10 20:15:30.759778] [openram.characterizer.elmore/analytical_power]: Leakage Power: 0.034029 mW
[2026-08-10 20:15:30.760203] [openram.characterizer.elmore/get_lib_values]: Slew, Load, Delay(ns), Slew(ns)
[2026-08-10 20:15:30.760938] [openram.characterizer.elmore/get_lib_values]: 0.00125, 1.7225, 0.5867726175855327, 0.00167765625
[2026-08-10 20:15:30.761531] [openram.characterizer.elmore/get_lib_values]: 0.00125, 6.89, 0.6158398050855327, 0.004584374999999999
[2026-08-10 20:15:30.762055] [openram.characterizer.elmore/get_lib_values]: 0.00125, 27.56, 0.7321085550855326, 0.016211249999999996
[2026-08-10 20:15:30.762562] [openram.characterizer.elmore/get_lib_values]: 0.005, 1.7225, 0.5867726175855327, 0.00167765625
[2026-08-10 20:15:30.763066] [openram.characterizer.elmore/get_lib_values]: 0.005, 6.89, 0.6158398050855327, 0.004584374999999999
[2026-08-10 20:15:30.763565] [openram.characterizer.elmore/get_lib_values]: 0.005, 27.56, 0.7321085550855326, 0.016211249999999996
[2026-08-10 20:15:30.764072] [openram.characterizer.elmore/get_lib_values]: 0.04, 1.7225, 0.5867726175855327, 0.00167765625
[2026-08-10 20:15:30.764564] [openram.characterizer.elmore/get_lib_values]: 0.04, 6.89, 0.6158398050855327, 0.004584374999999999
[2026-08-10 20:15:30.765055] [openram.characterizer.elmore/get_lib_values]: 0.04, 27.56, 0.7321085550855326, 0.016211249999999996
[2026-08-10 20:15:30.765479] [openram.characterizer.elmore/get_lib_values]: SRAM Data:
{'min_period': np.float64(2.708801653816471), 'leakage_power': 0.034029}
[2026-08-10 20:15:30.766084] [openram.characterizer.elmore/get_lib_values]: Port Data:
[{'delay_lh': [], 'delay_hl': [], 'slew_lh': [], 'slew_hl': [], 'read0_power': [np.float64(209363761177.2947), np.float64(209363761177.2947), np.float64(209363761177.2947), np.float64(209363761177.2947), np.float64(209363761177.2947), np.float64(209363761177.2947), np.float64(209363761177.2947), np.float64(209363761177.2947), np.float64(209363761177.2947)], 'read1_power': [np.float64(209363761177.2947), np.float64(209363761177.2947), np.float64(209363761177.2947), np.float64(209363761177.2947), np.float64(209363761177.2947), np.float64(209363761177.2947), np.float64(209363761177.2947), np.float64(209363761177.2947), np.float64(209363761177.2947)], 'write0_power': [np.float64(209363761177.2947), np.float64(209363761177.2947), np.float64(209363761177.2947), np.float64(209363761177.2947), np.float64(209363761177.2947), np.float64(209363761177.2947), np.float64(209363761177.2947), np.float64(209363761177.2947), np.float64(209363761177.2947)], 'write1_power': [np.float64(209363761177.2947), np.float64(209363761177.2947), np.float64(209363761177.2947), np.float64(209363761177.2947), np.float64(209363761177.2947), np.float64(209363761177.2947), np.float64(209363761177.2947), np.float64(209363761177.2947), np.float64(209363761177.2947)], 'disabled_read0_power': [np.float64(209363761177.2947), np.float64(209363761177.2947), np.float64(209363761177.2947), np.float64(209363761177.2947), np.float64(209363761177.2947), np.float64(209363761177.2947), np.float64(209363761177.2947), np.float64(209363761177.2947), np.float64(209363761177.2947)], 'disabled_read1_power': [np.float64(209363761177.2947), np.float64(209363761177.2947), np.float64(209363761177.2947), np.float64(209363761177.2947), np.float64(209363761177.2947), np.float64(209363761177.2947), np.float64(209363761177.2947), np.float64(209363761177.2947), np.float64(209363761177.2947)], 'disabled_write0_power': [np.float64(209363761177.2947), np.float64(209363761177.2947), np.float64(209363761177.2947), np.float64(209363761177.2947), np.float64(209363761177.2947), np.float64(209363761177.2947), np.float64(209363761177.2947), np.float64(209363761177.2947), np.float64(209363761177.2947)], 'disabled_write1_power': [np.float64(209363761177.2947), np.float64(209363761177.2947), np.float64(209363761177.2947), np.float64(209363761177.2947), np.float64(209363761177.2947), np.float64(209363761177.2947), np.float64(209363761177.2947), np.float64(209363761177.2947), np.float64(209363761177.2947)]}, {'delay_lh': [np.float64(0.5867726175855327), np.float64(0.6158398050855327), np.float64(0.7321085550855326), np.float64(0.5867726175855327), np.float64(0.6158398050855327), np.float64(0.7321085550855326), np.float64(0.5867726175855327), np.float64(0.6158398050855327), np.float64(0.7321085550855326)], 'delay_hl': [np.float64(0.5867726175855327), np.float64(0.6158398050855327), np.float64(0.7321085550855326), np.float64(0.5867726175855327), np.float64(0.6158398050855327), np.float64(0.7321085550855326), np.float64(0.5867726175855327), np.float64(0.6158398050855327), np.float64(0.7321085550855326)], 'slew_lh': [np.float64(0.00167765625), np.float64(0.004584374999999999), np.float64(0.016211249999999996), np.float64(0.00167765625), np.float64(0.004584374999999999), np.float64(0.016211249999999996), np.float64(0.00167765625), np.float64(0.004584374999999999), np.float64(0.016211249999999996)], 'slew_hl': [np.float64(0.00167765625), np.float64(0.004584374999999999), np.float64(0.016211249999999996), np.float64(0.00167765625), np.float64(0.004584374999999999), np.float64(0.016211249999999996), np.float64(0.00167765625), np.float64(0.004584374999999999), np.float64(0.016211249999999996)], 'read0_power': [np.float64(209363761177.2947), np.float64(209363761177.2947), np.float64(209363761177.2947), np.float64(209363761177.2947), np.float64(209363761177.2947), np.float64(209363761177.2947), np.float64(209363761177.2947), np.float64(209363761177.2947), np.float64(209363761177.2947)], 'read1_power': [np.float64(209363761177.2947), np.float64(209363761177.2947), np.float64(209363761177.2947), np.float64(209363761177.2947), np.float64(209363761177.2947), np.float64(209363761177.2947), np.float64(209363761177.2947), np.float64(209363761177.2947), np.float64(209363761177.2947)], 'write0_power': [np.float64(209363761177.2947), np.float64(209363761177.2947), np.float64(209363761177.2947), np.float64(209363761177.2947), np.float64(209363761177.2947), np.float64(209363761177.2947), np.float64(209363761177.2947), np.float64(209363761177.2947), np.float64(209363761177.2947)], 'write1_power': [np.float64(209363761177.2947), np.float64(209363761177.2947), np.float64(209363761177.2947), np.float64(209363761177.2947), np.float64(209363761177.2947), np.float64(209363761177.2947), np.float64(209363761177.2947), np.float64(209363761177.2947), np.float64(209363761177.2947)], 'disabled_read0_power': [np.float64(209363761177.2947), np.float64(209363761177.2947), np.float64(209363761177.2947), np.float64(209363761177.2947), np.float64(209363761177.2947), np.float64(209363761177.2947), np.float64(209363761177.2947), np.float64(209363761177.2947), np.float64(209363761177.2947)], 'disabled_read1_power': [np.float64(209363761177.2947), np.float64(209363761177.2947), np.float64(209363761177.2947), np.float64(209363761177.2947), np.float64(209363761177.2947), np.float64(209363761177.2947), np.float64(209363761177.2947), np.float64(209363761177.2947), np.float64(209363761177.2947)], 'disabled_write0_power': [np.float64(209363761177.2947), np.float64(209363761177.2947), np.float64(209363761177.2947), np.float64(209363761177.2947), np.float64(209363761177.2947), np.float64(209363761177.2947), np.float64(209363761177.2947), np.float64(209363761177.2947), np.float64(209363761177.2947)], 'disabled_write1_power': [np.float64(209363761177.2947), np.float64(209363761177.2947), np.float64(209363761177.2947), np.float64(209363761177.2947), np.float64(209363761177.2947), np.float64(209363761177.2947), np.float64(209363761177.2947), np.float64(209363761177.2947), np.float64(209363761177.2947)]}]
[2026-08-10 20:15:30.767253] [openram.characterizer.setup_hold/__init__]: Feasible period from technology file: 10 
[2026-08-10 20:15:30.780251] ** Characterization: 4.9 seconds
[2026-08-10 20:15:30.780409] Config: Writing to /scratch/prashanth/openram/OpenRAM/./output_sram/sram_512x64_1r1w_l0_typical_analytical_physical/sky130_sram_512x64.py
[2026-08-10 20:15:30.780456] ** Config: 0.0 seconds
[2026-08-10 20:15:30.784422] Datasheet: Writing to /scratch/prashanth/openram/OpenRAM/./output_sram/sram_512x64_1r1w_l0_typical_analytical_physical/sky130_sram_512x64.html
[2026-08-10 20:15:30.785632] ** Datasheet: 0.0 seconds
[2026-08-10 20:15:30.785699] Verilog: Writing to /scratch/prashanth/openram/OpenRAM/./output_sram/sram_512x64_1r1w_l0_typical_analytical_physical/sky130_sram_512x64.v
[2026-08-10 20:15:30.785850] ** Verilog: 0.0 seconds
[2026-08-10 20:15:30.787392] [openram.globals/purge_temp]: Purging temp directory: /scratch/prashanth/openram/OpenRAM/runs/analytical_physical_remaining_20260810_154047/sram_512x64_analytical_physical/temp/
[2026-08-10 20:15:30.793387] ** End: 16481.6 seconds
