[2026-08-10 15:40:47.772552] [openram.globals/init_openram]: Initializing OpenRAM...
[2026-08-10 15:40:47.772742] [openram.globals/setup_paths]: Setting up paths...
[2026-08-10 15:40:47.772888] [openram.globals/setup_paths]: OpenRAM source code found in /scratch/prashanth/openram/OpenRAM/compiler
[2026-08-10 15:40:47.773057] [openram.globals/setup_paths]: Temporary files saved in /scratch/prashanth/openram/OpenRAM/runs/analytical_physical_remaining_20260810_154047/sram_28x512_analytical_physical/temp/
[2026-08-10 15:40:47.773316] [openram.globals/read_config]: Configuration file is /scratch/prashanth/openram/OpenRAM/configs/sram_512_28_1r1w_l0_typical_analytical_physical.py
[2026-08-10 15:40:47.774142] [openram.globals/read_config]: Output saved in /scratch/prashanth/openram/OpenRAM/./output_sram/sram_28x512_1r1w_l0_typical_analytical_physical/
[2026-08-10 15:40:47.774459] [openram.globals/import_tech]: Importing technology: sky130
[2026-08-10 15:40:47.774707] [openram.globals/import_tech]: Tech directory found in /scratch/prashanth/openram/OpenRAM/technology:/scratch/prashanth/openram/OpenRAM/technology
[2026-08-10 15:40:47.774977] [openram.globals/import_tech]: Adding technology path: /scratch/prashanth/openram/OpenRAM/technology
[2026-08-10 15:40:47.775205] [openram.globals/import_tech]: Adding technology path: /scratch/prashanth/openram/OpenRAM/technology
[2026-08-10 15:40:47.778172] [openram.globals/purge_temp]: Purging temp directory: /scratch/prashanth/openram/OpenRAM/runs/analytical_physical_remaining_20260810_154047/sram_28x512_analytical_physical/temp/
[2026-08-10 15:40:47.857912] [openram.globals/setup_bitcell]: Using bitcell: bitcell_2port
[2026-08-10 15:40:48.929147] [openram.characterizer/<module>]: Initializing characterizer...
[2026-08-10 15:40:48.940080] [openram.characterizer/<module>]: Analytical model enabled.
[2026-08-10 15:40:48.952356] [openram.verify/<module>]: Initializing verify...
[2026-08-10 15:40:48.963371] [openram.verify/<module>]: LVS/DRC/PEX disabled.
[2026-08-10 15:40:48.963964] [openram.globals/setup_bitcell]: Using bitcell: bitcell_2port
[2026-08-10 15:40:48.964040] |==============================================================================|
[2026-08-10 15:40:48.964088] |=========                      OpenRAM v1.2.49                       =========|
[2026-08-10 15:40:48.964128] |=========                                                            =========|
[2026-08-10 15:40:48.964164] |=========               VLSI Design and Automation Lab               =========|
[2026-08-10 15:40:48.964199] |=========        Computer Science and Engineering Department         =========|
[2026-08-10 15:40:48.964234] |=========            University of California Santa Cruz             =========|
[2026-08-10 15:40:48.964268] |=========                                                            =========|
[2026-08-10 15:40:48.964301] |=========          Usage help: openram-user-group@ucsc.edu           =========|
[2026-08-10 15:40:48.964335] |=========        Development help: openram-dev-group@ucsc.edu        =========|
[2026-08-10 15:40:48.964369] |=========                See LICENSE for license info                =========|
[2026-08-10 15:40:48.964402] |==============================================================================|
[2026-08-10 15:40:48.964447] ** Start: 08/10/2026 15:40:48
[2026-08-10 15:40:48.964488] Technology: sky130
[2026-08-10 15:40:48.964526] Total size: 14336 bits
[2026-08-10 15:40:48.964567] Word size: 28
Words: 512
Banks: 1
[2026-08-10 15:40:48.964604] RW ports: 0
R-only ports: 1
W-only ports: 1
[2026-08-10 15:40:48.964639] DRC/LVS/PEX is only run on the top-level design to save run-time (inline_lvsdrc=True to do inline checking).
[2026-08-10 15:40:48.964673] DRC/LVS/PEX is disabled (check_lvsdrc=True to enable).
[2026-08-10 15:40:48.964706] Characterization is disabled (using analytical delay models) (analytical_delay=False to simulate).
[2026-08-10 15:40:48.964741] Words per row: 1
[2026-08-10 15:40:48.964786] Output files are: 
[2026-08-10 15:40:48.964822] /scratch/prashanth/openram/OpenRAM/./output_sram/sram_28x512_1r1w_l0_typical_analytical_physical/sky130_sram_28x512.lvs
[2026-08-10 15:40:48.964868] /scratch/prashanth/openram/OpenRAM/./output_sram/sram_28x512_1r1w_l0_typical_analytical_physical/sky130_sram_28x512.sp
[2026-08-10 15:40:48.964903] /scratch/prashanth/openram/OpenRAM/./output_sram/sram_28x512_1r1w_l0_typical_analytical_physical/sky130_sram_28x512.v
[2026-08-10 15:40:48.964936] /scratch/prashanth/openram/OpenRAM/./output_sram/sram_28x512_1r1w_l0_typical_analytical_physical/sky130_sram_28x512.lib
[2026-08-10 15:40:48.964971] /scratch/prashanth/openram/OpenRAM/./output_sram/sram_28x512_1r1w_l0_typical_analytical_physical/sky130_sram_28x512.py
[2026-08-10 15:40:48.965004] /scratch/prashanth/openram/OpenRAM/./output_sram/sram_28x512_1r1w_l0_typical_analytical_physical/sky130_sram_28x512.html
[2026-08-10 15:40:48.965036] /scratch/prashanth/openram/OpenRAM/./output_sram/sram_28x512_1r1w_l0_typical_analytical_physical/sky130_sram_28x512.log
[2026-08-10 15:40:48.965069] /scratch/prashanth/openram/OpenRAM/./output_sram/sram_28x512_1r1w_l0_typical_analytical_physical/sky130_sram_28x512.lef
[2026-08-10 15:40:48.965101] /scratch/prashanth/openram/OpenRAM/./output_sram/sram_28x512_1r1w_l0_typical_analytical_physical/sky130_sram_28x512.gds
[2026-08-10 15:40:49.024551] [openram.modules.bitcell_2port/__init__]: Create bitcell with 2 ports
[2026-08-10 15:40:49.024939] [openram.sram_config/recompute_sizes]: Recomputing with words per row: 1
[2026-08-10 15:40:49.025291] [openram.sram_config/recompute_sizes]: Rows: 512 Cols: 28
[2026-08-10 15:40:49.025676] [openram.sram_config/recompute_sizes]: Row addr size: 9 Col addr size: 0 Bank addr size: 9
[2026-08-10 15:40:49.025980] [openram.sram_config/compute_sizes]: Set SRAM Words Per Row=1
[2026-08-10 15:40:49.026257] [openram.sram/__init__]: create sram of size 28 with 512 num of words 1 banks
[2026-08-10 15:40:49.039098] [openram.modules.bank/__init__]: create sram of size 28 with 512 words
[2026-08-10 15:40:49.042029] [openram.modules.bitcell_base_array/__init__]: Creating sky130_sram_28x512_capped_replica_bitcell_array 512 x 28
[2026-08-10 15:40:49.042621] [openram.modules.capped_replica_bitcell_array/__init__]: Creating sky130_sram_28x512_capped_replica_bitcell_array 512 x 28 rbls: [1, 1] left_rbl: [0] right_rbl: [1]
[2026-08-10 15:40:49.043658] [openram.modules.bitcell_base_array/__init__]: Creating sky130_sram_28x512_replica_bitcell_array 512 x 28
[2026-08-10 15:40:49.044345] [openram.modules.replica_bitcell_array/__init__]: Creating sky130_sram_28x512_replica_bitcell_array 512 x 28 rbls: [1, 1] left_rbl: [0] right_rbl: [1]
[2026-08-10 15:40:49.045460] [openram.modules.bitcell_base_array/__init__]: Creating sky130_sram_28x512_bitcell_array 512 x 28
[2026-08-10 15:40:49.046268] [openram.modules.bitcell_array/__init__]: Creating sky130_sram_28x512_bitcell_array 512 x 28
[2026-08-10 15:42:13.843488] [openram.modules.bitcell_base_array/__init__]: Creating sky130_sram_28x512_replica_column 514 x 1
[2026-08-10 15:42:13.859465] [openram.modules.replica_bitcell_2port/__init__]: Create replica bitcell 2 port object
[2026-08-10 15:42:13.874652] [openram.modules.dummy_bitcell_2port/__init__]: Create dummy bitcell 2 port object
[2026-08-10 15:42:14.457389] [openram.modules.bitcell_base_array/__init__]: Creating sky130_sram_28x512_replica_column_0 514 x 1
[2026-08-10 15:42:15.036088] [openram.modules.bitcell_base_array/__init__]: Creating sky130_sram_28x512_dummy_array 1 x 28
[2026-08-10 15:42:17.830504] [openram.modules.bitcell_base_array/__init__]: Creating sky130_sram_28x512_col_cap_array 1 x 30
[2026-08-10 15:42:17.833485] [openram.modules.col_cap_bitcell_2port/__init__]: Create col_cap bitcell 2 port object
[2026-08-10 15:42:17.847318] [openram.modules.bitcell_base_array/__init__]: Creating sky130_sram_28x512_col_cap_array_0 1 x 30
[2026-08-10 15:42:17.862969] [openram.modules.bitcell_base_array/__init__]: Creating sky130_sram_28x512_row_cap_array 514 x 1
[2026-08-10 15:42:17.867706] [openram.modules.row_cap_bitcell_2port/__init__]: Create row_cap bitcell 2 port object
[2026-08-10 15:42:18.073952] [openram.modules.bitcell_base_array/__init__]: Creating sky130_sram_28x512_row_cap_array_0 514 x 1
[2026-08-10 15:42:19.035647] [openram.modules.port_address/__init__]: create data port of cols 28 rows 512
[2026-08-10 15:42:19.046056] [openram.modules.and2_dec/__init__]: Creating and2_dec and2_dec
[2026-08-10 15:42:19.049652] [openram.modules.pinv_dec/__init__]: creating pinv_dec structure pinv_dec with size of 1
[2026-08-10 15:42:19.050536] [openram.modules.pinv/__init__]: creating pinv structure pinv_dec with size of 1
[2026-08-10 15:42:19.056996] [openram.modules.and3_dec/__init__]: Creating and3_dec and3_dec
[2026-08-10 15:42:19.387806] [openram.modules.and4_dec/__init__]: Creating and4_dec and4_dec
[2026-08-10 15:42:20.621331] [openram.modules.wordline_driver_array/__init__]: Creating sky130_sram_28x512_wordline_driver_array
[2026-08-10 15:42:20.622055] [openram.modules.wordline_driver/__init__]: Creating wordline_driver wordline_driver
[2026-08-10 15:42:20.622969] [openram.modules.pinv_dec/__init__]: creating pinv_dec structure pinv_dec_0 with size of 7
[2026-08-10 15:42:20.623719] [openram.modules.pinv/__init__]: creating pinv structure pinv_dec_0 with size of 7
[2026-08-10 15:42:21.791200] [openram.modules.and2_dec/__init__]: Creating and2_dec and2_dec_0
[2026-08-10 15:42:21.991752] [openram.modules.port_address/__init__]: create data port of cols 28 rows 512
[2026-08-10 15:42:22.202779] [openram.modules.port_data/__init__]: create data port of size 28 with 1 words per row
[2026-08-10 15:42:22.203551] [openram.modules.precharge/__init__]: creating precharge cell precharge
[2026-08-10 15:42:22.208003] [openram.modules.precharge_array/__init__]: Creating sky130_sram_28x512_precharge_array
[2026-08-10 15:42:22.208752] [openram.modules.precharge/__init__]: creating precharge cell precharge_0
[2026-08-10 15:42:22.231754] [openram.modules.write_driver_array/__init__]: Creating sky130_sram_28x512_write_driver_array
[2026-08-10 15:42:22.238523] [openram.modules.write_driver/__init__]: Create write_driver
[2026-08-10 15:42:22.290146] [openram.modules.port_data/__init__]: create data port of size 28 with 1 words per row
[2026-08-10 15:42:22.291152] [openram.modules.precharge_array/__init__]: Creating sky130_sram_28x512_precharge_array_0
[2026-08-10 15:42:22.291876] [openram.modules.precharge/__init__]: creating precharge cell precharge_1
[2026-08-10 15:42:22.315885] [openram.modules.sense_amp_array/__init__]: Creating sky130_sram_28x512_sense_amp_array
[2026-08-10 15:42:22.322594] [openram.modules.sense_amp/__init__]: Create sense_amp
[2026-08-10 15:42:22.840438] [openram.modules.dff_array/__init__]: Creating sky130_sram_28x512_row_addr_dff rows=9 cols=1
[2026-08-10 15:42:22.852258] [openram.modules.dff_array/__init__]: Creating sky130_sram_28x512_data_dff rows=1 cols=28
[2026-08-10 15:42:22.867065] [openram.modules.control_logic_base/__init__]: Creating control_logic_w
[2026-08-10 15:42:22.867849] [openram.modules.dff_buf/__init__]: Creating sky130_sram_28x512_dff_buf
[2026-08-10 15:42:22.868417] [openram.modules.pinv/__init__]: creating pinv structure pinv with size of 2
[2026-08-10 15:42:22.870649] [openram.modules.pinv/determine_tx_mults]: Height avail 6.0800 PMOS 2.9350 NMOS 2.9350
[2026-08-10 15:42:22.871472] [openram.modules.pinv/determine_tx_mults]: prebinning pmos tx, target: 2.16, found 1.26 x 2 = 2.52
[2026-08-10 15:42:22.872228] [openram.modules.pinv/determine_tx_mults]: prebinning nmos tx, target: 0.72, found 0.74 x 1 = 0.74
[2026-08-10 15:42:22.873013] [openram.modules.pinv/determine_tx_mults]: pinv bin count: 2 pinv bin error: 0.19444444444444442 percent error 0.09722222222222221
[2026-08-10 15:42:22.877435] [openram.modules.pinv/__init__]: creating pinv structure pinv_0 with size of 4
[2026-08-10 15:42:22.878360] [openram.modules.pinv/determine_tx_mults]: Height avail 6.0800 PMOS 2.9350 NMOS 2.9350
[2026-08-10 15:42:22.879165] [openram.modules.pinv/determine_tx_mults]: prebinning pmos tx, target: 4.32, found 1.68 x 3 = 5.04
[2026-08-10 15:42:22.879927] [openram.modules.pinv/determine_tx_mults]: prebinning nmos tx, target: 1.44, found 1.68 x 1 = 1.68
[2026-08-10 15:42:22.880717] [openram.modules.pinv/determine_tx_mults]: pinv bin count: 4 pinv bin error: 0.5277777777777777 percent error 0.13194444444444442
[2026-08-10 15:42:22.887119] [openram.modules.dff_buf_array/__init__]: Creating sky130_sram_28x512_dff_buf_array
[2026-08-10 15:42:22.887857] [openram.modules.dff_buf/__init__]: Creating sky130_sram_28x512_dff_buf_0
[2026-08-10 15:42:22.891935] [openram.modules.pand2/__init__]: Creating pand2 pand2
[2026-08-10 15:42:22.892849] [openram.modules.pnand2/__init__]: creating pnand2 structure pnand2 with size of 1
[2026-08-10 15:42:22.902317] [openram.modules.pdriver/__init__]: creating pdriver pdriver
[2026-08-10 15:42:22.903320] [openram.modules.pinv/__init__]: creating pinv structure pinv_1 with size of 12
[2026-08-10 15:42:22.904328] [openram.modules.pinv/determine_tx_mults]: Height avail 6.0800 PMOS 2.9350 NMOS 2.9350
[2026-08-10 15:42:22.905270] [openram.modules.pinv/determine_tx_mults]: prebinning pmos tx, target: 12.959999999999999, found 2.0 x 7 = 14.0
[2026-08-10 15:42:22.906192] [openram.modules.pinv/determine_tx_mults]: prebinning nmos tx, target: 4.32, found 1.68 x 3 = 5.04
[2026-08-10 15:42:22.907156] [openram.modules.pinv/determine_tx_mults]: pinv bin count: 6 pinv bin error: 0.7746913580246914 percent error 0.12911522633744857
[2026-08-10 15:42:22.914422] [openram.modules.pbuf/__init__]: creating pbuf with size of 28
[2026-08-10 15:42:22.915244] [openram.modules.pinv/__init__]: creating pinv structure pinv_2 with size of 7
[2026-08-10 15:42:22.916130] [openram.modules.pinv/determine_tx_mults]: Height avail 6.0800 PMOS 2.9350 NMOS 2.9350
[2026-08-10 15:42:22.916957] [openram.modules.pinv/determine_tx_mults]: prebinning pmos tx, target: 7.56, found 2.0 x 4 = 8.0
[2026-08-10 15:42:22.917732] [openram.modules.pinv/determine_tx_mults]: prebinning nmos tx, target: 2.52, found 1.26 x 2 = 2.52
[2026-08-10 15:42:22.918542] [openram.modules.pinv/determine_tx_mults]: pinv bin count: 8 pinv bin error: 0.8328924162257496 percent error 0.1041115520282187
[2026-08-10 15:42:22.923298] [openram.modules.pinv/__init__]: creating pinv structure pinv_3 with size of 28
[2026-08-10 15:42:22.924260] [openram.modules.pinv/determine_tx_mults]: Height avail 6.0800 PMOS 2.9350 NMOS 2.9350
[2026-08-10 15:42:22.925110] [openram.modules.pinv/determine_tx_mults]: prebinning pmos tx, target: 30.24, found 2.0 x 16 = 32.0
[2026-08-10 15:42:22.925902] [openram.modules.pinv/determine_tx_mults]: prebinning nmos tx, target: 10.08, found 2.0 x 6 = 12.0
[2026-08-10 15:42:22.926718] [openram.modules.pinv/determine_tx_mults]: pinv bin count: 10 pinv bin error: 1.0815696649029984 percent error 0.10815696649029985
[2026-08-10 15:42:22.936255] [openram.modules.pdriver/__init__]: creating pdriver pdriver_0
[2026-08-10 15:42:22.937120] [openram.modules.pinv/__init__]: creating pinv structure pinv_4 with size of 1
[2026-08-10 15:42:22.938023] [openram.modules.pinv/determine_tx_mults]: Height avail 6.0800 PMOS 2.9350 NMOS 2.9350
[2026-08-10 15:42:22.938863] [openram.modules.pinv/determine_tx_mults]: prebinning pmos tx, target: 1.08, found 1.12 x 1 = 1.12
[2026-08-10 15:42:22.939674] [openram.modules.pinv/determine_tx_mults]: prebinning nmos tx, target: 0.36, found 0.36 x 1 = 0.36
[2026-08-10 15:42:22.940519] [openram.modules.pinv/determine_tx_mults]: pinv bin count: 12 pinv bin error: 1.1186067019400354 percent error 0.09321722516166962
[2026-08-10 15:42:22.942722] [openram.modules.pinv/__init__]: creating pinv structure pinv_5 with size of 2
[2026-08-10 15:42:22.943689] [openram.modules.pinv/determine_tx_mults]: Height avail 6.0800 PMOS 2.9350 NMOS 2.9350
[2026-08-10 15:42:22.944545] [openram.modules.pinv/determine_tx_mults]: prebinning pmos tx, target: 2.16, found 1.26 x 2 = 2.52
[2026-08-10 15:42:22.945351] [openram.modules.pinv/determine_tx_mults]: prebinning nmos tx, target: 0.72, found 0.74 x 1 = 0.74
[2026-08-10 15:42:22.946207] [openram.modules.pinv/determine_tx_mults]: pinv bin count: 14 pinv bin error: 1.3130511463844798 percent error 0.09378936759889142
[2026-08-10 15:42:22.948536] [openram.modules.pinv/__init__]: creating pinv structure pinv_6 with size of 7
[2026-08-10 15:42:22.949612] [openram.modules.pinv/determine_tx_mults]: Height avail 6.0800 PMOS 2.9350 NMOS 2.9350
[2026-08-10 15:42:22.950488] [openram.modules.pinv/determine_tx_mults]: prebinning pmos tx, target: 7.56, found 2.0 x 4 = 8.0
[2026-08-10 15:42:22.951283] [openram.modules.pinv/determine_tx_mults]: prebinning nmos tx, target: 2.52, found 1.26 x 2 = 2.52
[2026-08-10 15:42:22.952119] [openram.modules.pinv/determine_tx_mults]: pinv bin count: 16 pinv bin error: 1.371252204585538 percent error 0.08570326278659612
[2026-08-10 15:42:22.954600] [openram.modules.pinv/__init__]: creating pinv structure pinv_7 with size of 22
[2026-08-10 15:42:22.955595] [openram.modules.pinv/determine_tx_mults]: Height avail 6.0800 PMOS 2.9350 NMOS 2.9350
[2026-08-10 15:42:22.956457] [openram.modules.pinv/determine_tx_mults]: prebinning pmos tx, target: 23.759999999999998, found 2.0 x 12 = 24.0
[2026-08-10 15:42:22.957263] [openram.modules.pinv/determine_tx_mults]: prebinning nmos tx, target: 7.92, found 2.0 x 4 = 8.0
[2026-08-10 15:42:22.958110] [openram.modules.pinv/determine_tx_mults]: pinv bin count: 18 pinv bin error: 1.3914542247875583 percent error 0.07730301248819768
[2026-08-10 15:42:22.965679] [openram.modules.pinv/__init__]: creating pinv structure pinv_8 with size of 65
[2026-08-10 15:42:22.966756] [openram.modules.pinv/determine_tx_mults]: Height avail 6.0800 PMOS 2.9350 NMOS 2.9350
[2026-08-10 15:42:22.967670] [openram.modules.pinv/determine_tx_mults]: prebinning pmos tx, target: 70.2, found 2.0 x 36 = 72.0
[2026-08-10 15:42:22.968498] [openram.modules.pinv/determine_tx_mults]: prebinning nmos tx, target: 23.4, found 2.0 x 12 = 24.0
[2026-08-10 15:42:22.969320] [openram.modules.pinv/determine_tx_mults]: pinv bin count: 20 pinv bin error: 1.4427362760696096 percent error 0.07213681380348048
[2026-08-10 15:42:22.987267] [openram.modules.pdriver/__init__]: creating pdriver pdriver_1
[2026-08-10 15:42:22.988149] [openram.modules.pinv/__init__]: creating pinv structure pinv_9 with size of 56
[2026-08-10 15:42:22.989064] [openram.modules.pinv/determine_tx_mults]: Height avail 6.0800 PMOS 2.9350 NMOS 2.9350
[2026-08-10 15:42:22.989922] [openram.modules.pinv/determine_tx_mults]: prebinning pmos tx, target: 60.48, found 2.0 x 31 = 62.0
[2026-08-10 15:42:22.990732] [openram.modules.pinv/determine_tx_mults]: prebinning nmos tx, target: 20.16, found 2.0 x 11 = 22.0
[2026-08-10 15:42:22.991569] [openram.modules.pinv/determine_tx_mults]: pinv bin count: 22 pinv bin error: 1.559138392471726 percent error 0.070869926930533
[2026-08-10 15:42:23.006669] [openram.modules.pinv/__init__]: creating pinv structure pinv_10 with size of 170
[2026-08-10 15:42:23.007693] [openram.modules.pinv/determine_tx_mults]: Height avail 6.0800 PMOS 2.9350 NMOS 2.9350
[2026-08-10 15:42:23.008547] [openram.modules.pinv/determine_tx_mults]: prebinning pmos tx, target: 183.6, found 2.0 x 92 = 184.0
[2026-08-10 15:42:23.009340] [openram.modules.pinv/determine_tx_mults]: prebinning nmos tx, target: 61.199999999999996, found 2.0 x 31 = 62.0
[2026-08-10 15:42:23.010174] [openram.modules.pinv/determine_tx_mults]: pinv bin count: 24 pinv bin error: 1.5743889371340356 percent error 0.06559953904725148
[2026-08-10 15:42:23.044761] [openram.modules.pand3/__init__]: Creating pand3 pand3
[2026-08-10 15:42:23.045721] [openram.modules.pnand3/__init__]: creating pnand3 structure pnand3 with size of 1
[2026-08-10 15:42:23.049573] [openram.modules.pdriver/__init__]: creating pdriver pdriver_2
[2026-08-10 15:42:23.051309] [openram.modules.pinv/__init__]: creating pinv structure pinv_11 with size of 36
[2026-08-10 15:42:23.052380] [openram.modules.pinv/determine_tx_mults]: Height avail 6.0800 PMOS 2.9350 NMOS 2.9350
[2026-08-10 15:42:23.053351] [openram.modules.pinv/determine_tx_mults]: prebinning pmos tx, target: 38.879999999999995, found 2.0 x 20 = 40.0
[2026-08-10 15:42:23.054292] [openram.modules.pinv/determine_tx_mults]: prebinning nmos tx, target: 12.959999999999999, found 2.0 x 7 = 14.0
[2026-08-10 15:42:23.055281] [openram.modules.pinv/determine_tx_mults]: pinv bin count: 26 pinv bin error: 1.6834424350764228 percent error 0.0647477859644778
[2026-08-10 15:42:23.067086] [openram.modules.pand3/__init__]: Creating pand3 pand3_0
[2026-08-10 15:42:23.067947] [openram.modules.pdriver/__init__]: creating pdriver pdriver_3
[2026-08-10 15:42:23.068843] [openram.modules.pinv/__init__]: creating pinv structure pinv_12 with size of 28
[2026-08-10 15:42:23.069920] [openram.modules.pinv/determine_tx_mults]: Height avail 6.0800 PMOS 2.9350 NMOS 2.9350
[2026-08-10 15:42:23.070929] [openram.modules.pinv/determine_tx_mults]: prebinning pmos tx, target: 30.24, found 2.0 x 16 = 32.0
[2026-08-10 15:42:23.071886] [openram.modules.pinv/determine_tx_mults]: prebinning nmos tx, target: 10.08, found 2.0 x 6 = 12.0
[2026-08-10 15:42:23.072875] [openram.modules.pinv/determine_tx_mults]: pinv bin count: 28 pinv bin error: 1.9321196837536714 percent error 0.06900427441977398
[2026-08-10 15:42:23.077514] [openram.modules.pinv/__init__]: creating pinv structure pinv_13 with size of 1
[2026-08-10 15:42:23.078416] [openram.modules.pinv/determine_tx_mults]: Height avail 6.0800 PMOS 2.9350 NMOS 2.9350
[2026-08-10 15:42:23.079158] [openram.modules.pinv/determine_tx_mults]: prebinning pmos tx, target: 1.08, found 1.12 x 1 = 1.12
[2026-08-10 15:42:23.079850] [openram.modules.pinv/determine_tx_mults]: prebinning nmos tx, target: 0.36, found 0.36 x 1 = 0.36
[2026-08-10 15:42:23.080562] [openram.modules.pinv/determine_tx_mults]: pinv bin count: 30 pinv bin error: 1.9691567207907084 percent error 0.06563855735969028
[2026-08-10 15:42:23.082622] [openram.modules.pdriver/__init__]: creating pdriver pdriver_4
[2026-08-10 15:42:23.083489] [openram.modules.pinv/__init__]: creating pinv structure pinv_14 with size of 3
[2026-08-10 15:42:23.084433] [openram.modules.pinv/determine_tx_mults]: Height avail 6.0800 PMOS 2.9350 NMOS 2.9350
[2026-08-10 15:42:23.085322] [openram.modules.pinv/determine_tx_mults]: prebinning pmos tx, target: 3.2399999999999998, found 2.0 x 2 = 4.0
[2026-08-10 15:42:23.086169] [openram.modules.pinv/determine_tx_mults]: prebinning nmos tx, target: 1.08, found 1.26 x 1 = 1.26
[2026-08-10 15:42:23.087035] [openram.modules.pinv/determine_tx_mults]: pinv bin count: 32 pinv bin error: 2.370391288691943 percent error 0.07407472777162322
[2026-08-10 15:42:23.090956] [openram.modules.pinv/__init__]: creating pinv structure pinv_15 with size of 9
[2026-08-10 15:42:23.091946] [openram.modules.pinv/determine_tx_mults]: Height avail 6.0800 PMOS 2.9350 NMOS 2.9350
[2026-08-10 15:42:23.092858] [openram.modules.pinv/determine_tx_mults]: prebinning pmos tx, target: 9.719999999999999, found 2.0 x 5 = 10.0
[2026-08-10 15:42:23.093730] [openram.modules.pinv/determine_tx_mults]: prebinning nmos tx, target: 3.2399999999999998, found 2.0 x 2 = 4.0
[2026-08-10 15:42:23.094612] [openram.modules.pinv/determine_tx_mults]: pinv bin count: 34 pinv bin error: 2.633765774288651 percent error 0.07746369924378385
[2026-08-10 15:42:23.101230] [openram.modules.pnand2/__init__]: creating pnand2 structure pnand2_0 with size of 1
[2026-08-10 15:42:23.104551] [openram.modules.delay_chain/__init__]: creating delay chain [4, 4, 4, 4, 4, 4, 4, 4, 4]
[2026-08-10 15:42:23.105191] [openram.modules.pinv/__init__]: creating pinv structure pinv_16 with size of 1
[2026-08-10 15:42:23.106098] [openram.modules.pinv/determine_tx_mults]: Height avail 6.0800 PMOS 2.9350 NMOS 2.9350
[2026-08-10 15:42:23.106912] [openram.modules.pinv/determine_tx_mults]: prebinning pmos tx, target: 1.08, found 1.12 x 1 = 1.12
[2026-08-10 15:42:23.107686] [openram.modules.pinv/determine_tx_mults]: prebinning nmos tx, target: 0.36, found 0.36 x 1 = 0.36
[2026-08-10 15:42:23.108496] [openram.modules.pinv/determine_tx_mults]: pinv bin count: 36 pinv bin error: 2.670802811325688 percent error 0.07418896698126912
[2026-08-10 15:42:23.153085] [openram.modules.control_logic_base/__init__]: Creating control_logic_r
[2026-08-10 15:42:23.170009] ** Submodules: 94.1 seconds
[2026-08-10 15:42:23.199239] ** Placement: 0.0 seconds
[2026-08-10 15:46:18.841826] [openram.base.hierarchy_layout/get_bbox]: Size: 420.46000000000004 x 1131.3400000000001 with perimeter margin 0
[2026-08-10 15:46:18.983917] [openram.router.router_tech/__init__]: Minimum track width: 0.680
[2026-08-10 15:46:18.984418] [openram.router.router_tech/__init__]: Minimum track space: 0.300
[2026-08-10 15:46:18.984868] [openram.router.router_tech/__init__]: Minimum track wire width: 0.380
[2026-08-10 15:46:18.985334] [openram.router.router_tech/__init__]: Track factor: v[1.4705882352941178,1.4705882352941178]
[2026-08-10 15:46:18.985725] [openram.router.signal_escape_router/route]: Running signal escape router...
[2026-08-10 16:14:12.821849] [openram.router.signal_escape_router/route]: Routed 1 of 78 signal pins
[2026-08-10 16:14:13.016459] [openram.router.signal_escape_router/route]: Routed 2 of 78 signal pins
[2026-08-10 16:14:13.580836] [openram.router.signal_escape_router/route]: Routed 3 of 78 signal pins
[2026-08-10 16:14:13.788965] [openram.router.signal_escape_router/route]: Routed 4 of 78 signal pins
[2026-08-10 16:14:14.113670] [openram.router.signal_escape_router/route]: Routed 5 of 78 signal pins
[2026-08-10 16:14:14.923324] [openram.router.signal_escape_router/route]: Routed 6 of 78 signal pins
[2026-08-10 16:14:16.499269] [openram.router.signal_escape_router/route]: Routed 7 of 78 signal pins
[2026-08-10 16:14:17.676098] [openram.router.signal_escape_router/route]: Routed 8 of 78 signal pins
[2026-08-10 16:14:18.885022] [openram.router.signal_escape_router/route]: Routed 9 of 78 signal pins
[2026-08-10 16:14:20.166654] [openram.router.signal_escape_router/route]: Routed 10 of 78 signal pins
[2026-08-10 16:14:21.562599] [openram.router.signal_escape_router/route]: Routed 11 of 78 signal pins
[2026-08-10 16:14:22.917292] [openram.router.signal_escape_router/route]: Routed 12 of 78 signal pins
[2026-08-10 16:14:24.302664] [openram.router.signal_escape_router/route]: Routed 13 of 78 signal pins
[2026-08-10 16:14:25.723103] [openram.router.signal_escape_router/route]: Routed 14 of 78 signal pins
[2026-08-10 16:14:27.157468] [openram.router.signal_escape_router/route]: Routed 15 of 78 signal pins
[2026-08-10 16:14:28.599894] [openram.router.signal_escape_router/route]: Routed 16 of 78 signal pins
[2026-08-10 16:14:30.073267] [openram.router.signal_escape_router/route]: Routed 17 of 78 signal pins
[2026-08-10 16:14:31.589713] [openram.router.signal_escape_router/route]: Routed 18 of 78 signal pins
[2026-08-10 16:14:32.741899] [openram.router.signal_escape_router/route]: Routed 19 of 78 signal pins
[2026-08-10 16:14:33.963407] [openram.router.signal_escape_router/route]: Routed 20 of 78 signal pins
[2026-08-10 16:14:35.244814] [openram.router.signal_escape_router/route]: Routed 21 of 78 signal pins
[2026-08-10 16:14:36.556094] [openram.router.signal_escape_router/route]: Routed 22 of 78 signal pins
[2026-08-10 16:14:37.914893] [openram.router.signal_escape_router/route]: Routed 23 of 78 signal pins
[2026-08-10 16:14:39.293949] [openram.router.signal_escape_router/route]: Routed 24 of 78 signal pins
[2026-08-10 16:14:40.437272] [openram.router.signal_escape_router/route]: Routed 25 of 78 signal pins
[2026-08-10 16:14:41.672441] [openram.router.signal_escape_router/route]: Routed 26 of 78 signal pins
[2026-08-10 16:14:42.969156] [openram.router.signal_escape_router/route]: Routed 27 of 78 signal pins
[2026-08-10 16:14:44.124212] [openram.router.signal_escape_router/route]: Routed 28 of 78 signal pins
[2026-08-10 16:14:45.345348] [openram.router.signal_escape_router/route]: Routed 29 of 78 signal pins
[2026-08-10 16:14:46.513661] [openram.router.signal_escape_router/route]: Routed 30 of 78 signal pins
[2026-08-10 16:14:47.696125] [openram.router.signal_escape_router/route]: Routed 31 of 78 signal pins
[2026-08-10 16:14:48.854200] [openram.router.signal_escape_router/route]: Routed 32 of 78 signal pins
[2026-08-10 16:14:50.103898] [openram.router.signal_escape_router/route]: Routed 33 of 78 signal pins
[2026-08-10 16:14:50.635758] [openram.router.signal_escape_router/route]: Routed 34 of 78 signal pins
[2026-08-10 16:14:51.003739] [openram.router.signal_escape_router/route]: Routed 35 of 78 signal pins
[2026-08-10 16:14:51.397163] [openram.router.signal_escape_router/route]: Routed 36 of 78 signal pins
[2026-08-10 16:14:51.594665] [openram.router.signal_escape_router/route]: Routed 37 of 78 signal pins
[2026-08-10 16:14:51.811316] [openram.router.signal_escape_router/route]: Routed 38 of 78 signal pins
[2026-08-10 16:14:52.022893] [openram.router.signal_escape_router/route]: Routed 39 of 78 signal pins
[2026-08-10 16:14:52.238861] [openram.router.signal_escape_router/route]: Routed 40 of 78 signal pins
[2026-08-10 16:14:52.460748] [openram.router.signal_escape_router/route]: Routed 41 of 78 signal pins
[2026-08-10 16:14:52.667440] [openram.router.signal_escape_router/route]: Routed 42 of 78 signal pins
[2026-08-10 16:14:52.889117] [openram.router.signal_escape_router/route]: Routed 43 of 78 signal pins
[2026-08-10 16:14:53.096340] [openram.router.signal_escape_router/route]: Routed 44 of 78 signal pins
[2026-08-10 16:14:53.308782] [openram.router.signal_escape_router/route]: Routed 45 of 78 signal pins
[2026-08-10 16:14:53.527354] [openram.router.signal_escape_router/route]: Routed 46 of 78 signal pins
[2026-08-10 16:14:53.732527] [openram.router.signal_escape_router/route]: Routed 47 of 78 signal pins
[2026-08-10 16:14:53.956368] [openram.router.signal_escape_router/route]: Routed 48 of 78 signal pins
[2026-08-10 16:14:54.180299] [openram.router.signal_escape_router/route]: Routed 49 of 78 signal pins
[2026-08-10 16:14:54.389031] [openram.router.signal_escape_router/route]: Routed 50 of 78 signal pins
[2026-08-10 16:14:54.613131] [openram.router.signal_escape_router/route]: Routed 51 of 78 signal pins
[2026-08-10 16:14:54.822974] [openram.router.signal_escape_router/route]: Routed 52 of 78 signal pins
[2026-08-10 16:14:55.038116] [openram.router.signal_escape_router/route]: Routed 53 of 78 signal pins
[2026-08-10 16:14:55.257407] [openram.router.signal_escape_router/route]: Routed 54 of 78 signal pins
[2026-08-10 16:14:55.472523] [openram.router.signal_escape_router/route]: Routed 55 of 78 signal pins
[2026-08-10 16:14:55.694012] [openram.router.signal_escape_router/route]: Routed 56 of 78 signal pins
[2026-08-10 16:14:55.921762] [openram.router.signal_escape_router/route]: Routed 57 of 78 signal pins
[2026-08-10 16:14:56.132059] [openram.router.signal_escape_router/route]: Routed 58 of 78 signal pins
[2026-08-10 16:14:56.357980] [openram.router.signal_escape_router/route]: Routed 59 of 78 signal pins
[2026-08-10 16:14:56.570716] [openram.router.signal_escape_router/route]: Routed 60 of 78 signal pins
[2026-08-10 16:14:56.787767] [openram.router.signal_escape_router/route]: Routed 61 of 78 signal pins
[2026-08-10 16:14:57.010633] [openram.router.signal_escape_router/route]: Routed 62 of 78 signal pins
[2026-08-10 16:14:57.229220] [openram.router.signal_escape_router/route]: Routed 63 of 78 signal pins
[2026-08-10 16:14:57.444804] [openram.router.signal_escape_router/route]: Routed 64 of 78 signal pins
[2026-08-10 16:14:57.885759] [openram.router.signal_escape_router/route]: Routed 65 of 78 signal pins
[2026-08-10 16:14:58.352771] [openram.router.signal_escape_router/route]: Routed 66 of 78 signal pins
[2026-08-10 16:14:58.867785] [openram.router.signal_escape_router/route]: Routed 67 of 78 signal pins
[2026-08-10 16:14:59.409857] [openram.router.signal_escape_router/route]: Routed 68 of 78 signal pins
[2026-08-10 16:15:00.163159] [openram.router.signal_escape_router/route]: Routed 69 of 78 signal pins
[2026-08-10 16:15:00.605002] [openram.router.signal_escape_router/route]: Routed 70 of 78 signal pins
[2026-08-10 16:15:00.903898] [openram.router.signal_escape_router/route]: Routed 71 of 78 signal pins
[2026-08-10 16:15:01.191807] [openram.router.signal_escape_router/route]: Routed 72 of 78 signal pins
[2026-08-10 16:15:01.480898] [openram.router.signal_escape_router/route]: Routed 73 of 78 signal pins
[2026-08-10 16:15:01.782990] [openram.router.signal_escape_router/route]: Routed 74 of 78 signal pins
[2026-08-10 16:15:02.083421] [openram.router.signal_escape_router/route]: Routed 75 of 78 signal pins
[2026-08-10 16:15:02.384228] [openram.router.signal_escape_router/route]: Routed 76 of 78 signal pins
[2026-08-10 16:15:02.686394] [openram.router.signal_escape_router/route]: Routed 77 of 78 signal pins
[2026-08-10 16:15:02.979452] [openram.router.signal_escape_router/route]: Routed 78 of 78 signal pins
[2026-08-10 16:15:03.210456] [openram.router.router_tech/__init__]: Minimum track width: 0.680
[2026-08-10 16:15:03.210913] [openram.router.router_tech/__init__]: Minimum track space: 0.300
[2026-08-10 16:15:03.211316] [openram.router.router_tech/__init__]: Minimum track wire width: 0.380
[2026-08-10 16:15:03.211721] [openram.router.router_tech/__init__]: Track factor: v[1.4705882352941178,1.4705882352941178]
[2026-08-10 16:15:03.212047] [openram.router.supply_router/route]: Running router for vdd and gnd...
[2026-08-10 16:50:00.203364] [openram.router.supply_router/route]: Routed 1 of 554 supply pins
[2026-08-10 16:50:00.776652] [openram.router.supply_router/route]: Routed 2 of 554 supply pins
[2026-08-10 16:50:00.979620] [openram.router.supply_router/route]: Routed 3 of 554 supply pins
[2026-08-10 16:50:01.196093] [openram.router.supply_router/route]: Routed 4 of 554 supply pins
[2026-08-10 16:50:01.758546] [openram.router.supply_router/route]: Routed 5 of 554 supply pins
[2026-08-10 16:50:02.437029] [openram.router.supply_router/route]: Routed 6 of 554 supply pins
[2026-08-10 16:50:02.621121] [openram.router.supply_router/route]: Routed 7 of 554 supply pins
[2026-08-10 16:50:02.840428] [openram.router.supply_router/route]: Routed 8 of 554 supply pins
[2026-08-10 16:50:03.055939] [openram.router.supply_router/route]: Routed 9 of 554 supply pins
[2026-08-10 16:50:03.624925] [openram.router.supply_router/route]: Routed 10 of 554 supply pins
[2026-08-10 16:50:04.306215] [openram.router.supply_router/route]: Routed 11 of 554 supply pins
[2026-08-10 16:50:04.489391] [openram.router.supply_router/route]: Routed 12 of 554 supply pins
[2026-08-10 16:50:04.715261] [openram.router.supply_router/route]: Routed 13 of 554 supply pins
[2026-08-10 16:50:04.933933] [openram.router.supply_router/route]: Routed 14 of 554 supply pins
[2026-08-10 16:50:05.509888] [openram.router.supply_router/route]: Routed 15 of 554 supply pins
[2026-08-10 16:50:05.676858] [openram.router.supply_router/route]: Routed 16 of 554 supply pins
[2026-08-10 16:50:05.895977] [openram.router.supply_router/route]: Routed 17 of 554 supply pins
[2026-08-10 16:50:06.458659] [openram.router.supply_router/route]: Routed 18 of 554 supply pins
[2026-08-10 16:50:07.151679] [openram.router.supply_router/route]: Routed 19 of 554 supply pins
[2026-08-10 16:50:07.337527] [openram.router.supply_router/route]: Routed 20 of 554 supply pins
[2026-08-10 16:50:07.544303] [openram.router.supply_router/route]: Routed 21 of 554 supply pins
[2026-08-10 16:50:07.767404] [openram.router.supply_router/route]: Routed 22 of 554 supply pins
[2026-08-10 16:50:08.339334] [openram.router.supply_router/route]: Routed 23 of 554 supply pins
[2026-08-10 16:50:10.241739] [openram.router.supply_router/route]: Routed 24 of 554 supply pins
[2026-08-10 16:50:11.352828] [openram.router.supply_router/route]: Routed 25 of 554 supply pins
[2026-08-10 16:50:49.738370] [openram.router.supply_router/route]: Routed 26 of 554 supply pins
[2026-08-10 16:53:02.319245] [openram.router.supply_router/route]: Routed 27 of 554 supply pins
[2026-08-10 16:56:23.699886] [openram.router.supply_router/route]: Routed 28 of 554 supply pins
[2026-08-10 16:57:42.608598] [openram.router.supply_router/route]: Routed 29 of 554 supply pins
[2026-08-10 16:58:03.844591] [openram.router.supply_router/route]: Routed 30 of 554 supply pins
[2026-08-10 16:58:42.615301] [openram.router.supply_router/route]: Routed 31 of 554 supply pins
[2026-08-10 16:59:38.323162] [openram.router.supply_router/route]: Routed 32 of 554 supply pins
[2026-08-10 17:00:25.847196] [openram.router.supply_router/route]: Routed 33 of 554 supply pins
[2026-08-10 17:01:12.803570] [openram.router.supply_router/route]: Routed 34 of 554 supply pins
[2026-08-10 17:01:49.742613] [openram.router.supply_router/route]: Routed 35 of 554 supply pins
[2026-08-10 17:02:25.255471] [openram.router.supply_router/route]: Routed 36 of 554 supply pins
[2026-08-10 17:03:31.542572] [openram.router.supply_router/route]: Routed 37 of 554 supply pins
[2026-08-10 17:04:01.187335] [openram.router.supply_router/route]: Routed 38 of 554 supply pins
[2026-08-10 17:04:25.671187] [openram.router.supply_router/route]: Routed 39 of 554 supply pins
[2026-08-10 17:04:26.052373] [openram.router.supply_router/route]: Routed 40 of 554 supply pins
[2026-08-10 17:04:28.098498] [openram.router.supply_router/route]: Routed 41 of 554 supply pins
[2026-08-10 17:05:02.255787] [openram.router.supply_router/route]: Routed 42 of 554 supply pins
[2026-08-10 17:05:50.736363] [openram.router.supply_router/route]: Routed 43 of 554 supply pins
[2026-08-10 17:06:23.836415] [openram.router.supply_router/route]: Routed 44 of 554 supply pins
[2026-08-10 17:07:12.576462] [openram.router.supply_router/route]: Routed 45 of 554 supply pins
[2026-08-10 17:10:25.381930] [openram.router.supply_router/route]: Routed 46 of 554 supply pins
[2026-08-10 17:12:38.597709] [openram.router.supply_router/route]: Routed 47 of 554 supply pins
[2026-08-10 17:12:39.419876] [openram.router.supply_router/route]: Routed 48 of 554 supply pins
[2026-08-10 17:12:39.699170] [openram.router.supply_router/route]: Routed 49 of 554 supply pins
[2026-08-10 17:13:57.451663] [openram.router.supply_router/route]: Routed 50 of 554 supply pins
[2026-08-10 17:13:58.140715] [openram.router.supply_router/route]: Routed 51 of 554 supply pins
[2026-08-10 17:13:58.386910] [openram.router.supply_router/route]: Routed 52 of 554 supply pins
[2026-08-10 17:13:58.543614] [openram.router.supply_router/route]: Routed 53 of 554 supply pins
[2026-08-10 17:13:58.750155] [openram.router.supply_router/route]: Routed 54 of 554 supply pins
[2026-08-10 17:13:59.285761] [openram.router.supply_router/route]: Routed 55 of 554 supply pins
[2026-08-10 17:13:59.941653] [openram.router.supply_router/route]: Routed 56 of 554 supply pins
[2026-08-10 17:14:00.116671] [openram.router.supply_router/route]: Routed 57 of 554 supply pins
[2026-08-10 17:14:00.285541] [openram.router.supply_router/route]: Routed 58 of 554 supply pins
[2026-08-10 17:14:00.493761] [openram.router.supply_router/route]: Routed 59 of 554 supply pins
[2026-08-10 17:14:01.031281] [openram.router.supply_router/route]: Routed 60 of 554 supply pins
[2026-08-10 17:14:01.692751] [openram.router.supply_router/route]: Routed 61 of 554 supply pins
[2026-08-10 17:14:01.868848] [openram.router.supply_router/route]: Routed 62 of 554 supply pins
[2026-08-10 17:14:02.065707] [openram.router.supply_router/route]: Routed 63 of 554 supply pins
[2026-08-10 17:14:02.271818] [openram.router.supply_router/route]: Routed 64 of 554 supply pins
[2026-08-10 17:14:02.807932] [openram.router.supply_router/route]: Routed 65 of 554 supply pins
[2026-08-10 17:14:02.963307] [openram.router.supply_router/route]: Routed 66 of 554 supply pins
[2026-08-10 17:14:03.167506] [openram.router.supply_router/route]: Routed 67 of 554 supply pins
[2026-08-10 17:14:03.698319] [openram.router.supply_router/route]: Routed 68 of 554 supply pins
[2026-08-10 17:14:04.350458] [openram.router.supply_router/route]: Routed 69 of 554 supply pins
[2026-08-10 17:14:04.523130] [openram.router.supply_router/route]: Routed 70 of 554 supply pins
[2026-08-10 17:14:04.719203] [openram.router.supply_router/route]: Routed 71 of 554 supply pins
[2026-08-10 17:14:04.930209] [openram.router.supply_router/route]: Routed 72 of 554 supply pins
[2026-08-10 17:14:05.462061] [openram.router.supply_router/route]: Routed 73 of 554 supply pins
[2026-08-10 17:14:07.353084] [openram.router.supply_router/route]: Routed 74 of 554 supply pins
[2026-08-10 17:14:08.276408] [openram.router.supply_router/route]: Routed 75 of 554 supply pins
[2026-08-10 17:14:09.699279] [openram.router.supply_router/route]: Routed 76 of 554 supply pins
[2026-08-10 17:14:12.254513] [openram.router.supply_router/route]: Routed 77 of 554 supply pins
[2026-08-10 17:14:12.816049] [openram.router.supply_router/route]: Routed 78 of 554 supply pins
[2026-08-10 17:14:13.059259] [openram.router.supply_router/route]: Routed 79 of 554 supply pins
[2026-08-10 17:14:13.554140] [openram.router.supply_router/route]: Routed 80 of 554 supply pins
[2026-08-10 17:14:13.799303] [openram.router.supply_router/route]: Routed 81 of 554 supply pins
[2026-08-10 17:14:14.041210] [openram.router.supply_router/route]: Routed 82 of 554 supply pins
[2026-08-10 17:14:14.286318] [openram.router.supply_router/route]: Routed 83 of 554 supply pins
[2026-08-10 17:14:14.532621] [openram.router.supply_router/route]: Routed 84 of 554 supply pins
[2026-08-10 17:14:14.780001] [openram.router.supply_router/route]: Routed 85 of 554 supply pins
[2026-08-10 17:14:15.030494] [openram.router.supply_router/route]: Routed 86 of 554 supply pins
[2026-08-10 17:14:15.279349] [openram.router.supply_router/route]: Routed 87 of 554 supply pins
[2026-08-10 17:14:15.532084] [openram.router.supply_router/route]: Routed 88 of 554 supply pins
[2026-08-10 17:14:15.889714] [openram.router.supply_router/route]: Routed 89 of 554 supply pins
[2026-08-10 17:14:16.992156] [openram.router.supply_router/route]: Routed 90 of 554 supply pins
[2026-08-10 17:14:17.405660] [openram.router.supply_router/route]: Routed 91 of 554 supply pins
[2026-08-10 17:14:17.829247] [openram.router.supply_router/route]: Routed 92 of 554 supply pins
[2026-08-10 17:14:18.283969] [openram.router.supply_router/route]: Routed 93 of 554 supply pins
[2026-08-10 17:14:18.788465] [openram.router.supply_router/route]: Routed 94 of 554 supply pins
[2026-08-10 17:14:19.327737] [openram.router.supply_router/route]: Routed 95 of 554 supply pins
[2026-08-10 17:14:19.919117] [openram.router.supply_router/route]: Routed 96 of 554 supply pins
[2026-08-10 17:14:20.522376] [openram.router.supply_router/route]: Routed 97 of 554 supply pins
[2026-08-10 17:14:21.186265] [openram.router.supply_router/route]: Routed 98 of 554 supply pins
[2026-08-10 17:14:21.875967] [openram.router.supply_router/route]: Routed 99 of 554 supply pins
[2026-08-10 17:14:22.628467] [openram.router.supply_router/route]: Routed 100 of 554 supply pins
[2026-08-10 17:14:23.732369] [openram.router.supply_router/route]: Routed 101 of 554 supply pins
[2026-08-10 17:14:24.884444] [openram.router.supply_router/route]: Routed 102 of 554 supply pins
[2026-08-10 17:14:25.177169] [openram.router.supply_router/route]: Routed 103 of 554 supply pins
[2026-08-10 17:14:25.528503] [openram.router.supply_router/route]: Routed 104 of 554 supply pins
[2026-08-10 17:14:25.908051] [openram.router.supply_router/route]: Routed 105 of 554 supply pins
[2026-08-10 17:14:26.329899] [openram.router.supply_router/route]: Routed 106 of 554 supply pins
[2026-08-10 17:14:26.807906] [openram.router.supply_router/route]: Routed 107 of 554 supply pins
[2026-08-10 17:14:27.282627] [openram.router.supply_router/route]: Routed 108 of 554 supply pins
[2026-08-10 17:14:27.793962] [openram.router.supply_router/route]: Routed 109 of 554 supply pins
[2026-08-10 17:14:28.317219] [openram.router.supply_router/route]: Routed 110 of 554 supply pins
[2026-08-10 17:14:28.564879] [openram.router.supply_router/route]: Routed 111 of 554 supply pins
[2026-08-10 17:14:28.814320] [openram.router.supply_router/route]: Routed 112 of 554 supply pins
[2026-08-10 17:14:29.153336] [openram.router.supply_router/route]: Routed 113 of 554 supply pins
[2026-08-10 17:14:29.405730] [openram.router.supply_router/route]: Routed 114 of 554 supply pins
[2026-08-10 17:14:29.652966] [openram.router.supply_router/route]: Routed 115 of 554 supply pins
[2026-08-10 17:14:29.900821] [openram.router.supply_router/route]: Routed 116 of 554 supply pins
[2026-08-10 17:14:30.152698] [openram.router.supply_router/route]: Routed 117 of 554 supply pins
[2026-08-10 17:14:30.402616] [openram.router.supply_router/route]: Routed 118 of 554 supply pins
[2026-08-10 17:14:30.652643] [openram.router.supply_router/route]: Routed 119 of 554 supply pins
[2026-08-10 17:14:31.225931] [openram.router.supply_router/route]: Routed 120 of 554 supply pins
[2026-08-10 17:14:31.479369] [openram.router.supply_router/route]: Routed 121 of 554 supply pins
[2026-08-10 17:14:31.754662] [openram.router.supply_router/route]: Routed 122 of 554 supply pins
[2026-08-10 17:14:32.063577] [openram.router.supply_router/route]: Routed 123 of 554 supply pins
[2026-08-10 17:14:32.281105] [openram.router.supply_router/route]: Routed 124 of 554 supply pins
[2026-08-10 17:14:32.449102] [openram.router.supply_router/route]: Routed 125 of 554 supply pins
[2026-08-10 17:14:32.607300] [openram.router.supply_router/route]: Routed 126 of 554 supply pins
[2026-08-10 17:14:32.766637] [openram.router.supply_router/route]: Routed 127 of 554 supply pins
[2026-08-10 17:14:32.925066] [openram.router.supply_router/route]: Routed 128 of 554 supply pins
[2026-08-10 17:14:37.094126] [openram.router.supply_router/route]: Routed 129 of 554 supply pins
[2026-08-10 17:14:41.457074] [openram.router.supply_router/route]: Routed 130 of 554 supply pins
[2026-08-10 17:14:45.938878] [openram.router.supply_router/route]: Routed 131 of 554 supply pins
[2026-08-10 17:14:50.271053] [openram.router.supply_router/route]: Routed 132 of 554 supply pins
[2026-08-10 17:14:54.565505] [openram.router.supply_router/route]: Routed 133 of 554 supply pins
[2026-08-10 17:15:00.782571] [openram.router.supply_router/route]: Routed 134 of 554 supply pins
[2026-08-10 17:15:05.172097] [openram.router.supply_router/route]: Routed 135 of 554 supply pins
[2026-08-10 17:15:09.785670] [openram.router.supply_router/route]: Routed 136 of 554 supply pins
[2026-08-10 17:15:09.993332] [openram.router.supply_router/route]: Routed 137 of 554 supply pins
[2026-08-10 17:15:10.152055] [openram.router.supply_router/route]: Routed 138 of 554 supply pins
[2026-08-10 17:15:10.394971] [openram.router.supply_router/route]: Routed 139 of 554 supply pins
[2026-08-10 17:15:10.672786] [openram.router.supply_router/route]: Routed 140 of 554 supply pins
[2026-08-10 17:15:10.961755] [openram.router.supply_router/route]: Routed 141 of 554 supply pins
[2026-08-10 17:15:11.262933] [openram.router.supply_router/route]: Routed 142 of 554 supply pins
[2026-08-10 17:15:11.578822] [openram.router.supply_router/route]: Routed 143 of 554 supply pins
[2026-08-10 17:15:11.904670] [openram.router.supply_router/route]: Routed 144 of 554 supply pins
[2026-08-10 17:15:12.259426] [openram.router.supply_router/route]: Routed 145 of 554 supply pins
[2026-08-10 17:15:12.637397] [openram.router.supply_router/route]: Routed 146 of 554 supply pins
[2026-08-10 17:15:12.842434] [openram.router.supply_router/route]: Routed 147 of 554 supply pins
[2026-08-10 17:15:13.050589] [openram.router.supply_router/route]: Routed 148 of 554 supply pins
[2026-08-10 17:15:13.258499] [openram.router.supply_router/route]: Routed 149 of 554 supply pins
[2026-08-10 17:15:13.467753] [openram.router.supply_router/route]: Routed 150 of 554 supply pins
[2026-08-10 17:15:13.809265] [openram.router.supply_router/route]: Routed 151 of 554 supply pins
[2026-08-10 17:15:14.023756] [openram.router.supply_router/route]: Routed 152 of 554 supply pins
[2026-08-10 17:15:14.231639] [openram.router.supply_router/route]: Routed 153 of 554 supply pins
[2026-08-10 17:15:14.438487] [openram.router.supply_router/route]: Routed 154 of 554 supply pins
[2026-08-10 17:15:14.648086] [openram.router.supply_router/route]: Routed 155 of 554 supply pins
[2026-08-10 17:15:14.852098] [openram.router.supply_router/route]: Routed 156 of 554 supply pins
[2026-08-10 17:15:15.064744] [openram.router.supply_router/route]: Routed 157 of 554 supply pins
[2026-08-10 17:15:15.273338] [openram.router.supply_router/route]: Routed 158 of 554 supply pins
[2026-08-10 17:15:15.485904] [openram.router.supply_router/route]: Routed 159 of 554 supply pins
[2026-08-10 17:15:15.700167] [openram.router.supply_router/route]: Routed 160 of 554 supply pins
[2026-08-10 17:15:15.909600] [openram.router.supply_router/route]: Routed 161 of 554 supply pins
[2026-08-10 17:15:16.195932] [openram.router.supply_router/route]: Routed 162 of 554 supply pins
[2026-08-10 17:15:16.478511] [openram.router.supply_router/route]: Routed 163 of 554 supply pins
[2026-08-10 17:15:16.761353] [openram.router.supply_router/route]: Routed 164 of 554 supply pins
[2026-08-10 17:15:16.972738] [openram.router.supply_router/route]: Routed 165 of 554 supply pins
[2026-08-10 17:15:17.188397] [openram.router.supply_router/route]: Routed 166 of 554 supply pins
[2026-08-10 17:15:17.405577] [openram.router.supply_router/route]: Routed 167 of 554 supply pins
[2026-08-10 17:15:17.622274] [openram.router.supply_router/route]: Routed 168 of 554 supply pins
[2026-08-10 17:15:17.839928] [openram.router.supply_router/route]: Routed 169 of 554 supply pins
[2026-08-10 17:15:18.055240] [openram.router.supply_router/route]: Routed 170 of 554 supply pins
[2026-08-10 17:15:18.270268] [openram.router.supply_router/route]: Routed 171 of 554 supply pins
[2026-08-10 17:15:18.487389] [openram.router.supply_router/route]: Routed 172 of 554 supply pins
[2026-08-10 17:15:18.705405] [openram.router.supply_router/route]: Routed 173 of 554 supply pins
[2026-08-10 17:15:18.927921] [openram.router.supply_router/route]: Routed 174 of 554 supply pins
[2026-08-10 17:15:19.150763] [openram.router.supply_router/route]: Routed 175 of 554 supply pins
[2026-08-10 17:15:19.372429] [openram.router.supply_router/route]: Routed 176 of 554 supply pins
[2026-08-10 17:15:19.594077] [openram.router.supply_router/route]: Routed 177 of 554 supply pins
[2026-08-10 17:15:19.815974] [openram.router.supply_router/route]: Routed 178 of 554 supply pins
[2026-08-10 17:15:20.041850] [openram.router.supply_router/route]: Routed 179 of 554 supply pins
[2026-08-10 17:15:20.269630] [openram.router.supply_router/route]: Routed 180 of 554 supply pins
[2026-08-10 17:15:20.497039] [openram.router.supply_router/route]: Routed 181 of 554 supply pins
[2026-08-10 17:15:20.827508] [openram.router.supply_router/route]: Routed 182 of 554 supply pins
[2026-08-10 17:15:21.154819] [openram.router.supply_router/route]: Routed 183 of 554 supply pins
[2026-08-10 17:15:21.312109] [openram.router.supply_router/route]: Routed 184 of 554 supply pins
[2026-08-10 17:15:21.470830] [openram.router.supply_router/route]: Routed 185 of 554 supply pins
[2026-08-10 17:15:21.629127] [openram.router.supply_router/route]: Routed 186 of 554 supply pins
[2026-08-10 17:15:21.918375] [openram.router.supply_router/route]: Routed 187 of 554 supply pins
[2026-08-10 17:15:22.209421] [openram.router.supply_router/route]: Routed 188 of 554 supply pins
[2026-08-10 17:15:22.500829] [openram.router.supply_router/route]: Routed 189 of 554 supply pins
[2026-08-10 17:15:22.849657] [openram.router.supply_router/route]: Routed 190 of 554 supply pins
[2026-08-10 17:15:23.132339] [openram.router.supply_router/route]: Routed 191 of 554 supply pins
[2026-08-10 17:15:23.292116] [openram.router.supply_router/route]: Routed 192 of 554 supply pins
[2026-08-10 17:15:23.451372] [openram.router.supply_router/route]: Routed 193 of 554 supply pins
[2026-08-10 17:15:23.610699] [openram.router.supply_router/route]: Routed 194 of 554 supply pins
[2026-08-10 17:15:23.768971] [openram.router.supply_router/route]: Routed 195 of 554 supply pins
[2026-08-10 17:15:23.929787] [openram.router.supply_router/route]: Routed 196 of 554 supply pins
[2026-08-10 17:15:24.088615] [openram.router.supply_router/route]: Routed 197 of 554 supply pins
[2026-08-10 17:15:24.247684] [openram.router.supply_router/route]: Routed 198 of 554 supply pins
[2026-08-10 17:15:24.407363] [openram.router.supply_router/route]: Routed 199 of 554 supply pins
[2026-08-10 17:15:24.565009] [openram.router.supply_router/route]: Routed 200 of 554 supply pins
[2026-08-10 17:15:24.716758] [openram.router.supply_router/route]: Routed 201 of 554 supply pins
[2026-08-10 17:15:24.872726] [openram.router.supply_router/route]: Routed 202 of 554 supply pins
[2026-08-10 17:15:25.034215] [openram.router.supply_router/route]: Routed 203 of 554 supply pins
[2026-08-10 17:15:25.196107] [openram.router.supply_router/route]: Routed 204 of 554 supply pins
[2026-08-10 17:15:25.358901] [openram.router.supply_router/route]: Routed 205 of 554 supply pins
[2026-08-10 17:15:25.518646] [openram.router.supply_router/route]: Routed 206 of 554 supply pins
[2026-08-10 17:15:25.679370] [openram.router.supply_router/route]: Routed 207 of 554 supply pins
[2026-08-10 17:15:25.838201] [openram.router.supply_router/route]: Routed 208 of 554 supply pins
[2026-08-10 17:15:25.998702] [openram.router.supply_router/route]: Routed 209 of 554 supply pins
[2026-08-10 17:15:26.164469] [openram.router.supply_router/route]: Routed 210 of 554 supply pins
[2026-08-10 17:15:26.325868] [openram.router.supply_router/route]: Routed 211 of 554 supply pins
[2026-08-10 17:15:26.490169] [openram.router.supply_router/route]: Routed 212 of 554 supply pins
[2026-08-10 17:15:26.654151] [openram.router.supply_router/route]: Routed 213 of 554 supply pins
[2026-08-10 17:15:26.816841] [openram.router.supply_router/route]: Routed 214 of 554 supply pins
[2026-08-10 17:15:26.981687] [openram.router.supply_router/route]: Routed 215 of 554 supply pins
[2026-08-10 17:15:27.151137] [openram.router.supply_router/route]: Routed 216 of 554 supply pins
[2026-08-10 17:15:27.440547] [openram.router.supply_router/route]: Routed 217 of 554 supply pins
[2026-08-10 17:15:27.616297] [openram.router.supply_router/route]: Routed 218 of 554 supply pins
[2026-08-10 17:15:27.784474] [openram.router.supply_router/route]: Routed 219 of 554 supply pins
[2026-08-10 17:15:27.950151] [openram.router.supply_router/route]: Routed 220 of 554 supply pins
[2026-08-10 17:15:28.113449] [openram.router.supply_router/route]: Routed 221 of 554 supply pins
[2026-08-10 17:15:28.284317] [openram.router.supply_router/route]: Routed 222 of 554 supply pins
[2026-08-10 17:15:28.455041] [openram.router.supply_router/route]: Routed 223 of 554 supply pins
[2026-08-10 17:15:28.628214] [openram.router.supply_router/route]: Routed 224 of 554 supply pins
[2026-08-10 17:15:28.803086] [openram.router.supply_router/route]: Routed 225 of 554 supply pins
[2026-08-10 17:15:28.971547] [openram.router.supply_router/route]: Routed 226 of 554 supply pins
[2026-08-10 17:15:29.146593] [openram.router.supply_router/route]: Routed 227 of 554 supply pins
[2026-08-10 17:15:29.323791] [openram.router.supply_router/route]: Routed 228 of 554 supply pins
[2026-08-10 17:15:29.504201] [openram.router.supply_router/route]: Routed 229 of 554 supply pins
[2026-08-10 17:15:29.678415] [openram.router.supply_router/route]: Routed 230 of 554 supply pins
[2026-08-10 17:15:29.855237] [openram.router.supply_router/route]: Routed 231 of 554 supply pins
[2026-08-10 17:15:30.033451] [openram.router.supply_router/route]: Routed 232 of 554 supply pins
[2026-08-10 17:15:30.219958] [openram.router.supply_router/route]: Routed 233 of 554 supply pins
[2026-08-10 17:15:30.404013] [openram.router.supply_router/route]: Routed 234 of 554 supply pins
[2026-08-10 17:15:30.585457] [openram.router.supply_router/route]: Routed 235 of 554 supply pins
[2026-08-10 17:15:30.771852] [openram.router.supply_router/route]: Routed 236 of 554 supply pins
[2026-08-10 17:15:30.958890] [openram.router.supply_router/route]: Routed 237 of 554 supply pins
[2026-08-10 17:15:31.145137] [openram.router.supply_router/route]: Routed 238 of 554 supply pins
[2026-08-10 17:15:31.336942] [openram.router.supply_router/route]: Routed 239 of 554 supply pins
[2026-08-10 17:15:31.526567] [openram.router.supply_router/route]: Routed 240 of 554 supply pins
[2026-08-10 17:15:31.722265] [openram.router.supply_router/route]: Routed 241 of 554 supply pins
[2026-08-10 17:15:31.914406] [openram.router.supply_router/route]: Routed 242 of 554 supply pins
[2026-08-10 17:15:32.103408] [openram.router.supply_router/route]: Routed 243 of 554 supply pins
[2026-08-10 17:15:32.297905] [openram.router.supply_router/route]: Routed 244 of 554 supply pins
[2026-08-10 17:15:32.599981] [openram.router.supply_router/route]: Routed 245 of 554 supply pins
[2026-08-10 17:15:32.869372] [openram.router.supply_router/route]: Routed 246 of 554 supply pins
[2026-08-10 17:15:33.025011] [openram.router.supply_router/route]: Routed 247 of 554 supply pins
[2026-08-10 17:15:33.181145] [openram.router.supply_router/route]: Routed 248 of 554 supply pins
[2026-08-10 17:15:33.333646] [openram.router.supply_router/route]: Routed 249 of 554 supply pins
[2026-08-10 17:15:33.489496] [openram.router.supply_router/route]: Routed 250 of 554 supply pins
[2026-08-10 17:15:33.645621] [openram.router.supply_router/route]: Routed 251 of 554 supply pins
[2026-08-10 17:15:33.803362] [openram.router.supply_router/route]: Routed 252 of 554 supply pins
[2026-08-10 17:15:33.959689] [openram.router.supply_router/route]: Routed 253 of 554 supply pins
[2026-08-10 17:15:34.115687] [openram.router.supply_router/route]: Routed 254 of 554 supply pins
[2026-08-10 17:15:34.274578] [openram.router.supply_router/route]: Routed 255 of 554 supply pins
[2026-08-10 17:15:34.430924] [openram.router.supply_router/route]: Routed 256 of 554 supply pins
[2026-08-10 17:15:34.588078] [openram.router.supply_router/route]: Routed 257 of 554 supply pins
[2026-08-10 17:15:34.741385] [openram.router.supply_router/route]: Routed 258 of 554 supply pins
[2026-08-10 17:15:34.895773] [openram.router.supply_router/route]: Routed 259 of 554 supply pins
[2026-08-10 17:15:35.056276] [openram.router.supply_router/route]: Routed 260 of 554 supply pins
[2026-08-10 17:15:35.216554] [openram.router.supply_router/route]: Routed 261 of 554 supply pins
[2026-08-10 17:15:35.376352] [openram.router.supply_router/route]: Routed 262 of 554 supply pins
[2026-08-10 17:15:35.535832] [openram.router.supply_router/route]: Routed 263 of 554 supply pins
[2026-08-10 17:15:35.694434] [openram.router.supply_router/route]: Routed 264 of 554 supply pins
[2026-08-10 17:15:35.855219] [openram.router.supply_router/route]: Routed 265 of 554 supply pins
[2026-08-10 17:15:36.012809] [openram.router.supply_router/route]: Routed 266 of 554 supply pins
[2026-08-10 17:15:36.175001] [openram.router.supply_router/route]: Routed 267 of 554 supply pins
[2026-08-10 17:15:36.335952] [openram.router.supply_router/route]: Routed 268 of 554 supply pins
[2026-08-10 17:15:36.495611] [openram.router.supply_router/route]: Routed 269 of 554 supply pins
[2026-08-10 17:15:36.657473] [openram.router.supply_router/route]: Routed 270 of 554 supply pins
[2026-08-10 17:15:36.819634] [openram.router.supply_router/route]: Routed 271 of 554 supply pins
[2026-08-10 17:15:36.980926] [openram.router.supply_router/route]: Routed 272 of 554 supply pins
[2026-08-10 17:15:37.146421] [openram.router.supply_router/route]: Routed 273 of 554 supply pins
[2026-08-10 17:15:37.312367] [openram.router.supply_router/route]: Routed 274 of 554 supply pins
[2026-08-10 17:15:37.478101] [openram.router.supply_router/route]: Routed 275 of 554 supply pins
[2026-08-10 17:15:37.643635] [openram.router.supply_router/route]: Routed 276 of 554 supply pins
[2026-08-10 17:15:37.808154] [openram.router.supply_router/route]: Routed 277 of 554 supply pins
[2026-08-10 17:15:37.977009] [openram.router.supply_router/route]: Routed 278 of 554 supply pins
[2026-08-10 17:15:38.142386] [openram.router.supply_router/route]: Routed 279 of 554 supply pins
[2026-08-10 17:15:38.312782] [openram.router.supply_router/route]: Routed 280 of 554 supply pins
[2026-08-10 17:15:38.481493] [openram.router.supply_router/route]: Routed 281 of 554 supply pins
[2026-08-10 17:15:38.651360] [openram.router.supply_router/route]: Routed 282 of 554 supply pins
[2026-08-10 17:15:38.821563] [openram.router.supply_router/route]: Routed 283 of 554 supply pins
[2026-08-10 17:15:39.104882] [openram.router.supply_router/route]: Routed 284 of 554 supply pins
[2026-08-10 17:15:39.290785] [openram.router.supply_router/route]: Routed 285 of 554 supply pins
[2026-08-10 17:15:39.464525] [openram.router.supply_router/route]: Routed 286 of 554 supply pins
[2026-08-10 17:15:39.635681] [openram.router.supply_router/route]: Routed 287 of 554 supply pins
[2026-08-10 17:15:39.810106] [openram.router.supply_router/route]: Routed 288 of 554 supply pins
[2026-08-10 17:15:39.985574] [openram.router.supply_router/route]: Routed 289 of 554 supply pins
[2026-08-10 17:15:40.160912] [openram.router.supply_router/route]: Routed 290 of 554 supply pins
[2026-08-10 17:15:40.340733] [openram.router.supply_router/route]: Routed 291 of 554 supply pins
[2026-08-10 17:15:40.519001] [openram.router.supply_router/route]: Routed 292 of 554 supply pins
[2026-08-10 17:15:40.695604] [openram.router.supply_router/route]: Routed 293 of 554 supply pins
[2026-08-10 17:15:40.874362] [openram.router.supply_router/route]: Routed 294 of 554 supply pins
[2026-08-10 17:15:41.054382] [openram.router.supply_router/route]: Routed 295 of 554 supply pins
[2026-08-10 17:15:41.215255] [openram.router.supply_router/route]: Routed 296 of 554 supply pins
[2026-08-10 17:15:41.378476] [openram.router.supply_router/route]: Routed 297 of 554 supply pins
[2026-08-10 17:15:41.540897] [openram.router.supply_router/route]: Routed 298 of 554 supply pins
[2026-08-10 17:15:41.703735] [openram.router.supply_router/route]: Routed 299 of 554 supply pins
[2026-08-10 17:15:41.868732] [openram.router.supply_router/route]: Routed 300 of 554 supply pins
[2026-08-10 17:15:42.035173] [openram.router.supply_router/route]: Routed 301 of 554 supply pins
[2026-08-10 17:15:42.203017] [openram.router.supply_router/route]: Routed 302 of 554 supply pins
[2026-08-10 17:15:42.371028] [openram.router.supply_router/route]: Routed 303 of 554 supply pins
[2026-08-10 17:15:42.536521] [openram.router.supply_router/route]: Routed 304 of 554 supply pins
[2026-08-10 17:15:42.704377] [openram.router.supply_router/route]: Routed 305 of 554 supply pins
[2026-08-10 17:15:42.870814] [openram.router.supply_router/route]: Routed 306 of 554 supply pins
[2026-08-10 17:15:43.037754] [openram.router.supply_router/route]: Routed 307 of 554 supply pins
[2026-08-10 17:15:43.208379] [openram.router.supply_router/route]: Routed 308 of 554 supply pins
[2026-08-10 17:15:43.381230] [openram.router.supply_router/route]: Routed 309 of 554 supply pins
[2026-08-10 17:15:43.715297] [openram.router.supply_router/route]: Routed 310 of 554 supply pins
[2026-08-10 17:15:43.899953] [openram.router.supply_router/route]: Routed 311 of 554 supply pins
[2026-08-10 17:15:44.075053] [openram.router.supply_router/route]: Routed 312 of 554 supply pins
[2026-08-10 17:15:44.253098] [openram.router.supply_router/route]: Routed 313 of 554 supply pins
[2026-08-10 17:15:44.431880] [openram.router.supply_router/route]: Routed 314 of 554 supply pins
[2026-08-10 17:15:44.604898] [openram.router.supply_router/route]: Routed 315 of 554 supply pins
[2026-08-10 17:15:44.778441] [openram.router.supply_router/route]: Routed 316 of 554 supply pins
[2026-08-10 17:15:44.955439] [openram.router.supply_router/route]: Routed 317 of 554 supply pins
[2026-08-10 17:15:45.133630] [openram.router.supply_router/route]: Routed 318 of 554 supply pins
[2026-08-10 17:15:45.315517] [openram.router.supply_router/route]: Routed 319 of 554 supply pins
[2026-08-10 17:15:45.498286] [openram.router.supply_router/route]: Routed 320 of 554 supply pins
[2026-08-10 17:15:45.676625] [openram.router.supply_router/route]: Routed 321 of 554 supply pins
[2026-08-10 17:15:45.859377] [openram.router.supply_router/route]: Routed 322 of 554 supply pins
[2026-08-10 17:15:46.046272] [openram.router.supply_router/route]: Routed 323 of 554 supply pins
[2026-08-10 17:15:46.233392] [openram.router.supply_router/route]: Routed 324 of 554 supply pins
[2026-08-10 17:15:46.423683] [openram.router.supply_router/route]: Routed 325 of 554 supply pins
[2026-08-10 17:15:46.612724] [openram.router.supply_router/route]: Routed 326 of 554 supply pins
[2026-08-10 17:15:46.795257] [openram.router.supply_router/route]: Routed 327 of 554 supply pins
[2026-08-10 17:15:46.981966] [openram.router.supply_router/route]: Routed 328 of 554 supply pins
[2026-08-10 17:15:47.173816] [openram.router.supply_router/route]: Routed 329 of 554 supply pins
[2026-08-10 17:15:47.371581] [openram.router.supply_router/route]: Routed 330 of 554 supply pins
[2026-08-10 17:15:47.568432] [openram.router.supply_router/route]: Routed 331 of 554 supply pins
[2026-08-10 17:15:47.761502] [openram.router.supply_router/route]: Routed 332 of 554 supply pins
[2026-08-10 17:15:47.959779] [openram.router.supply_router/route]: Routed 333 of 554 supply pins
[2026-08-10 17:15:48.161426] [openram.router.supply_router/route]: Routed 334 of 554 supply pins
[2026-08-10 17:15:48.363181] [openram.router.supply_router/route]: Routed 335 of 554 supply pins
[2026-08-10 17:15:48.566251] [openram.router.supply_router/route]: Routed 336 of 554 supply pins
[2026-08-10 17:15:48.747173] [openram.router.supply_router/route]: Routed 337 of 554 supply pins
[2026-08-10 17:15:48.925284] [openram.router.supply_router/route]: Routed 338 of 554 supply pins
[2026-08-10 17:15:49.103368] [openram.router.supply_router/route]: Routed 339 of 554 supply pins
[2026-08-10 17:15:49.287819] [openram.router.supply_router/route]: Routed 340 of 554 supply pins
[2026-08-10 17:15:49.477306] [openram.router.supply_router/route]: Routed 341 of 554 supply pins
[2026-08-10 17:15:49.662277] [openram.router.supply_router/route]: Routed 342 of 554 supply pins
[2026-08-10 17:15:49.848006] [openram.router.supply_router/route]: Routed 343 of 554 supply pins
[2026-08-10 17:15:50.035513] [openram.router.supply_router/route]: Routed 344 of 554 supply pins
[2026-08-10 17:15:50.227518] [openram.router.supply_router/route]: Routed 345 of 554 supply pins
[2026-08-10 17:15:50.423969] [openram.router.supply_router/route]: Routed 346 of 554 supply pins
[2026-08-10 17:15:50.619699] [openram.router.supply_router/route]: Routed 347 of 554 supply pins
[2026-08-10 17:15:50.818251] [openram.router.supply_router/route]: Routed 348 of 554 supply pins
[2026-08-10 17:15:51.019602] [openram.router.supply_router/route]: Routed 349 of 554 supply pins
[2026-08-10 17:15:51.224653] [openram.router.supply_router/route]: Routed 350 of 554 supply pins
[2026-08-10 17:15:51.430309] [openram.router.supply_router/route]: Routed 351 of 554 supply pins
[2026-08-10 17:15:51.632107] [openram.router.supply_router/route]: Routed 352 of 554 supply pins
[2026-08-10 17:15:51.948960] [openram.router.supply_router/route]: Routed 353 of 554 supply pins
[2026-08-10 17:15:52.159303] [openram.router.supply_router/route]: Routed 354 of 554 supply pins
[2026-08-10 17:15:52.365215] [openram.router.supply_router/route]: Routed 355 of 554 supply pins
[2026-08-10 17:15:52.575725] [openram.router.supply_router/route]: Routed 356 of 554 supply pins
[2026-08-10 17:15:52.782016] [openram.router.supply_router/route]: Routed 357 of 554 supply pins
[2026-08-10 17:15:52.989206] [openram.router.supply_router/route]: Routed 358 of 554 supply pins
[2026-08-10 17:15:53.196790] [openram.router.supply_router/route]: Routed 359 of 554 supply pins
[2026-08-10 17:15:53.411342] [openram.router.supply_router/route]: Routed 360 of 554 supply pins
[2026-08-10 17:15:53.625496] [openram.router.supply_router/route]: Routed 361 of 554 supply pins
[2026-08-10 17:15:53.835538] [openram.router.supply_router/route]: Routed 362 of 554 supply pins
[2026-08-10 17:15:54.049117] [openram.router.supply_router/route]: Routed 363 of 554 supply pins
[2026-08-10 17:15:54.264721] [openram.router.supply_router/route]: Routed 364 of 554 supply pins
[2026-08-10 17:15:54.492147] [openram.router.supply_router/route]: Routed 365 of 554 supply pins
[2026-08-10 17:15:54.719775] [openram.router.supply_router/route]: Routed 366 of 554 supply pins
[2026-08-10 17:15:54.940840] [openram.router.supply_router/route]: Routed 367 of 554 supply pins
[2026-08-10 17:15:55.167841] [openram.router.supply_router/route]: Routed 368 of 554 supply pins
[2026-08-10 17:17:03.872339] [openram.router.supply_router/route]: Routed 369 of 554 supply pins
[2026-08-10 17:18:21.145642] [openram.router.supply_router/route]: Routed 370 of 554 supply pins
[2026-08-10 17:19:54.572022] [openram.router.supply_router/route]: Routed 371 of 554 supply pins
[2026-08-10 17:23:09.724028] [openram.router.supply_router/route]: Routed 372 of 554 supply pins
[2026-08-10 17:26:23.677439] [openram.router.supply_router/route]: Routed 373 of 554 supply pins
[2026-08-10 17:29:36.877898] [openram.router.supply_router/route]: Routed 374 of 554 supply pins
[2026-08-10 17:32:50.689423] [openram.router.supply_router/route]: Routed 375 of 554 supply pins
[2026-08-10 17:35:40.568219] [openram.router.supply_router/route]: Routed 376 of 554 supply pins
[2026-08-10 17:36:46.463973] [openram.router.supply_router/route]: Routed 377 of 554 supply pins
[2026-08-10 17:36:46.625939] [openram.router.supply_router/route]: Routed 378 of 554 supply pins
[2026-08-10 17:36:46.776206] [openram.router.supply_router/route]: Routed 379 of 554 supply pins
[2026-08-10 17:36:46.942089] [openram.router.supply_router/route]: Routed 380 of 554 supply pins
[2026-08-10 17:36:47.182958] [openram.router.supply_router/route]: Routed 381 of 554 supply pins
[2026-08-10 17:36:47.369436] [openram.router.supply_router/route]: Routed 382 of 554 supply pins
[2026-08-10 17:36:47.621517] [openram.router.supply_router/route]: Routed 383 of 554 supply pins
[2026-08-10 17:36:47.875139] [openram.router.supply_router/route]: Routed 384 of 554 supply pins
[2026-08-10 17:36:48.077782] [openram.router.supply_router/route]: Routed 385 of 554 supply pins
[2026-08-10 17:36:48.285370] [openram.router.supply_router/route]: Routed 386 of 554 supply pins
[2026-08-10 17:36:48.493246] [openram.router.supply_router/route]: Routed 387 of 554 supply pins
[2026-08-10 17:36:48.705193] [openram.router.supply_router/route]: Routed 388 of 554 supply pins
[2026-08-10 17:36:48.910929] [openram.router.supply_router/route]: Routed 389 of 554 supply pins
[2026-08-10 17:36:49.117398] [openram.router.supply_router/route]: Routed 390 of 554 supply pins
[2026-08-10 17:36:49.419852] [openram.router.supply_router/route]: Routed 391 of 554 supply pins
[2026-08-10 17:36:49.642226] [openram.router.supply_router/route]: Routed 392 of 554 supply pins
[2026-08-10 17:36:49.860671] [openram.router.supply_router/route]: Routed 393 of 554 supply pins
[2026-08-10 17:36:50.072104] [openram.router.supply_router/route]: Routed 394 of 554 supply pins
[2026-08-10 17:36:50.280684] [openram.router.supply_router/route]: Routed 395 of 554 supply pins
[2026-08-10 17:36:50.488335] [openram.router.supply_router/route]: Routed 396 of 554 supply pins
[2026-08-10 17:36:50.697465] [openram.router.supply_router/route]: Routed 397 of 554 supply pins
[2026-08-10 17:36:50.908866] [openram.router.supply_router/route]: Routed 398 of 554 supply pins
[2026-08-10 17:36:51.126271] [openram.router.supply_router/route]: Routed 399 of 554 supply pins
[2026-08-10 17:36:51.345050] [openram.router.supply_router/route]: Routed 400 of 554 supply pins
[2026-08-10 17:36:51.718692] [openram.router.supply_router/route]: Routed 401 of 554 supply pins
[2026-08-10 17:36:52.282355] [openram.router.supply_router/route]: Routed 402 of 554 supply pins
[2026-08-10 17:36:52.659864] [openram.router.supply_router/route]: Routed 403 of 554 supply pins
[2026-08-10 17:36:53.052202] [openram.router.supply_router/route]: Routed 404 of 554 supply pins
[2026-08-10 17:36:53.474029] [openram.router.supply_router/route]: Routed 405 of 554 supply pins
[2026-08-10 17:36:53.924172] [openram.router.supply_router/route]: Routed 406 of 554 supply pins
[2026-08-10 17:36:54.374632] [openram.router.supply_router/route]: Routed 407 of 554 supply pins
[2026-08-10 17:36:54.845617] [openram.router.supply_router/route]: Routed 408 of 554 supply pins
[2026-08-10 17:36:55.315577] [openram.router.supply_router/route]: Routed 409 of 554 supply pins
[2026-08-10 17:36:55.828510] [openram.router.supply_router/route]: Routed 410 of 554 supply pins
[2026-08-10 17:36:56.367390] [openram.router.supply_router/route]: Routed 411 of 554 supply pins
[2026-08-10 17:36:56.926683] [openram.router.supply_router/route]: Routed 412 of 554 supply pins
[2026-08-10 17:36:57.488541] [openram.router.supply_router/route]: Routed 413 of 554 supply pins
[2026-08-10 17:36:58.048911] [openram.router.supply_router/route]: Routed 414 of 554 supply pins
[2026-08-10 17:36:58.242769] [openram.router.supply_router/route]: Routed 415 of 554 supply pins
[2026-08-10 17:36:58.443698] [openram.router.supply_router/route]: Routed 416 of 554 supply pins
[2026-08-10 17:36:58.653840] [openram.router.supply_router/route]: Routed 417 of 554 supply pins
[2026-08-10 17:36:58.860855] [openram.router.supply_router/route]: Routed 418 of 554 supply pins
[2026-08-10 17:36:59.059683] [openram.router.supply_router/route]: Routed 419 of 554 supply pins
[2026-08-10 17:36:59.258468] [openram.router.supply_router/route]: Routed 420 of 554 supply pins
[2026-08-10 17:36:59.459181] [openram.router.supply_router/route]: Routed 421 of 554 supply pins
[2026-08-10 17:36:59.666907] [openram.router.supply_router/route]: Routed 422 of 554 supply pins
[2026-08-10 17:36:59.871231] [openram.router.supply_router/route]: Routed 423 of 554 supply pins
[2026-08-10 17:37:00.072771] [openram.router.supply_router/route]: Routed 424 of 554 supply pins
[2026-08-10 17:37:00.379835] [openram.router.supply_router/route]: Routed 425 of 554 supply pins
[2026-08-10 17:37:00.594163] [openram.router.supply_router/route]: Routed 426 of 554 supply pins
[2026-08-10 17:37:00.804948] [openram.router.supply_router/route]: Routed 427 of 554 supply pins
[2026-08-10 17:37:01.009097] [openram.router.supply_router/route]: Routed 428 of 554 supply pins
[2026-08-10 17:37:01.218709] [openram.router.supply_router/route]: Routed 429 of 554 supply pins
[2026-08-10 17:37:01.426102] [openram.router.supply_router/route]: Routed 430 of 554 supply pins
[2026-08-10 17:37:01.634334] [openram.router.supply_router/route]: Routed 431 of 554 supply pins
[2026-08-10 17:37:01.848529] [openram.router.supply_router/route]: Routed 432 of 554 supply pins
[2026-08-10 17:37:02.053201] [openram.router.supply_router/route]: Routed 433 of 554 supply pins
[2026-08-10 17:37:02.268219] [openram.router.supply_router/route]: Routed 434 of 554 supply pins
[2026-08-10 17:37:02.536925] [openram.router.supply_router/route]: Routed 435 of 554 supply pins
[2026-08-10 17:37:02.689028] [openram.router.supply_router/route]: Routed 436 of 554 supply pins
[2026-08-10 17:37:02.841621] [openram.router.supply_router/route]: Routed 437 of 554 supply pins
[2026-08-10 17:37:02.990633] [openram.router.supply_router/route]: Routed 438 of 554 supply pins
[2026-08-10 17:37:03.138539] [openram.router.supply_router/route]: Routed 439 of 554 supply pins
[2026-08-10 17:37:03.287236] [openram.router.supply_router/route]: Routed 440 of 554 supply pins
[2026-08-10 17:37:03.435113] [openram.router.supply_router/route]: Routed 441 of 554 supply pins
[2026-08-10 17:37:03.585522] [openram.router.supply_router/route]: Routed 442 of 554 supply pins
[2026-08-10 17:37:03.741586] [openram.router.supply_router/route]: Routed 443 of 554 supply pins
[2026-08-10 17:37:03.890280] [openram.router.supply_router/route]: Routed 444 of 554 supply pins
[2026-08-10 17:37:04.037810] [openram.router.supply_router/route]: Routed 445 of 554 supply pins
[2026-08-10 17:37:04.188665] [openram.router.supply_router/route]: Routed 446 of 554 supply pins
[2026-08-10 17:37:04.342142] [openram.router.supply_router/route]: Routed 447 of 554 supply pins
[2026-08-10 17:37:04.501288] [openram.router.supply_router/route]: Routed 448 of 554 supply pins
[2026-08-10 17:37:04.659725] [openram.router.supply_router/route]: Routed 449 of 554 supply pins
[2026-08-10 17:37:04.820054] [openram.router.supply_router/route]: Routed 450 of 554 supply pins
[2026-08-10 17:37:04.979577] [openram.router.supply_router/route]: Routed 451 of 554 supply pins
[2026-08-10 17:37:05.131920] [openram.router.supply_router/route]: Routed 452 of 554 supply pins
[2026-08-10 17:37:05.286884] [openram.router.supply_router/route]: Routed 453 of 554 supply pins
[2026-08-10 17:37:05.439989] [openram.router.supply_router/route]: Routed 454 of 554 supply pins
[2026-08-10 17:37:05.598623] [openram.router.supply_router/route]: Routed 455 of 554 supply pins
[2026-08-10 17:37:05.764785] [openram.router.supply_router/route]: Routed 456 of 554 supply pins
[2026-08-10 17:37:05.924040] [openram.router.supply_router/route]: Routed 457 of 554 supply pins
[2026-08-10 17:37:06.084028] [openram.router.supply_router/route]: Routed 458 of 554 supply pins
[2026-08-10 17:37:06.243900] [openram.router.supply_router/route]: Routed 459 of 554 supply pins
[2026-08-10 17:37:06.409565] [openram.router.supply_router/route]: Routed 460 of 554 supply pins
[2026-08-10 17:37:06.576592] [openram.router.supply_router/route]: Routed 461 of 554 supply pins
[2026-08-10 17:37:06.902276] [openram.router.supply_router/route]: Routed 462 of 554 supply pins
[2026-08-10 17:37:07.287982] [openram.router.supply_router/route]: Routed 463 of 554 supply pins
[2026-08-10 17:37:07.541530] [openram.router.supply_router/route]: Routed 464 of 554 supply pins
[2026-08-10 17:37:08.383067] [openram.router.supply_router/route]: Routed 465 of 554 supply pins
[2026-08-10 17:37:09.926847] [openram.router.supply_router/route]: Routed 466 of 554 supply pins
[2026-08-10 17:37:11.403716] [openram.router.supply_router/route]: Routed 467 of 554 supply pins
[2026-08-10 17:37:13.079289] [openram.router.supply_router/route]: Routed 468 of 554 supply pins
[2026-08-10 17:37:14.577435] [openram.router.supply_router/route]: Routed 469 of 554 supply pins
[2026-08-10 17:37:16.135564] [openram.router.supply_router/route]: Routed 470 of 554 supply pins
[2026-08-10 17:37:18.251525] [openram.router.supply_router/route]: Routed 471 of 554 supply pins
[2026-08-10 17:37:19.939618] [openram.router.supply_router/route]: Routed 472 of 554 supply pins
[2026-08-10 17:37:20.162375] [openram.router.supply_router/route]: Routed 473 of 554 supply pins
[2026-08-10 17:37:20.721801] [openram.router.supply_router/route]: Routed 474 of 554 supply pins
[2026-08-10 17:37:21.157101] [openram.router.supply_router/route]: Routed 475 of 554 supply pins
[2026-08-10 17:37:22.204663] [openram.router.supply_router/route]: Routed 476 of 554 supply pins
[2026-08-10 17:37:26.440597] [openram.router.supply_router/route]: Routed 477 of 554 supply pins
[2026-08-10 17:37:26.664979] [openram.router.supply_router/route]: Routed 478 of 554 supply pins
[2026-08-10 17:37:27.203878] [openram.router.supply_router/route]: Routed 479 of 554 supply pins
[2026-08-10 17:37:27.424868] [openram.router.supply_router/route]: Routed 480 of 554 supply pins
[2026-08-10 17:37:27.845061] [openram.router.supply_router/route]: Routed 481 of 554 supply pins
[2026-08-10 17:37:28.424027] [openram.router.supply_router/route]: Routed 482 of 554 supply pins
[2026-08-10 17:37:28.582840] [openram.router.supply_router/route]: Routed 483 of 554 supply pins
[2026-08-10 17:37:28.792006] [openram.router.supply_router/route]: Routed 484 of 554 supply pins
[2026-08-10 17:37:29.865059] [openram.router.supply_router/route]: Routed 485 of 554 supply pins
[2026-08-10 17:37:30.086075] [openram.router.supply_router/route]: Routed 486 of 554 supply pins
[2026-08-10 17:37:30.495782] [openram.router.supply_router/route]: Routed 487 of 554 supply pins
[2026-08-10 17:37:31.070882] [openram.router.supply_router/route]: Routed 488 of 554 supply pins
[2026-08-10 17:37:31.230793] [openram.router.supply_router/route]: Routed 489 of 554 supply pins
[2026-08-10 17:37:31.450413] [openram.router.supply_router/route]: Routed 490 of 554 supply pins
[2026-08-10 17:37:32.005435] [openram.router.supply_router/route]: Routed 491 of 554 supply pins
[2026-08-10 17:37:54.729399] [openram.router.supply_router/route]: Routed 492 of 554 supply pins
[2026-08-10 17:41:40.842989] [openram.router.supply_router/route]: Routed 493 of 554 supply pins
[2026-08-10 17:48:43.126923] [openram.router.supply_router/route]: Routed 494 of 554 supply pins
[2026-08-10 17:54:49.526313] [openram.router.supply_router/route]: Routed 495 of 554 supply pins
[2026-08-10 18:01:06.651192] [openram.router.supply_router/route]: Routed 496 of 554 supply pins
[2026-08-10 18:03:24.913761] [openram.router.supply_router/route]: Routed 497 of 554 supply pins
[2026-08-10 18:05:33.427235] [openram.router.supply_router/route]: Routed 498 of 554 supply pins
[2026-08-10 18:07:08.395465] [openram.router.supply_router/route]: Routed 499 of 554 supply pins
[2026-08-10 18:07:08.590038] [openram.router.supply_router/route]: Routed 500 of 554 supply pins
[2026-08-10 18:07:10.591136] [openram.router.supply_router/route]: Routed 501 of 554 supply pins
[2026-08-10 18:12:00.300345] [openram.router.supply_router/route]: Routed 502 of 554 supply pins
[2026-08-10 18:17:25.662169] [openram.router.supply_router/route]: Routed 503 of 554 supply pins
[2026-08-10 18:23:54.310029] [openram.router.supply_router/route]: Routed 504 of 554 supply pins
[2026-08-10 18:28:31.715287] [openram.router.supply_router/route]: Routed 505 of 554 supply pins
[2026-08-10 18:29:14.743063] [openram.router.supply_router/route]: Routed 506 of 554 supply pins
[2026-08-10 18:29:15.325192] [openram.router.supply_router/route]: Routed 507 of 554 supply pins
[2026-08-10 18:29:15.574026] [openram.router.supply_router/route]: Routed 508 of 554 supply pins
[2026-08-10 18:29:15.984284] [openram.router.supply_router/route]: Routed 509 of 554 supply pins
[2026-08-10 18:29:16.566213] [openram.router.supply_router/route]: Routed 510 of 554 supply pins
[2026-08-10 18:29:16.731016] [openram.router.supply_router/route]: Routed 511 of 554 supply pins
[2026-08-10 18:29:17.048737] [openram.router.supply_router/route]: Routed 512 of 554 supply pins
[2026-08-10 18:29:17.485842] [openram.router.supply_router/route]: Routed 513 of 554 supply pins
[2026-08-10 18:29:18.098566] [openram.router.supply_router/route]: Routed 514 of 554 supply pins
[2026-08-10 18:29:18.292019] [openram.router.supply_router/route]: Routed 515 of 554 supply pins
[2026-08-10 18:29:18.507395] [openram.router.supply_router/route]: Routed 516 of 554 supply pins
[2026-08-10 18:29:19.067946] [openram.router.supply_router/route]: Routed 517 of 554 supply pins
[2026-08-10 18:29:19.301467] [openram.router.supply_router/route]: Routed 518 of 554 supply pins
[2026-08-10 18:29:19.730452] [openram.router.supply_router/route]: Routed 519 of 554 supply pins
[2026-08-10 18:29:20.353186] [openram.router.supply_router/route]: Routed 520 of 554 supply pins
[2026-08-10 18:29:20.548343] [openram.router.supply_router/route]: Routed 521 of 554 supply pins
[2026-08-10 18:29:20.775753] [openram.router.supply_router/route]: Routed 522 of 554 supply pins
[2026-08-10 18:29:21.338354] [openram.router.supply_router/route]: Routed 523 of 554 supply pins
[2026-08-10 18:29:22.389414] [openram.router.supply_router/route]: Routed 524 of 554 supply pins
[2026-08-10 18:29:23.930188] [openram.router.supply_router/route]: Routed 525 of 554 supply pins
[2026-08-10 18:29:25.543822] [openram.router.supply_router/route]: Routed 526 of 554 supply pins
[2026-08-10 18:29:33.337935] [openram.router.supply_router/route]: Routed 527 of 554 supply pins
[2026-08-10 18:29:35.442383] [openram.router.supply_router/route]: Routed 528 of 554 supply pins
[2026-08-10 18:29:37.543249] [openram.router.supply_router/route]: Routed 529 of 554 supply pins
[2026-08-10 18:29:38.840561] [openram.router.supply_router/route]: Routed 530 of 554 supply pins
[2026-08-10 18:29:39.897677] [openram.router.supply_router/route]: Routed 531 of 554 supply pins
[2026-08-10 18:29:41.261253] [openram.router.supply_router/route]: Routed 532 of 554 supply pins
[2026-08-10 18:29:42.329921] [openram.router.supply_router/route]: Routed 533 of 554 supply pins
[2026-08-10 18:29:43.388192] [openram.router.supply_router/route]: Routed 534 of 554 supply pins
[2026-08-10 18:29:44.444820] [openram.router.supply_router/route]: Routed 535 of 554 supply pins
[2026-08-10 18:29:45.725933] [openram.router.supply_router/route]: Routed 536 of 554 supply pins
[2026-08-10 18:29:48.722686] [openram.router.supply_router/route]: Routed 537 of 554 supply pins
[2026-08-10 18:29:53.406531] [openram.router.supply_router/route]: Routed 538 of 554 supply pins
[2026-08-10 18:29:54.719622] [openram.router.supply_router/route]: Routed 539 of 554 supply pins
[2026-08-10 18:33:13.219627] [openram.router.supply_router/route]: Routed 540 of 554 supply pins
[2026-08-10 18:36:28.215174] [openram.router.supply_router/route]: Routed 541 of 554 supply pins
[2026-08-10 18:36:29.455059] [openram.router.supply_router/route]: Routed 542 of 554 supply pins
[2026-08-10 18:36:33.654133] [openram.router.supply_router/route]: Routed 543 of 554 supply pins
[2026-08-10 18:36:37.594535] [openram.router.supply_router/route]: Routed 544 of 554 supply pins
[2026-08-10 18:36:39.733649] [openram.router.supply_router/route]: Routed 545 of 554 supply pins
[2026-08-10 18:37:55.554036] [openram.router.supply_router/route]: Routed 546 of 554 supply pins
[2026-08-10 18:38:56.650788] [openram.router.supply_router/route]: Routed 547 of 554 supply pins
[2026-08-10 18:39:58.652818] [openram.router.supply_router/route]: Routed 548 of 554 supply pins
[2026-08-10 18:40:59.661751] [openram.router.supply_router/route]: Routed 549 of 554 supply pins
[2026-08-10 18:42:23.233062] [openram.router.supply_router/route]: Routed 550 of 554 supply pins
[2026-08-10 18:43:47.670243] [openram.router.supply_router/route]: Routed 551 of 554 supply pins
[2026-08-10 18:45:13.276664] [openram.router.supply_router/route]: Routed 552 of 554 supply pins
[2026-08-10 18:45:13.707566] ** Routing: 10970.5 seconds
[2026-08-10 18:45:13.798300] ** Verification: 0.0 seconds
[2026-08-10 18:45:13.798405] ** SRAM creation: 11064.8 seconds
[2026-08-10 18:45:13.798450] SP: Writing to /scratch/prashanth/openram/OpenRAM/./output_sram/sram_28x512_1r1w_l0_typical_analytical_physical/sky130_sram_28x512.sp
[2026-08-10 18:45:14.055873] [openram.characterizer.functional/__init__]: Random seed for functional simulation: 1786412714037507609
[2026-08-10 18:45:14.057649] [openram.characterizer.functional/__init__]: q:		xsram:xbank0:xbitcell_array:xbitcell_array:xbit_r0_c0.Q
[2026-08-10 18:45:14.057906] [openram.characterizer.functional/__init__]: qbar:	xsram:xbank0:xbitcell_array:xbitcell_array:xbit_r0_c0.Q_bar
[2026-08-10 18:45:14.058136] [openram.characterizer.functional/__init__]: s_en:	xsram:s_en
[2026-08-10 18:45:14.058366] [openram.characterizer.functional/__init__]: bl:	xsram:xbank0:bl_0_{}
[2026-08-10 18:45:14.058592] [openram.characterizer.functional/__init__]: br:	xsram:xbank0:br_0_{}
[2026-08-10 18:45:14.058996] [openram.characterizer.simulation/add_noop_all_ports]: 	Idle during cycle 0 (0ns - 10ns)
[2026-08-10 18:45:14.059421] [openram.characterizer.simulation/add_write_one_port]: 	Writing 0100100001100001101110110011  to  address 000000000 (from port 0) during cycle 1 (10ns - 20ns)
[2026-08-10 18:45:14.059771] [openram.characterizer.simulation/add_write_one_port]: 	Writing 1100101101010000100111111110  to  address 000000000 (from port 0) during cycle 2 (20ns - 30ns)
[2026-08-10 18:45:14.060096] [openram.characterizer.simulation/add_write_one_port]: 	Writing 0100010011110010001010100101  to  address 111111110 (from port 0) during cycle 3 (30ns - 40ns)
[2026-08-10 18:45:14.060453] [openram.characterizer.simulation/add_read_one_port]: 	Reading 0100010011110010001010100101 from address 111111110 (from port 1) during cycle 4 (40ns - 50ns)
[2026-08-10 18:45:14.060872] [openram.characterizer.simulation/add_read_one_port]: 	Reading 0100010011110010001010100101 from address 111111110 (from port 1) during cycle 5 (50ns - 60ns)
[2026-08-10 18:45:14.061277] [openram.characterizer.simulation/add_write_one_port]: 	Writing 0011100000100110110100010110  to  address 000000000 (from port 0) during cycle 9 (90ns - 100ns)
[2026-08-10 18:45:14.061703] [openram.characterizer.simulation/add_read_one_port]: 	Reading 0011100000100110110100010110 from address 000000000 (from port 1) during cycle 10 (100ns - 110ns)
[2026-08-10 18:45:14.062110] [openram.characterizer.simulation/add_read_one_port]: 	Reading 0100010011110010001010100101 from address 111111110 (from port 1) during cycle 11 (110ns - 120ns)
[2026-08-10 18:45:14.062485] [openram.characterizer.simulation/add_write_one_port]: 	Writing 0111100011000010101011110001  to  address 111111110 (from port 0) during cycle 13 (130ns - 140ns)
[2026-08-10 18:45:14.062885] [openram.characterizer.simulation/add_read_one_port]: 	Reading 0011100000100110110100010110 from address 000000000 (from port 1) during cycle 13 (130ns - 140ns)
[2026-08-10 18:45:14.063264] [openram.characterizer.simulation/add_write_one_port]: 	Writing 0011000100001011100011110100  to  address 111111110 (from port 0) during cycle 15 (150ns - 160ns)
[2026-08-10 18:45:14.063630] [openram.characterizer.simulation/add_write_one_port]: 	Writing 0111000110011101000101110111  to  address 000000000 (from port 0) during cycle 16 (160ns - 170ns)
[2026-08-10 18:45:14.064012] [openram.characterizer.simulation/add_write_one_port]: 	Writing 0011011100011110110011010000  to  address 000000000 (from port 0) during cycle 18 (180ns - 190ns)
[2026-08-10 18:45:14.064409] [openram.characterizer.simulation/add_read_one_port]: 	Reading 0011000100001011100011110100 from address 111111110 (from port 1) during cycle 18 (180ns - 190ns)
[2026-08-10 18:45:14.064785] [openram.characterizer.simulation/add_write_one_port]: 	Writing 1010011010111001110100000110  to  address 111111110 (from port 0) during cycle 21 (210ns - 220ns)
[2026-08-10 18:45:14.065188] [openram.characterizer.simulation/add_read_one_port]: 	Reading 1010011010111001110100000110 from address 111111110 (from port 1) during cycle 22 (220ns - 230ns)
[2026-08-10 18:45:14.065546] [openram.characterizer.simulation/add_write_one_port]: 	Writing 1000010011010000110111000111  to  address 000000000 (from port 0) during cycle 23 (230ns - 240ns)
[2026-08-10 18:45:14.065961] [openram.characterizer.simulation/add_read_one_port]: 	Reading 1000010011010000110111000111 from address 000000000 (from port 1) during cycle 24 (240ns - 250ns)
[2026-08-10 18:45:14.066322] [openram.characterizer.simulation/add_write_one_port]: 	Writing 1100010011101000000001101011  to  address 111111110 (from port 0) during cycle 25 (250ns - 260ns)
[2026-08-10 18:45:14.066697] [openram.characterizer.simulation/add_write_one_port]: 	Writing 1011100011110010010001001010  to  address 000000000 (from port 0) during cycle 27 (270ns - 280ns)
[2026-08-10 18:45:14.067096] [openram.characterizer.simulation/add_read_one_port]: 	Reading 1100010011101000000001101011 from address 111111110 (from port 1) during cycle 27 (270ns - 280ns)
[2026-08-10 18:45:14.067472] [openram.characterizer.simulation/add_write_one_port]: 	Writing 1000111000001011111101101011  to  address 111111110 (from port 0) during cycle 30 (300ns - 310ns)
[2026-08-10 18:45:14.067880] [openram.characterizer.simulation/add_read_one_port]: 	Reading 1000111000001011111101101011 from address 111111110 (from port 1) during cycle 31 (310ns - 320ns)
[2026-08-10 18:45:14.068236] [openram.characterizer.simulation/add_write_one_port]: 	Writing 0100101010010011010110100110  to  address 111111110 (from port 0) during cycle 32 (320ns - 330ns)
[2026-08-10 18:45:14.068791] [openram.characterizer.simulation/add_write_one_port]: 	Writing 1110001111001111101110110111  to  address 111111110 (from port 0) during cycle 33 (330ns - 340ns)
[2026-08-10 18:45:14.069157] [openram.characterizer.simulation/add_write_one_port]: 	Writing 1000111111011101000011001011  to  address 111111110 (from port 0) during cycle 34 (340ns - 350ns)
[2026-08-10 18:45:14.069542] [openram.characterizer.simulation/add_read_one_port]: 	Reading 1011100011110010010001001010 from address 000000000 (from port 1) during cycle 34 (340ns - 350ns)
[2026-08-10 18:45:14.069942] [openram.characterizer.simulation/add_read_one_port]: 	Reading 1011100011110010010001001010 from address 000000000 (from port 1) during cycle 36 (360ns - 370ns)
[2026-08-10 18:45:14.070329] [openram.characterizer.simulation/add_read_one_port]: 	Reading 1000111111011101000011001011 from address 111111110 (from port 1) during cycle 37 (370ns - 380ns)
[2026-08-10 18:45:14.070714] [openram.characterizer.simulation/add_read_one_port]: 	Reading 1011100011110010010001001010 from address 000000000 (from port 1) during cycle 38 (380ns - 390ns)
[2026-08-10 18:45:14.071063] [openram.characterizer.simulation/add_write_one_port]: 	Writing 1110111011011011010110011111  to  address 111111110 (from port 0) during cycle 39 (390ns - 400ns)
[2026-08-10 18:45:14.071438] [openram.characterizer.simulation/add_write_one_port]: 	Writing 0100011010001011011011000011  to  address 000000000 (from port 0) during cycle 41 (410ns - 420ns)
[2026-08-10 18:45:14.071794] [openram.characterizer.simulation/add_write_one_port]: 	Writing 0000011001100111000000111100  to  address 000000000 (from port 0) during cycle 42 (420ns - 430ns)
[2026-08-10 18:45:14.072194] [openram.characterizer.simulation/add_read_one_port]: 	Reading 1110111011011011010110011111 from address 111111110 (from port 1) during cycle 44 (440ns - 450ns)
[2026-08-10 18:45:14.072558] [openram.characterizer.simulation/add_write_one_port]: 	Writing 1101001111001100000100111100  to  address 111111110 (from port 0) during cycle 47 (470ns - 480ns)
[2026-08-10 18:45:14.072912] [openram.characterizer.simulation/add_write_one_port]: 	Writing 1110101110111000001100001110  to  address 111111110 (from port 0) during cycle 48 (480ns - 490ns)
[2026-08-10 18:45:14.073300] [openram.characterizer.simulation/add_read_one_port]: 	Reading 1110101110111000001100001110 from address 111111110 (from port 1) during cycle 49 (490ns - 500ns)
[2026-08-10 18:45:14.073690] [openram.characterizer.simulation/add_read_one_port]: 	Reading 0000011001100111000000111100 from address 000000000 (from port 1) during cycle 50 (500ns - 510ns)
[2026-08-10 18:45:14.074095] [openram.characterizer.simulation/add_read_one_port]: 	Reading 0000011001100111000000111100 from address 000000000 (from port 1) during cycle 52 (520ns - 530ns)
[2026-08-10 18:45:14.074457] [openram.characterizer.simulation/add_write_one_port]: 	Writing 1101100011101100110000001000  to  address 000000000 (from port 0) during cycle 54 (540ns - 550ns)
[2026-08-10 18:45:14.074827] [openram.characterizer.simulation/add_write_one_port]: 	Writing 0111101011111100010101101101  to  address 111111110 (from port 0) during cycle 57 (570ns - 580ns)
[2026-08-10 18:45:14.075180] [openram.characterizer.simulation/add_write_one_port]: 	Writing 0100111100001000001011001011  to  address 111111110 (from port 0) during cycle 58 (580ns - 590ns)
[2026-08-10 18:45:14.075543] [openram.characterizer.simulation/add_write_one_port]: 	Writing 0000101101000110111010000101  to  address 111111110 (from port 0) during cycle 60 (600ns - 610ns)
[2026-08-10 18:45:14.075898] [openram.characterizer.simulation/add_write_one_port]: 	Writing 0010100001111110011101001000  to  address 000000000 (from port 0) during cycle 61 (610ns - 620ns)
[2026-08-10 18:45:14.076251] [openram.characterizer.simulation/add_write_one_port]: 	Writing 1000111001100110111110000111  to  address 111111110 (from port 0) during cycle 62 (620ns - 630ns)
[2026-08-10 18:45:14.076605] [openram.characterizer.simulation/add_write_one_port]: 	Writing 0111110001000111110010100000  to  address 111111110 (from port 0) during cycle 63 (630ns - 640ns)
[2026-08-10 18:45:14.076989] [openram.characterizer.simulation/add_read_one_port]: 	Reading 0010100001111110011101001000 from address 000000000 (from port 1) during cycle 63 (630ns - 640ns)
[2026-08-10 18:45:14.077384] [openram.characterizer.simulation/add_read_one_port]: 	Reading 0010100001111110011101001000 from address 000000000 (from port 1) during cycle 64 (640ns - 650ns)
[2026-08-10 18:45:14.077742] [openram.characterizer.simulation/add_write_one_port]: 	Writing 1010100011111001111011001000  to  address 111111110 (from port 0) during cycle 65 (650ns - 660ns)
[2026-08-10 18:45:14.078142] [openram.characterizer.simulation/add_read_one_port]: 	Reading 1010100011111001111011001000 from address 111111110 (from port 1) during cycle 67 (670ns - 680ns)
[2026-08-10 18:45:14.078495] [openram.characterizer.simulation/add_write_one_port]: 	Writing 1101111101110010010101100001  to  address 111111110 (from port 0) during cycle 68 (680ns - 690ns)
[2026-08-10 18:45:14.078852] [openram.characterizer.simulation/add_write_one_port]: 	Writing 0101110101110010010110111011  to  address 111111110 (from port 0) during cycle 69 (690ns - 700ns)
[2026-08-10 18:45:14.079214] [openram.characterizer.simulation/add_write_one_port]: 	Writing 0110010000001001101100001101  to  address 000000000 (from port 0) during cycle 70 (700ns - 710ns)
[2026-08-10 18:45:14.079585] [openram.characterizer.simulation/add_write_one_port]: 	Writing 1011101101100011100000011110  to  address 111111110 (from port 0) during cycle 71 (710ns - 720ns)
[2026-08-10 18:45:14.079978] [openram.characterizer.simulation/add_read_one_port]: 	Reading 0110010000001001101100001101 from address 000000000 (from port 1) during cycle 71 (710ns - 720ns)
[2026-08-10 18:45:14.080337] [openram.characterizer.simulation/add_write_one_port]: 	Writing 1001000100011011000110111001  to  address 111111110 (from port 0) during cycle 72 (720ns - 730ns)
[2026-08-10 18:45:14.080740] [openram.characterizer.simulation/add_read_one_port]: 	Reading 0110010000001001101100001101 from address 000000000 (from port 1) during cycle 73 (730ns - 740ns)
[2026-08-10 18:45:14.081100] [openram.characterizer.simulation/add_write_one_port]: 	Writing 1101011110110000111001100111  to  address 111111110 (from port 0) during cycle 74 (740ns - 750ns)
[2026-08-10 18:45:14.081467] [openram.characterizer.simulation/add_write_one_port]: 	Writing 0011111010000100111001010000  to  address 000000000 (from port 0) during cycle 75 (750ns - 760ns)
[2026-08-10 18:45:14.081868] [openram.characterizer.simulation/add_read_one_port]: 	Reading 1101011110110000111001100111 from address 111111110 (from port 1) during cycle 75 (750ns - 760ns)
[2026-08-10 18:45:14.082278] [openram.characterizer.simulation/add_read_one_port]: 	Reading 0011111010000100111001010000 from address 000000000 (from port 1) during cycle 76 (760ns - 770ns)
[2026-08-10 18:45:14.082639] [openram.characterizer.simulation/add_write_one_port]: 	Writing 1011000010111010010010011101  to  address 111111110 (from port 0) during cycle 77 (770ns - 780ns)
[2026-08-10 18:45:14.083046] [openram.characterizer.simulation/add_read_one_port]: 	Reading 1011000010111010010010011101 from address 111111110 (from port 1) during cycle 78 (780ns - 790ns)
[2026-08-10 18:45:14.083411] [openram.characterizer.simulation/add_write_one_port]: 	Writing 0111010011000011110101100110  to  address 111111110 (from port 0) during cycle 79 (790ns - 800ns)
[2026-08-10 18:45:14.083811] [openram.characterizer.simulation/add_read_one_port]: 	Reading 0011111010000100111001010000 from address 000000000 (from port 1) during cycle 79 (790ns - 800ns)
[2026-08-10 18:45:14.084210] [openram.characterizer.simulation/add_read_one_port]: 	Reading 0011111010000100111001010000 from address 000000000 (from port 1) during cycle 80 (800ns - 810ns)
[2026-08-10 18:45:14.084568] [openram.characterizer.simulation/add_write_one_port]: 	Writing 0110001001010011101111001001  to  address 000000000 (from port 0) during cycle 81 (810ns - 820ns)
[2026-08-10 18:45:14.084972] [openram.characterizer.simulation/add_read_one_port]: 	Reading 0110001001010011101111001001 from address 000000000 (from port 1) during cycle 82 (820ns - 830ns)
[2026-08-10 18:45:14.085378] [openram.characterizer.simulation/add_read_one_port]: 	Reading 0111010011000011110101100110 from address 111111110 (from port 1) during cycle 84 (840ns - 850ns)
[2026-08-10 18:45:14.085788] [openram.characterizer.simulation/add_read_one_port]: 	Reading 0111010011000011110101100110 from address 111111110 (from port 1) during cycle 85 (850ns - 860ns)
[2026-08-10 18:45:14.086167] [openram.characterizer.simulation/add_write_one_port]: 	Writing 0110100110010111011111011010  to  address 111111110 (from port 0) during cycle 87 (870ns - 880ns)
[2026-08-10 18:45:14.086574] [openram.characterizer.simulation/add_read_one_port]: 	Reading 0110001001010011101111001001 from address 000000000 (from port 1) during cycle 87 (870ns - 880ns)
[2026-08-10 18:45:14.086985] [openram.characterizer.simulation/add_read_one_port]: 	Reading 0110100110010111011111011010 from address 111111110 (from port 1) during cycle 88 (880ns - 890ns)
[2026-08-10 18:45:14.087394] [openram.characterizer.simulation/add_read_one_port]: 	Reading 0110001001010011101111001001 from address 000000000 (from port 1) during cycle 89 (890ns - 900ns)
[2026-08-10 18:45:14.087768] [openram.characterizer.simulation/add_write_one_port]: 	Writing 1010010110010100000001011111  to  address 111111110 (from port 0) during cycle 90 (900ns - 910ns)
[2026-08-10 18:45:14.088147] [openram.characterizer.simulation/add_write_one_port]: 	Writing 0011010100100010011000000011  to  address 111111110 (from port 0) during cycle 91 (910ns - 920ns)
[2026-08-10 18:45:14.088553] [openram.characterizer.simulation/add_read_one_port]: 	Reading 0110001001010011101111001001 from address 000000000 (from port 1) during cycle 91 (910ns - 920ns)
[2026-08-10 18:45:14.088969] [openram.characterizer.simulation/add_read_one_port]: 	Reading 0011010100100010011000000011 from address 111111110 (from port 1) during cycle 92 (920ns - 930ns)
[2026-08-10 18:45:14.089338] [openram.characterizer.simulation/add_write_one_port]: 	Writing 1011110001111101100010010110  to  address 000000000 (from port 0) during cycle 93 (930ns - 940ns)
[2026-08-10 18:45:14.089710] [openram.characterizer.simulation/add_write_one_port]: 	Writing 0001110011101001010111011111  to  address 000000000 (from port 0) during cycle 94 (940ns - 950ns)
[2026-08-10 18:45:14.090109] [openram.characterizer.simulation/add_read_one_port]: 	Reading 0011010100100010011000000011 from address 111111110 (from port 1) during cycle 94 (940ns - 950ns)
[2026-08-10 18:45:14.090507] [openram.characterizer.simulation/add_read_one_port]: 	Reading 0011010100100010011000000011 from address 111111110 (from port 1) during cycle 95 (950ns - 960ns)
[2026-08-10 18:45:14.090886] [openram.characterizer.simulation/add_write_one_port]: 	Writing 0101011111001100100011000110  to  address 111111110 (from port 0) during cycle 98 (980ns - 990ns)
[2026-08-10 18:45:14.091257] [openram.characterizer.simulation/add_write_one_port]: 	Writing 1001110011000110001110000000  to  address 000000000 (from port 0) during cycle 99 (990ns - 1000ns)
[2026-08-10 18:45:14.091623] [openram.characterizer.simulation/add_write_one_port]: 	Writing 0010011010101010000111100111  to  address 000000000 (from port 0) during cycle 100 (1000ns - 1010ns)
[2026-08-10 18:45:14.092004] [openram.characterizer.simulation/add_write_one_port]: 	Writing 1000011010100101001110010100  to  address 111111110 (from port 0) during cycle 103 (1030ns - 1040ns)
[2026-08-10 18:45:14.092400] [openram.characterizer.simulation/add_read_one_port]: 	Reading 0010011010101010000111100111 from address 000000000 (from port 1) during cycle 103 (1030ns - 1040ns)
[2026-08-10 18:45:14.092799] [openram.characterizer.simulation/add_read_one_port]: 	Reading 0010011010101010000111100111 from address 000000000 (from port 1) during cycle 104 (1040ns - 1050ns)
[2026-08-10 18:45:14.093163] [openram.characterizer.simulation/add_write_one_port]: 	Writing 0110100011001110010110111101  to  address 111111110 (from port 0) during cycle 105 (1050ns - 1060ns)
[2026-08-10 18:45:14.093538] [openram.characterizer.simulation/add_write_one_port]: 	Writing 1101100111100110111111100010  to  address 111111110 (from port 0) during cycle 107 (1070ns - 1080ns)
[2026-08-10 18:45:14.093910] [openram.characterizer.simulation/add_write_one_port]: 	Writing 0011100001100110001010010110  to  address 000000000 (from port 0) during cycle 108 (1080ns - 1090ns)
[2026-08-10 18:45:14.094316] [openram.characterizer.simulation/add_read_one_port]: 	Reading 1101100111100110111111100010 from address 111111110 (from port 1) during cycle 108 (1080ns - 1090ns)
[2026-08-10 18:45:14.094681] [openram.characterizer.simulation/add_write_one_port]: 	Writing 1010001100001110010011101011  to  address 111111110 (from port 0) during cycle 109 (1090ns - 1100ns)
[2026-08-10 18:45:14.095055] [openram.characterizer.simulation/add_write_one_port]: 	Writing 0001101010001110010010111100  to  address 000000000 (from port 0) during cycle 111 (1110ns - 1120ns)
[2026-08-10 18:45:14.095469] [openram.characterizer.simulation/add_read_one_port]: 	Reading 0001101010001110010010111100 from address 000000000 (from port 1) during cycle 113 (1130ns - 1140ns)
[2026-08-10 18:45:14.095871] [openram.characterizer.simulation/add_read_one_port]: 	Reading 0001101010001110010010111100 from address 000000000 (from port 1) during cycle 114 (1140ns - 1150ns)
[2026-08-10 18:45:14.096234] [openram.characterizer.simulation/add_write_one_port]: 	Writing 0111001111000111011011100011  to  address 111111110 (from port 0) during cycle 115 (1150ns - 1160ns)
[2026-08-10 18:45:14.096639] [openram.characterizer.simulation/add_read_one_port]: 	Reading 0001101010001110010010111100 from address 000000000 (from port 1) during cycle 116 (1160ns - 1170ns)
[2026-08-10 18:45:14.097001] [openram.characterizer.simulation/add_write_one_port]: 	Writing 0000111000101111110100111010  to  address 111111110 (from port 0) during cycle 117 (1170ns - 1180ns)
[2026-08-10 18:45:14.097366] [openram.characterizer.simulation/add_write_one_port]: 	Writing 1101000101101010001001101001  to  address 111111110 (from port 0) during cycle 118 (1180ns - 1190ns)
[2026-08-10 18:45:14.097745] [openram.characterizer.simulation/add_write_one_port]: 	Writing 1010101111001100110011001011  to  address 111111110 (from port 0) during cycle 119 (1190ns - 1200ns)
[2026-08-10 18:45:14.098148] [openram.characterizer.simulation/add_read_one_port]: 	Reading 0001101010001110010010111100 from address 000000000 (from port 1) during cycle 119 (1190ns - 1200ns)
[2026-08-10 18:45:14.098521] [openram.characterizer.simulation/add_write_one_port]: 	Writing 0011101001100101001111011111  to  address 000000000 (from port 0) during cycle 121 (1210ns - 1220ns)
[2026-08-10 18:45:14.098920] [openram.characterizer.simulation/add_read_one_port]: 	Reading 1010101111001100110011001011 from address 111111110 (from port 1) during cycle 121 (1210ns - 1220ns)
[2026-08-10 18:45:14.099342] [openram.characterizer.simulation/add_read_one_port]: 	Reading 0011101001100101001111011111 from address 000000000 (from port 1) during cycle 125 (1250ns - 1260ns)
[2026-08-10 18:45:14.099741] [openram.characterizer.simulation/add_read_one_port]: 	Reading 0011101001100101001111011111 from address 000000000 (from port 1) during cycle 126 (1260ns - 1270ns)
[2026-08-10 18:45:14.100138] [openram.characterizer.simulation/add_read_one_port]: 	Reading 1010101111001100110011001011 from address 111111110 (from port 1) during cycle 127 (1270ns - 1280ns)
[2026-08-10 18:45:14.100498] [openram.characterizer.simulation/add_write_one_port]: 	Writing 0101011100100111000010111001  to  address 111111110 (from port 0) during cycle 128 (1280ns - 1290ns)
[2026-08-10 18:45:14.100912] [openram.characterizer.simulation/add_read_one_port]: 	Reading 0101011100100111000010111001 from address 111111110 (from port 1) during cycle 129 (1290ns - 1300ns)
[2026-08-10 18:45:14.101271] [openram.characterizer.simulation/add_write_one_port]: 	Writing 1100011111010001101011011111  to  address 000000000 (from port 0) during cycle 130 (1300ns - 1310ns)
[2026-08-10 18:45:14.101641] [openram.characterizer.simulation/add_write_one_port]: 	Writing 1010101100101110110010110011  to  address 111111110 (from port 0) during cycle 131 (1310ns - 1320ns)
[2026-08-10 18:45:14.102039] [openram.characterizer.simulation/add_read_one_port]: 	Reading 1100011111010001101011011111 from address 000000000 (from port 1) during cycle 131 (1310ns - 1320ns)
[2026-08-10 18:45:14.102399] [openram.characterizer.simulation/add_write_one_port]: 	Writing 1100100100101111010011110010  to  address 000000000 (from port 0) during cycle 132 (1320ns - 1330ns)
[2026-08-10 18:45:14.102800] [openram.characterizer.simulation/add_read_one_port]: 	Reading 1010101100101110110010110011 from address 111111110 (from port 1) during cycle 132 (1320ns - 1330ns)
[2026-08-10 18:45:14.103160] [openram.characterizer.simulation/add_write_one_port]: 	Writing 0001010010100010101100101001  to  address 111111110 (from port 0) during cycle 133 (1330ns - 1340ns)
[2026-08-10 18:45:14.103528] [openram.characterizer.simulation/add_write_one_port]: 	Writing 1111110001110110010111100011  to  address 000000000 (from port 0) during cycle 134 (1340ns - 1350ns)
[2026-08-10 18:45:14.103932] [openram.characterizer.simulation/add_read_one_port]: 	Reading 1111110001110110010111100011 from address 000000000 (from port 1) during cycle 135 (1350ns - 1360ns)
[2026-08-10 18:45:14.104287] [openram.characterizer.simulation/add_write_one_port]: 	Writing 0101010110000100100111110000  to  address 111111110 (from port 0) during cycle 136 (1360ns - 1370ns)
[2026-08-10 18:45:14.104642] [openram.characterizer.simulation/add_write_one_port]: 	Writing 1110111110000001100001001000  to  address 111111110 (from port 0) during cycle 137 (1370ns - 1380ns)
[2026-08-10 18:45:14.104996] [openram.characterizer.simulation/add_write_one_port]: 	Writing 1100101110110010111111001101  to  address 111111110 (from port 0) during cycle 138 (1380ns - 1390ns)
[2026-08-10 18:45:14.105351] [openram.characterizer.simulation/add_write_one_port]: 	Writing 0100001011011010000110100111  to  address 111111110 (from port 0) during cycle 139 (1390ns - 1400ns)
[2026-08-10 18:45:14.105716] [openram.characterizer.simulation/add_write_one_port]: 	Writing 1011110011110100111001010110  to  address 111111110 (from port 0) during cycle 140 (1400ns - 1410ns)
[2026-08-10 18:45:14.106123] [openram.characterizer.simulation/add_read_one_port]: 	Reading 1011110011110100111001010110 from address 111111110 (from port 1) during cycle 141 (1410ns - 1420ns)
[2026-08-10 18:45:14.106493] [openram.characterizer.simulation/add_write_one_port]: 	Writing 0111000001011000001101110001  to  address 111111110 (from port 0) during cycle 143 (1430ns - 1440ns)
[2026-08-10 18:45:14.106890] [openram.characterizer.simulation/add_read_one_port]: 	Reading 1111110001110110010111100011 from address 000000000 (from port 1) during cycle 143 (1430ns - 1440ns)
[2026-08-10 18:45:14.107249] [openram.characterizer.simulation/add_write_one_port]: 	Writing 1110000011001111011111111011  to  address 111111110 (from port 0) during cycle 144 (1440ns - 1450ns)
[2026-08-10 18:45:14.107622] [openram.characterizer.simulation/add_write_one_port]: 	Writing 1010110000100000101101101111  to  address 111111110 (from port 0) during cycle 146 (1460ns - 1470ns)
[2026-08-10 18:45:14.107991] [openram.characterizer.simulation/add_write_one_port]: 	Writing 1010000101101100011101001000  to  address 111111110 (from port 0) during cycle 147 (1470ns - 1480ns)
[2026-08-10 18:45:14.108360] [openram.characterizer.simulation/add_write_one_port]: 	Writing 1100101001100111111010011011  to  address 000000000 (from port 0) during cycle 148 (1480ns - 1490ns)
[2026-08-10 18:45:14.108737] [openram.characterizer.simulation/add_write_one_port]: 	Writing 0001101110100001011100110101  to  address 000000000 (from port 0) during cycle 149 (1490ns - 1500ns)
[2026-08-10 18:45:14.109142] [openram.characterizer.simulation/add_read_one_port]: 	Reading 0001101110100001011100110101 from address 000000000 (from port 1) during cycle 150 (1500ns - 1510ns)
[2026-08-10 18:45:14.109500] [openram.characterizer.simulation/add_write_one_port]: 	Writing 0011000111000111100111011000  to  address 000000000 (from port 0) during cycle 151 (1510ns - 1520ns)
[2026-08-10 18:45:14.109872] [openram.characterizer.simulation/add_write_one_port]: 	Writing 0110100010111110101111110000  to  address 000000000 (from port 0) during cycle 152 (1520ns - 1530ns)
[2026-08-10 18:45:14.110245] [openram.characterizer.simulation/add_write_one_port]: 	Writing 0000010001110001110011110010  to  address 111111110 (from port 0) during cycle 154 (1540ns - 1550ns)
[2026-08-10 18:45:14.110618] [openram.characterizer.simulation/add_write_one_port]: 	Writing 1101110111001101101001100010  to  address 111111110 (from port 0) during cycle 156 (1560ns - 1570ns)
[2026-08-10 18:45:14.111024] [openram.characterizer.simulation/add_read_one_port]: 	Reading 1101110111001101101001100010 from address 111111110 (from port 1) during cycle 157 (1570ns - 1580ns)
[2026-08-10 18:45:14.111434] [openram.characterizer.simulation/add_read_one_port]: 	Reading 1101110111001101101001100010 from address 111111110 (from port 1) during cycle 160 (1600ns - 1610ns)
[2026-08-10 18:45:14.111803] [openram.characterizer.simulation/add_write_one_port]: 	Writing 0000011011010100110100011000  to  address 000000000 (from port 0) during cycle 162 (1620ns - 1630ns)
[2026-08-10 18:45:14.112174] [openram.characterizer.simulation/add_write_one_port]: 	Writing 0100001101100000000110101111  to  address 000000000 (from port 0) during cycle 163 (1630ns - 1640ns)
[2026-08-10 18:45:14.112580] [openram.characterizer.simulation/add_read_one_port]: 	Reading 1101110111001101101001100010 from address 111111110 (from port 1) during cycle 164 (1640ns - 1650ns)
[2026-08-10 18:45:14.112981] [openram.characterizer.simulation/add_read_one_port]: 	Reading 1101110111001101101001100010 from address 111111110 (from port 1) during cycle 165 (1650ns - 1660ns)
[2026-08-10 18:45:14.113345] [openram.characterizer.simulation/add_write_one_port]: 	Writing 0100100110100100001000110100  to  address 000000000 (from port 0) during cycle 166 (1660ns - 1670ns)
[2026-08-10 18:45:14.113773] [openram.characterizer.simulation/add_read_one_port]: 	Reading 0100100110100100001000110100 from address 000000000 (from port 1) during cycle 168 (1680ns - 1690ns)
[2026-08-10 18:45:14.114134] [openram.characterizer.simulation/add_write_one_port]: 	Writing 0001000100110111110000100111  to  address 000000000 (from port 0) during cycle 169 (1690ns - 1700ns)
[2026-08-10 18:45:14.114539] [openram.characterizer.simulation/add_read_one_port]: 	Reading 0001000100110111110000100111 from address 000000000 (from port 1) during cycle 170 (1700ns - 1710ns)
[2026-08-10 18:45:14.114910] [openram.characterizer.simulation/add_write_one_port]: 	Writing 1111001010000110000011110000  to  address 000000000 (from port 0) during cycle 172 (1720ns - 1730ns)
[2026-08-10 18:45:14.115329] [openram.characterizer.simulation/add_read_one_port]: 	Reading 1101110111001101101001100010 from address 111111110 (from port 1) during cycle 173 (1730ns - 1740ns)
[2026-08-10 18:45:14.115700] [openram.characterizer.simulation/add_write_one_port]: 	Writing 1101011100001011111011011101  to  address 111111110 (from port 0) during cycle 175 (1750ns - 1760ns)
[2026-08-10 18:45:14.116105] [openram.characterizer.simulation/add_read_one_port]: 	Reading 1101011100001011111011011101 from address 111111110 (from port 1) during cycle 176 (1760ns - 1770ns)
[2026-08-10 18:45:14.116505] [openram.characterizer.simulation/add_read_one_port]: 	Reading 1101011100001011111011011101 from address 111111110 (from port 1) during cycle 177 (1770ns - 1780ns)
[2026-08-10 18:45:14.116865] [openram.characterizer.simulation/add_write_one_port]: 	Writing 0100000011010111001001011100  to  address 000000000 (from port 0) during cycle 178 (1780ns - 1790ns)
[2026-08-10 18:45:14.117225] [openram.characterizer.simulation/add_write_one_port]: 	Writing 1000000100110010101011111101  to  address 000000000 (from port 0) during cycle 179 (1790ns - 1800ns)
[2026-08-10 18:45:14.117609] [openram.characterizer.simulation/add_read_one_port]: 	Reading 1101011100001011111011011101 from address 111111110 (from port 1) during cycle 179 (1790ns - 1800ns)
[2026-08-10 18:45:14.117981] [openram.characterizer.simulation/add_write_one_port]: 	Writing 0000110100001101001111011101  to  address 111111110 (from port 0) during cycle 182 (1820ns - 1830ns)
[2026-08-10 18:45:14.118380] [openram.characterizer.simulation/add_read_one_port]: 	Reading 1000000100110010101011111101 from address 000000000 (from port 1) during cycle 183 (1830ns - 1840ns)
[2026-08-10 18:45:14.118747] [openram.characterizer.simulation/add_write_one_port]: 	Writing 0101101100110100010110001001  to  address 000000000 (from port 0) during cycle 186 (1860ns - 1870ns)
[2026-08-10 18:45:14.119103] [openram.characterizer.simulation/add_write_one_port]: 	Writing 1010001110101011010000111000  to  address 000000000 (from port 0) during cycle 187 (1870ns - 1880ns)
[2026-08-10 18:45:14.119459] [openram.characterizer.simulation/add_write_one_port]: 	Writing 1010001110001101110000110010  to  address 000000000 (from port 0) during cycle 188 (1880ns - 1890ns)
[2026-08-10 18:45:14.119815] [openram.characterizer.simulation/add_write_one_port]: 	Writing 1111000100101000001000100011  to  address 111111110 (from port 0) during cycle 189 (1890ns - 1900ns)
[2026-08-10 18:45:14.120205] [openram.characterizer.simulation/add_read_one_port]: 	Reading 1010001110001101110000110010 from address 000000000 (from port 1) during cycle 189 (1890ns - 1900ns)
[2026-08-10 18:45:14.120554] [openram.characterizer.simulation/add_write_one_port]: 	Writing 0011011010011100000001110000  to  address 000000000 (from port 0) during cycle 190 (1900ns - 1910ns)
[2026-08-10 18:45:14.120940] [openram.characterizer.simulation/add_read_one_port]: 	Reading 1111000100101000001000100011 from address 111111110 (from port 1) during cycle 190 (1900ns - 1910ns)
[2026-08-10 18:45:14.121336] [openram.characterizer.simulation/add_read_one_port]: 	Reading 0011011010011100000001110000 from address 000000000 (from port 1) during cycle 192 (1920ns - 1930ns)
[2026-08-10 18:45:14.121693] [openram.characterizer.simulation/add_write_one_port]: 	Writing 0001011000101000000000001110  to  address 000000000 (from port 0) during cycle 193 (1930ns - 1940ns)
[2026-08-10 18:45:14.122052] [openram.characterizer.simulation/add_write_one_port]: 	Writing 0000000101111011111000100101  to  address 111111110 (from port 0) during cycle 194 (1940ns - 1950ns)
[2026-08-10 18:45:14.122410] [openram.characterizer.simulation/add_write_one_port]: 	Writing 0110000100110100100101000101  to  address 111111110 (from port 0) during cycle 195 (1950ns - 1960ns)
[2026-08-10 18:45:14.122800] [openram.characterizer.simulation/add_read_one_port]: 	Reading 0001011000101000000000001110 from address 000000000 (from port 1) during cycle 196 (1960ns - 1970ns)
[2026-08-10 18:45:14.123159] [openram.characterizer.simulation/add_write_one_port]: 	Writing 0000000100110001011000010000  to  address 111111110 (from port 0) during cycle 198 (1980ns - 1990ns)
[2026-08-10 18:45:14.123570] [openram.characterizer.simulation/add_read_one_port]: 	Reading 0001011000101000000000001110 from address 000000000 (from port 1) during cycle 200 (2000ns - 2010ns)
[2026-08-10 18:45:14.123958] [openram.characterizer.simulation/add_read_one_port]: 	Reading 0001011000101000000000001110 from address 000000000 (from port 1) during cycle 201 (2010ns - 2020ns)
[2026-08-10 18:45:14.124308] [openram.characterizer.simulation/add_write_one_port]: 	Writing 0111011101100100101110000110  to  address 000000000 (from port 0) during cycle 202 (2020ns - 2030ns)
[2026-08-10 18:45:14.124692] [openram.characterizer.simulation/add_read_one_port]: 	Reading 0000000100110001011000010000 from address 111111110 (from port 1) during cycle 202 (2020ns - 2030ns)
[2026-08-10 18:45:14.125044] [openram.characterizer.simulation/add_write_one_port]: 	Writing 0001110111001000101010111011  to  address 111111110 (from port 0) during cycle 203 (2030ns - 2040ns)
[2026-08-10 18:45:14.125430] [openram.characterizer.simulation/add_read_one_port]: 	Reading 0111011101100100101110000110 from address 000000000 (from port 1) during cycle 203 (2030ns - 2040ns)
[2026-08-10 18:45:14.125839] [openram.characterizer.simulation/add_noop_all_ports]: 	Idle during cycle 205 (2050ns - 2060ns)
[2026-08-10 18:45:14.165250] ** Spice writing: 0.4 seconds
[2026-08-10 18:45:14.165339] DELAY: Writing stimulus...
[2026-08-10 18:45:14.568444] [openram.base.timing_graph/get_all_paths]: Paths found=4
[2026-08-10 18:45:15.765335] [openram.characterizer.delay/create_sen_and_bitline_path_measures]: self.bl_name = xsky130_sram_28x512.xbank0.bl_1_27
[2026-08-10 18:45:15.766329] [openram.characterizer.delay/create_sen_and_bitline_path_measures]: self.graph.all_paths = [['clk1', 'xsky130_sram_28x512.xcontrol1.xclkbuf.zb1_int', 'xsky130_sram_28x512.xcontrol1.xclkbuf.zb2_int', 'xsky130_sram_28x512.xcontrol1.xclkbuf.zb3_int', 'xsky130_sram_28x512.xcontrol1.xclkbuf.zb4_int', 'xsky130_sram_28x512.xcontrol1.xclkbuf.zb5_int', 'xsky130_sram_28x512.clk_buf1', 'xsky130_sram_28x512.xcontrol1.clk_bar', 'xsky130_sram_28x512.xcontrol1.xand2_gated_clk_bar.zb_int', 'xsky130_sram_28x512.xcontrol1.gated_clk_bar', 'xsky130_sram_28x512.xcontrol1.xbuf_wl_en.zb1_int', 'xsky130_sram_28x512.wl_en1', 'xsky130_sram_28x512.xbank0.xport_address1.xrbl_driver.zb_int', 'xsky130_sram_28x512.xbank0.rbl_wl1', 'xsky130_sram_28x512.rbl_bl1', 'xsky130_sram_28x512.xcontrol1.xdelay_chain.dout_1', 'xsky130_sram_28x512.xcontrol1.xdelay_chain.dout_2', 'xsky130_sram_28x512.xcontrol1.xdelay_chain.dout_3', 'xsky130_sram_28x512.xcontrol1.xdelay_chain.dout_4', 'xsky130_sram_28x512.xcontrol1.xdelay_chain.dout_5', 'xsky130_sram_28x512.xcontrol1.xdelay_chain.dout_6', 'xsky130_sram_28x512.xcontrol1.xdelay_chain.dout_7', 'xsky130_sram_28x512.xcontrol1.xdelay_chain.dout_8', 'xsky130_sram_28x512.xcontrol1.rbl_bl_delay', 'xsky130_sram_28x512.xcontrol1.xbuf_s_en_and.zb_int', 'xsky130_sram_28x512.s_en1', 'dout1_27'], ['clk1', 'xsky130_sram_28x512.xcontrol1.xclkbuf.zb1_int', 'xsky130_sram_28x512.xcontrol1.xclkbuf.zb2_int', 'xsky130_sram_28x512.xcontrol1.xclkbuf.zb3_int', 'xsky130_sram_28x512.xcontrol1.xclkbuf.zb4_int', 'xsky130_sram_28x512.xcontrol1.xclkbuf.zb5_int', 'xsky130_sram_28x512.clk_buf1', 'xsky130_sram_28x512.xcontrol1.clk_bar', 'xsky130_sram_28x512.xcontrol1.xand2_gated_clk_bar.zb_int', 'xsky130_sram_28x512.xcontrol1.gated_clk_bar', 'xsky130_sram_28x512.xcontrol1.xbuf_wl_en.zb1_int', 'xsky130_sram_28x512.wl_en1', 'xsky130_sram_28x512.xbank0.xport_address1.xwordline_driver.xwl_driver_and511.zb_int', 'xsky130_sram_28x512.xbank0.wl_1_511', 'xsky130_sram_28x512.xbank0.bl_1_27', 'dout1_27'], ['clk1', 'xsky130_sram_28x512.xcontrol1.xclkbuf.zb1_int', 'xsky130_sram_28x512.xcontrol1.xclkbuf.zb2_int', 'xsky130_sram_28x512.xcontrol1.xclkbuf.zb3_int', 'xsky130_sram_28x512.xcontrol1.xclkbuf.zb4_int', 'xsky130_sram_28x512.xcontrol1.xclkbuf.zb5_int', 'xsky130_sram_28x512.clk_buf1', 'xsky130_sram_28x512.xcontrol1.clk_bar', 'xsky130_sram_28x512.xcontrol1.xand2_gated_clk_bar.zb_int', 'xsky130_sram_28x512.xcontrol1.gated_clk_bar', 'xsky130_sram_28x512.xcontrol1.xbuf_wl_en.zb1_int', 'xsky130_sram_28x512.wl_en1', 'xsky130_sram_28x512.xbank0.xport_address1.xwordline_driver.xwl_driver_and511.zb_int', 'xsky130_sram_28x512.xbank0.wl_1_511', 'xsky130_sram_28x512.xbank0.br_1_27', 'dout1_27']]
[2026-08-10 18:45:15.766901] [openram.characterizer.simulation/add_noop_all_ports]: Idle cycle (no positive clock edge)
[2026-08-10 18:45:15.767221] [openram.characterizer.simulation/add_write]: W data 1 address 000000000
[2026-08-10 18:45:15.767515] [openram.characterizer.simulation/add_write]: W data 0 address 111111111 to write value
[2026-08-10 18:45:15.767807] [openram.characterizer.simulation/add_noop_clock_one_port]: Clock only on port 0
[2026-08-10 18:45:15.768113] [openram.characterizer.simulation/add_read]: R data 1 address 000000000 to set dout caps
[2026-08-10 18:45:15.768420] [openram.characterizer.simulation/add_read]: R data 0 address 111111111 to check W0 worked
[2026-08-10 18:45:15.768724] [openram.characterizer.simulation/add_noop_clock_one_port]: Clock only on port 1
[2026-08-10 18:45:15.769030] [openram.characterizer.simulation/add_noop_all_ports]: Idle cycle (if read takes >1 cycle)
[2026-08-10 18:45:15.769345] [openram.characterizer.simulation/add_write]: W data 1 address 111111111 to write value
[2026-08-10 18:45:15.769679] [openram.characterizer.simulation/add_noop_clock_one_port]: Clock only on port 0
[2026-08-10 18:45:15.770014] [openram.characterizer.simulation/add_write]: W data 0 address 000000000 to clear din caps
[2026-08-10 18:45:15.770337] [openram.characterizer.simulation/add_noop_clock_one_port]: Clock only on port 1
[2026-08-10 18:45:15.770675] [openram.characterizer.simulation/add_read]: R data 0 address 000000000 to clear dout caps
[2026-08-10 18:45:15.771015] [openram.characterizer.simulation/add_read]: R data 1 address 111111111 to check W1 worked
[2026-08-10 18:45:15.771359] [openram.characterizer.simulation/add_noop_all_ports]: Idle cycle (if read takes >1 cycle))
[2026-08-10 18:45:15.773834] ** DELAY: 1.6 seconds
[2026-08-10 18:45:16.010216] GDS: Writing to /scratch/prashanth/openram/OpenRAM/./output_sram/sram_28x512_1r1w_l0_typical_analytical_physical/sky130_sram_28x512.gds
[2026-08-10 18:45:17.404208] ** GDS: 1.4 seconds
[2026-08-10 18:45:17.404312] LEF: Writing to /scratch/prashanth/openram/OpenRAM/./output_sram/sram_28x512_1r1w_l0_typical_analytical_physical/sky130_sram_28x512.lef
[2026-08-10 18:45:17.417731] ** LEF: 0.0 seconds
[2026-08-10 18:45:17.417797] LVS: Writing to /scratch/prashanth/openram/OpenRAM/./output_sram/sram_28x512_1r1w_l0_typical_analytical_physical/sky130_sram_28x512.lvs.sp
[2026-08-10 18:45:17.660167] ** LVS writing: 0.2 seconds
[2026-08-10 18:45:17.660263] LIB: Characterizing... 
[2026-08-10 18:45:17.662692] [openram.characterizer.lib/prepare_tables]: Slews: [0.00125 0.005   0.04   ]
[2026-08-10 18:45:17.663175] [openram.characterizer.lib/prepare_tables]: Loads: [ 1.7225  6.89   27.56  ]
[2026-08-10 18:45:17.663569] [openram.characterizer.lib/prepare_tables]: self.load_slews : [(np.float64(1.7225), np.float64(0.00125)), (np.float64(6.89), np.float64(0.00125)), (np.float64(27.56), np.float64(0.00125)), (np.float64(1.7225), np.float64(0.005)), (np.float64(6.89), np.float64(0.005)), (np.float64(27.56), np.float64(0.005)), (np.float64(1.7225), np.float64(0.04)), (np.float64(6.89), np.float64(0.04)), (np.float64(27.56), np.float64(0.04))]
[2026-08-10 18:45:17.663913] [openram.characterizer.lib/characterize_corners]: Characterizing corners: [('TT', 1.8, 25)]
[2026-08-10 18:45:17.664201] [openram.characterizer.lib/characterize_corners]: Corner: ('TT', 1.8, 25)
[2026-08-10 18:45:17.664523] [openram.characterizer.lib/characterize_corners]: Writing to /scratch/prashanth/openram/OpenRAM/./output_sram/sram_28x512_1r1w_l0_typical_analytical_physical/sky130_sram_28x512_TT_1p8V_25C.lib
[2026-08-10 18:45:17.665236] WARNING: file elmore.py: line 45: In analytical mode, all ports have the timing of the first read port.

[2026-08-10 18:45:17.823698] [openram.base.timing_graph/get_all_paths]: Paths found=4
[2026-08-10 18:45:21.224689] [openram.base.timing_graph/get_all_paths]: Paths found=4
[2026-08-10 18:45:21.801341] [openram.characterizer.elmore/analytical_power]: Dynamic Power: 86741955239.55496 mW
[2026-08-10 18:45:21.801829] [openram.characterizer.elmore/analytical_power]: Leakage Power: 0.018733 mW
[2026-08-10 18:45:21.802219] [openram.characterizer.elmore/get_lib_values]: Slew, Load, Delay(ns), Slew(ns)
[2026-08-10 18:45:21.803189] [openram.characterizer.elmore/get_lib_values]: 0.00125, 1.7225, 0.25114600316962454, 0.00167765625
[2026-08-10 18:45:21.803936] [openram.characterizer.elmore/get_lib_values]: 0.00125, 6.89, 0.2802131906696245, 0.004584374999999999
[2026-08-10 18:45:21.804623] [openram.characterizer.elmore/get_lib_values]: 0.00125, 27.56, 0.39648194066962444, 0.016211249999999996
[2026-08-10 18:45:21.805303] [openram.characterizer.elmore/get_lib_values]: 0.005, 1.7225, 0.25114600316962454, 0.00167765625
[2026-08-10 18:45:21.805977] [openram.characterizer.elmore/get_lib_values]: 0.005, 6.89, 0.2802131906696245, 0.004584374999999999
[2026-08-10 18:45:21.806643] [openram.characterizer.elmore/get_lib_values]: 0.005, 27.56, 0.39648194066962444, 0.016211249999999996
[2026-08-10 18:45:21.807298] [openram.characterizer.elmore/get_lib_values]: 0.04, 1.7225, 0.25114600316962454, 0.00167765625
[2026-08-10 18:45:21.807949] [openram.characterizer.elmore/get_lib_values]: 0.04, 6.89, 0.2802131906696245, 0.004584374999999999
[2026-08-10 18:45:21.808600] [openram.characterizer.elmore/get_lib_values]: 0.04, 27.56, 0.39648194066962444, 0.016211249999999996
[2026-08-10 18:45:21.809032] [openram.characterizer.elmore/get_lib_values]: SRAM Data:
{'min_period': np.float64(1.4669831804776106), 'leakage_power': 0.018733}
[2026-08-10 18:45:21.809650] [openram.characterizer.elmore/get_lib_values]: Port Data:
[{'delay_lh': [], 'delay_hl': [], 'slew_lh': [], 'slew_hl': [], 'read0_power': [np.float64(86741955239.55496), np.float64(86741955239.55496), np.float64(86741955239.55496), np.float64(86741955239.55496), np.float64(86741955239.55496), np.float64(86741955239.55496), np.float64(86741955239.55496), np.float64(86741955239.55496), np.float64(86741955239.55496)], 'read1_power': [np.float64(86741955239.55496), np.float64(86741955239.55496), np.float64(86741955239.55496), np.float64(86741955239.55496), np.float64(86741955239.55496), np.float64(86741955239.55496), np.float64(86741955239.55496), np.float64(86741955239.55496), np.float64(86741955239.55496)], 'write0_power': [np.float64(86741955239.55496), np.float64(86741955239.55496), np.float64(86741955239.55496), np.float64(86741955239.55496), np.float64(86741955239.55496), np.float64(86741955239.55496), np.float64(86741955239.55496), np.float64(86741955239.55496), np.float64(86741955239.55496)], 'write1_power': [np.float64(86741955239.55496), np.float64(86741955239.55496), np.float64(86741955239.55496), np.float64(86741955239.55496), np.float64(86741955239.55496), np.float64(86741955239.55496), np.float64(86741955239.55496), np.float64(86741955239.55496), np.float64(86741955239.55496)], 'disabled_read0_power': [np.float64(86741955239.55496), np.float64(86741955239.55496), np.float64(86741955239.55496), np.float64(86741955239.55496), np.float64(86741955239.55496), np.float64(86741955239.55496), np.float64(86741955239.55496), np.float64(86741955239.55496), np.float64(86741955239.55496)], 'disabled_read1_power': [np.float64(86741955239.55496), np.float64(86741955239.55496), np.float64(86741955239.55496), np.float64(86741955239.55496), np.float64(86741955239.55496), np.float64(86741955239.55496), np.float64(86741955239.55496), np.float64(86741955239.55496), np.float64(86741955239.55496)], 'disabled_write0_power': [np.float64(86741955239.55496), np.float64(86741955239.55496), np.float64(86741955239.55496), np.float64(86741955239.55496), np.float64(86741955239.55496), np.float64(86741955239.55496), np.float64(86741955239.55496), np.float64(86741955239.55496), np.float64(86741955239.55496)], 'disabled_write1_power': [np.float64(86741955239.55496), np.float64(86741955239.55496), np.float64(86741955239.55496), np.float64(86741955239.55496), np.float64(86741955239.55496), np.float64(86741955239.55496), np.float64(86741955239.55496), np.float64(86741955239.55496), np.float64(86741955239.55496)]}, {'delay_lh': [np.float64(0.25114600316962454), np.float64(0.2802131906696245), np.float64(0.39648194066962444), np.float64(0.25114600316962454), np.float64(0.2802131906696245), np.float64(0.39648194066962444), np.float64(0.25114600316962454), np.float64(0.2802131906696245), np.float64(0.39648194066962444)], 'delay_hl': [np.float64(0.25114600316962454), np.float64(0.2802131906696245), np.float64(0.39648194066962444), np.float64(0.25114600316962454), np.float64(0.2802131906696245), np.float64(0.39648194066962444), np.float64(0.25114600316962454), np.float64(0.2802131906696245), np.float64(0.39648194066962444)], 'slew_lh': [np.float64(0.00167765625), np.float64(0.004584374999999999), np.float64(0.016211249999999996), np.float64(0.00167765625), np.float64(0.004584374999999999), np.float64(0.016211249999999996), np.float64(0.00167765625), np.float64(0.004584374999999999), np.float64(0.016211249999999996)], 'slew_hl': [np.float64(0.00167765625), np.float64(0.004584374999999999), np.float64(0.016211249999999996), np.float64(0.00167765625), np.float64(0.004584374999999999), np.float64(0.016211249999999996), np.float64(0.00167765625), np.float64(0.004584374999999999), np.float64(0.016211249999999996)], 'read0_power': [np.float64(86741955239.55496), np.float64(86741955239.55496), np.float64(86741955239.55496), np.float64(86741955239.55496), np.float64(86741955239.55496), np.float64(86741955239.55496), np.float64(86741955239.55496), np.float64(86741955239.55496), np.float64(86741955239.55496)], 'read1_power': [np.float64(86741955239.55496), np.float64(86741955239.55496), np.float64(86741955239.55496), np.float64(86741955239.55496), np.float64(86741955239.55496), np.float64(86741955239.55496), np.float64(86741955239.55496), np.float64(86741955239.55496), np.float64(86741955239.55496)], 'write0_power': [np.float64(86741955239.55496), np.float64(86741955239.55496), np.float64(86741955239.55496), np.float64(86741955239.55496), np.float64(86741955239.55496), np.float64(86741955239.55496), np.float64(86741955239.55496), np.float64(86741955239.55496), np.float64(86741955239.55496)], 'write1_power': [np.float64(86741955239.55496), np.float64(86741955239.55496), np.float64(86741955239.55496), np.float64(86741955239.55496), np.float64(86741955239.55496), np.float64(86741955239.55496), np.float64(86741955239.55496), np.float64(86741955239.55496), np.float64(86741955239.55496)], 'disabled_read0_power': [np.float64(86741955239.55496), np.float64(86741955239.55496), np.float64(86741955239.55496), np.float64(86741955239.55496), np.float64(86741955239.55496), np.float64(86741955239.55496), np.float64(86741955239.55496), np.float64(86741955239.55496), np.float64(86741955239.55496)], 'disabled_read1_power': [np.float64(86741955239.55496), np.float64(86741955239.55496), np.float64(86741955239.55496), np.float64(86741955239.55496), np.float64(86741955239.55496), np.float64(86741955239.55496), np.float64(86741955239.55496), np.float64(86741955239.55496), np.float64(86741955239.55496)], 'disabled_write0_power': [np.float64(86741955239.55496), np.float64(86741955239.55496), np.float64(86741955239.55496), np.float64(86741955239.55496), np.float64(86741955239.55496), np.float64(86741955239.55496), np.float64(86741955239.55496), np.float64(86741955239.55496), np.float64(86741955239.55496)], 'disabled_write1_power': [np.float64(86741955239.55496), np.float64(86741955239.55496), np.float64(86741955239.55496), np.float64(86741955239.55496), np.float64(86741955239.55496), np.float64(86741955239.55496), np.float64(86741955239.55496), np.float64(86741955239.55496), np.float64(86741955239.55496)]}]
[2026-08-10 18:45:21.811266] [openram.characterizer.setup_hold/__init__]: Feasible period from technology file: 10 
[2026-08-10 18:45:21.827261] ** Characterization: 4.2 seconds
[2026-08-10 18:45:21.827420] Config: Writing to /scratch/prashanth/openram/OpenRAM/./output_sram/sram_28x512_1r1w_l0_typical_analytical_physical/sky130_sram_28x512.py
[2026-08-10 18:45:21.827468] ** Config: 0.0 seconds
[2026-08-10 18:45:21.834122] Datasheet: Writing to /scratch/prashanth/openram/OpenRAM/./output_sram/sram_28x512_1r1w_l0_typical_analytical_physical/sky130_sram_28x512.html
[2026-08-10 18:45:21.835565] ** Datasheet: 0.0 seconds
[2026-08-10 18:45:21.835626] Verilog: Writing to /scratch/prashanth/openram/OpenRAM/./output_sram/sram_28x512_1r1w_l0_typical_analytical_physical/sky130_sram_28x512.v
[2026-08-10 18:45:21.835771] ** Verilog: 0.0 seconds
[2026-08-10 18:45:21.837534] [openram.globals/purge_temp]: Purging temp directory: /scratch/prashanth/openram/OpenRAM/runs/analytical_physical_remaining_20260810_154047/sram_28x512_analytical_physical/temp/
[2026-08-10 18:45:21.838594] ** End: 11072.9 seconds
